id_formula,marca,marca_catalogo,nombre,gama,formato,acabado,efectos,aptitud_vegana,es_vegana,clasificacion_etica,es_libre_crueldad,arquetipo,nombre_arquetipo,n_ingredientes_base,formato_baja_confianza,url_representante,clave_linea,es_representante_linea
F0001,Benefit,benefit,Gogo Tint,alta,tinte,no_declarado,sin efecto declarado,origen incierto,False,no libre de crueldad animal,False,6,Perfil dominado por carga de solventes y carga humectante,14,False,https://inkeedecoder.com/products/benefit-cosmetics-gogo-tint,benefit::gogo-tint,True
F0002,Benefit,benefit,Benefit Love Tint,alta,tinte,no_declarado,sin efecto declarado,origen incierto,False,no libre de crueldad animal,False,6,Perfil dominado por carga de solventes y carga humectante,14,False,https://inkeedecoder.com/products/benefit-cosmetics-benefit-love-tint,benefit::love-tint,True
F0003,Benefit,benefit,Posietint Cheek & Lip Stain,alta,tinte,no_declarado,sin efecto declarado,origen incierto,False,no libre de crueldad animal,False,6,Perfil dominado por carga de solventes y carga humectante,11,False,https://inkeedecoder.com/products/benefit-posietint-cheek-lip-stain,benefit::posietint-cheek-lip-stain,True
F0004,Benefit,benefit,Benetint Liquid Lip & Cheek Stain,alta,tinte,no_declarado,sin efecto declarado,depende del tono,False,no libre de crueldad animal,False,6,Perfil dominado por carga de solventes y carga humectante,17,False,https://inkeedecoder.com/products/benefit-benetint-liquid-lip-cheek-stain,benefit::benetint-liquid-lip-cheek-stain,True
F0005,Benefit,benefit,Floratint Cheek And Lip Stain,alta,tinte,no_declarado,sin efecto declarado,origen incierto,False,no libre de crueldad animal,False,6,Perfil dominado por carga de solventes y carga humectante,14,False,https://inkeedecoder.com/products/benefit-cosmetics-floratint-cheek-and-lip-stain,benefit::floratint-cheek-and-lip-stain,True
F0006,Catrice,catrice,Clean ID Hydra Lip Plumper,economica,gloss,no_declarado,"voluminizador, hidratante",vegana por fórmula,True,libre de crueldad animal,True,0,Perfil dominado por ingredientes sin calificación favorable y control de viscosidad,12,True,https://inkeedecoder.com/products/catrice-clean-id-hydra-lip-plumper-030-pink-lily,catrice::clean-id-hydra-lip-plumper,True
F0007,Catrice,catrice,Max It Up Lip Booster Extreme Holo Plumper,economica,aceite,no_declarado,voluminizador,vegana por fórmula,True,libre de crueldad animal,True,0,Perfil dominado por ingredientes sin calificación favorable y control de viscosidad,12,True,https://inkeedecoder.com/products/catrice-max-it-up-lip-booster-extreme-holo-plumper,catrice::max-it-up-lip-booster-extreme-holo-plumper,True
F0008,Catrice,catrice,Better Than Fake Lips Volume Gloss,economica,gloss,brillante,voluminizador,no vegana,False,libre de crueldad animal,True,5,Perfil dominado por ingredientes destacados y diversidad de funciones,34,False,https://inkeedecoder.com/products/catrice-better-than-fake-lips-volume-gloss-020-dazzling-apricot,catrice::better-than-fake-lips-volume-gloss,True
F0009,Catrice,catrice,Volumizing Extreme Lip Booster,economica,balsamo,no_declarado,voluminizador,vegana por fórmula,True,libre de crueldad animal,True,4,Perfil dominado por ingredientes de calificación superior y agentes quelantes,27,False,https://inkeedecoder.com/products/catrice-volumizing-extreme-lip-booster-020-ginger-shot,catrice::volumizing-extreme-lip-booster,True
F0010,Catrice,catrice,Glossin' Glow Tinted Lip Oil,economica,aceite,brillante,sin efecto declarado,vegana por fórmula,True,libre de crueldad animal,True,0,Perfil dominado por ingredientes sin calificación favorable y control de viscosidad,11,False,https://inkeedecoder.com/products/catrice-glossin-glow-tinted-lip-oil-040-gossip-girl,catrice::glossin-glow-tinted-lip-oil,True
F0011,Catrice,catrice,Volumizing Extreme Lip Balm,economica,balsamo,no_declarado,voluminizador,origen incierto,False,libre de crueldad animal,True,2,Perfil dominado por ingredientes mal calificados y carga de perfume,29,False,https://inkeedecoder.com/products/catrice-volumizing-extreme-lip-balm-010-plump-it-like-its-hot,catrice::volumizing-extreme-lip-balm,True
F0012,Catrice,catrice,Max It Up Lip Booster Extreme Spicy Plumper,economica,gloss,no_declarado,voluminizador,vegana por fórmula,True,libre de crueldad animal,True,2,Perfil dominado por ingredientes mal calificados y carga de perfume,14,True,https://inkeedecoder.com/products/catrice-max-it-up-lip-booster-extreme-spicy-plumper,catrice::max-it-up-lip-booster-extreme-spicy-plumper,True
F0013,Catrice,catrice,Volumizing Tint & Glow Lip Balm,economica,balsamo,brillante,voluminizador,vegana por fórmula,True,libre de crueldad animal,True,2,Perfil dominado por ingredientes mal calificados y carga de perfume,18,False,https://inkeedecoder.com/products/catrice-volumizing-tint-glow-lip-balm,catrice::volumizing-tint-glow-lip-balm,True
F0014,Catrice,catrice,Clean ID Protecting Lip Serum,economica,balsamo,no_declarado,sin efecto declarado,vegana por fórmula,True,libre de crueldad animal,True,4,Perfil dominado por ingredientes de calificación superior y agentes quelantes,16,False,https://inkeedecoder.com/products/catrice-clean-id-protecting-lip-serum,catrice::clean-id-protecting-lip-serum,True
F0015,Catrice,catrice,Plump It Up Lip Booster,economica,balsamo,no_declarado,voluminizador,vegana por fórmula,True,libre de crueldad animal,True,3,Perfil dominado por ingredientes bien calificados y carga antioxidante,17,True,https://inkeedecoder.com/products/catrice-plump-it-up-lip-booster-poppin-champagne,catrice::plump-it-up-lip-booster,False
F0016,Catrice,catrice,Butter Drippin' Glossy Lip Balm,economica,balsamo,brillante,sin efecto declarado,vegana por fórmula,True,libre de crueldad animal,True,4,Perfil dominado por ingredientes de calificación superior y agentes quelantes,26,False,https://inkeedecoder.com/products/catrice-butter-drippin-glossy-lip-balm-040-bisou-bisou,catrice::butter-drippin-glossy-lip-balm,False
F0017,Catrice,catrice,Peptide Bliss Glossy Lip Balm,economica,balsamo,brillante,sin efecto declarado,vegana por fórmula,True,libre de crueldad animal,True,0,Perfil dominado por ingredientes sin calificación favorable y control de viscosidad,25,False,https://inkeedecoder.com/products/catrice-peptide-bliss-glossy-lip-balm,catrice::peptide-bliss-glossy-lip-balm,True
F0018,Catrice,catrice,Diamond Glaze Lip Gloss,economica,gloss,glitter,sin efecto declarado,vegana por fórmula,True,libre de crueldad animal,True,2,Perfil dominado por ingredientes mal calificados y carga de perfume,13,False,https://inkeedecoder.com/products/catrice-diamond-glaze-lip-gloss,catrice::diamond-glaze-lip-gloss,False
F0019,Catrice,catrice,Melt & Plump Juicy Lip Plumper,economica,balsamo,no_declarado,"voluminizador, hidratante",vegana por fórmula,True,libre de crueldad animal,True,1,Perfil dominado por carga exfoliante y diversidad de funciones,21,True,https://inkeedecoder.com/products/catrice-melt-plump-juicy-lip-plumper-040-call-nine-wine-wine,catrice::melt-plump-juicy-lip-plumper,True
F0020,Catrice,catrice,Melt & Shine Juicy Lip Balm,economica,balsamo,brillante,hidratante,vegana por fórmula,True,libre de crueldad animal,True,0,Perfil dominado por ingredientes sin calificación favorable y control de viscosidad,21,False,https://inkeedecoder.com/products/catrice-melt-shine-juicy-lip-balm-010-shell-yeah,catrice::melt-shine-juicy-lip-balm,False
F0021,Catrice,catrice,Glass Like Gloss Stick,economica,gloss,brillante,sin efecto declarado,origen incierto,False,libre de crueldad animal,True,5,Perfil dominado por ingredientes destacados y diversidad de funciones,17,False,https://inkeedecoder.com/products/catrice-glass-like-gloss-stick,catrice::glass-like-gloss-stick,True
F0022,Catrice,catrice,Gloss Obsessed Lip Glaze,economica,gloss,brillante,sin efecto declarado,vegana por fórmula,True,libre de crueldad animal,True,0,Perfil dominado por ingredientes sin calificación favorable y control de viscosidad,11,False,https://inkeedecoder.com/products/catrice-gloss-obsessed-lip-glaze,catrice::gloss-obsessed-lip-glaze,True
F0023,Catrice,catrice,Mattlover Lipstick Pen,economica,barra,no_declarado,sin efecto declarado,vegana por fórmula,True,libre de crueldad animal,True,0,Perfil dominado por ingredientes sin calificación favorable y control de viscosidad,13,False,https://inkeedecoder.com/products/catrice-mattlover-lipstick-pen,catrice::mattlover-lipstick-pen,True
F0024,Catrice,catrice,Metaface Lip Glaze,economica,gloss,brillante,sin efecto declarado,vegana por fórmula,True,libre de crueldad animal,True,0,Perfil dominado por ingredientes sin calificación favorable y control de viscosidad,9,False,https://inkeedecoder.com/products/catrice-metaface-lip-glaze,catrice::metaface-lip-glaze,True
F0025,Catrice,catrice,Lip Jam Hydrating Lip Gloss,economica,gloss,brillante,hidratante,vegana por fórmula,True,libre de crueldad animal,True,3,Perfil dominado por ingredientes bien calificados y carga antioxidante,19,False,https://inkeedecoder.com/products/catrice-lip-jam-hydrating-lip-gloss-050-it-was-mint-to-be,catrice::lip-jam-hydrating-lip-gloss,True
F0026,Catrice,catrice,Watermelon Shine Glow Lip Balm,economica,balsamo,brillante,sin efecto declarado,vegana por fórmula,True,libre de crueldad animal,True,2,Perfil dominado por ingredientes mal calificados y carga de perfume,14,False,https://inkeedecoder.com/products/catrice-watermelon-shine-glow-lip-balm,catrice::watermelon-shine-glow-lip-balm,True
F0027,Catrice,catrice,Plumping Lip Liner,economica,delineador,no_declarado,voluminizador,vegana por fórmula,True,libre de crueldad animal,True,1,Perfil dominado por carga exfoliante y diversidad de funciones,17,False,https://inkeedecoder.com/products/catrice-plumping-lip-liner,catrice::plumping-lip-liner,True
F0028,Catrice,catrice,Gel Glide Long-lasting Lip Liner,economica,delineador,jelly,larga duración,vegana por fórmula,True,libre de crueldad animal,True,0,Perfil dominado por ingredientes sin calificación favorable y control de viscosidad,11,False,https://inkeedecoder.com/products/catrice-gel-glide-long-lasting-lip-liner,catrice::gel-glide-long-lasting-lip-liner,True
F0029,Catrice,catrice,Vegan Collagen Matt Lipstick,economica,barra,mate,sin efecto declarado,no vegana,False,libre de crueldad animal,True,5,Perfil dominado por ingredientes destacados y diversidad de funciones,23,False,https://inkeedecoder.com/products/catrice-vegan-collagen-matt-lipstick,catrice::vegan-collagen-matt-lipstick,True
F0030,Catrice,catrice,Blur-real Lip Powder Cream,economica,liquido,blur,sin efecto declarado,vegana por fórmula,True,libre de crueldad animal,True,0,Perfil dominado por ingredientes sin calificación favorable y control de viscosidad,16,False,https://inkeedecoder.com/products/catrice-blur-real-lip-powder-cream,catrice::blur-real-lip-powder-cream,True
F0031,Catrice,catrice,Butter Drippin' Glossy Lip Balm,economica,balsamo,brillante,sin efecto declarado,vegana por fórmula,True,libre de crueldad animal,True,4,Perfil dominado por ingredientes de calificación superior y agentes quelantes,27,False,https://inkeedecoder.com/products/catrice-butter-drippin-glossy-lip-balm,catrice::butter-drippin-glossy-lip-balm,False
F0032,Catrice,catrice,Glitter Glam Glow Lip Balm,economica,balsamo,glitter,sin efecto declarado,origen incierto,False,libre de crueldad animal,True,2,Perfil dominado por ingredientes mal calificados y carga de perfume,20,False,https://inkeedecoder.com/products/catrice-glitter-glam-glow-lip-balm,catrice::glitter-glam-glow-lip-balm,True
F0033,Catrice,catrice,Heart Affair Full Shine Lipstick Heartbreaker,economica,barra,brillante,sin efecto declarado,origen incierto,False,libre de crueldad animal,True,3,Perfil dominado por ingredientes bien calificados y carga antioxidante,18,False,https://inkeedecoder.com/products/catrice-heart-affair-full-shine-lipstick-heartbreaker,catrice::heart-affair-full-shine-lipstick-heartbreaker,True
F0034,Catrice,catrice,Power Full 5 Lip Care,economica,balsamo,no_declarado,sin efecto declarado,vegana por fórmula,True,libre de crueldad animal,True,5,Perfil dominado por ingredientes destacados y diversidad de funciones,25,False,https://inkeedecoder.com/products/catrice-power-full-5-lip-care,catrice::power-full-5-lip-care,True
F0035,Catrice,catrice,Melt & Shine Juicy Lip Balm,economica,balsamo,brillante,hidratante,vegana por fórmula,True,libre de crueldad animal,True,0,Perfil dominado por ingredientes sin calificación favorable y control de viscosidad,21,False,https://inkeedecoder.com/products/catrice-melt-shine-juicy-lip-balm,catrice::melt-shine-juicy-lip-balm,False
F0036,Catrice,catrice,Plumping Lip Liner,economica,delineador,no_declarado,voluminizador,vegana por fórmula,True,libre de crueldad animal,True,1,Perfil dominado por carga exfoliante y diversidad de funciones,17,False,https://inkeedecoder.com/products/catrice-plumping-lip-liner-2,catrice::plumping-lip-liner,False
F0037,Catrice,catrice,Sparkle Glow Lip Balm,economica,balsamo,glitter,sin efecto declarado,vegana por fórmula,True,libre de crueldad animal,True,2,Perfil dominado por ingredientes mal calificados y carga de perfume,10,False,https://inkeedecoder.com/products/catrice-sparkle-glow-lip-balm,catrice::sparkle-glow-lip-balm,True
F0038,Catrice,catrice,Glossin' Glow Tinted Lip Oil,economica,aceite,brillante,sin efecto declarado,vegana por fórmula,True,libre de crueldad animal,True,0,Perfil dominado por ingredientes sin calificación favorable y control de viscosidad,11,False,https://inkeedecoder.com/products/catrice-glossin-glow-tinted-lip-oil-060-party-crasher,catrice::glossin-glow-tinted-lip-oil,False
F0039,Catrice,catrice,Care In Colours Lip Balm Half Baked Cookies,economica,balsamo,no_declarado,sin efecto declarado,vegana por fórmula,True,libre de crueldad animal,True,3,Perfil dominado por ingredientes bien calificados y carga antioxidante,9,False,https://inkeedecoder.com/products/catrice-care-in-colours-lip-balm-half-baked-cookies,catrice::care-in-colours-lip-balm-half-baked-cookies,True
F0040,Catrice,catrice,Secret Garden Lip Oil,economica,aceite,no_declarado,sin efecto declarado,vegana por fórmula,True,libre de crueldad animal,True,4,Perfil dominado por ingredientes de calificación superior y agentes quelantes,21,False,https://inkeedecoder.com/products/catrice-secret-garden-lip-oil-c02-true-bloom,catrice::secret-garden-lip-oil-c02-true-bloom,True
F0041,Catrice,catrice,Plump It Up Lip Booster,economica,balsamo,no_declarado,voluminizador,vegana por fórmula,True,libre de crueldad animal,True,3,Perfil dominado por ingredientes bien calificados y carga antioxidante,17,True,https://inkeedecoder.com/products/catrice-plump-it-up-lip-booster-010,catrice::plump-it-up-lip-booster,False
F0042,Catrice,catrice,Clean ID Lip Oil,economica,aceite,no_declarado,sin efecto declarado,vegana por fórmula,True,libre de crueldad animal,True,0,Perfil dominado por ingredientes sin calificación favorable y control de viscosidad,7,False,https://inkeedecoder.com/products/catrice-clean-id-lip-oil,catrice::clean-id-lip-oil,True
F0043,Catrice,catrice,Plump It Up Lip Booster,economica,balsamo,no_declarado,voluminizador,vegana por fórmula,True,libre de crueldad animal,True,3,Perfil dominado por ingredientes bien calificados y carga antioxidante,18,True,https://inkeedecoder.com/products/catrice-plump-it-up-lip-booster-no-fake-love,catrice::plump-it-up-lip-booster,False
F0044,Catrice,catrice,Volumizing Extreme Lip Balm,economica,balsamo,no_declarado,voluminizador,vegana por fórmula,True,libre de crueldad animal,True,2,Perfil dominado por ingredientes mal calificados y carga de perfume,23,False,https://inkeedecoder.com/products/catrice-volumizing-extreme-lip-balm-020-spice-it-up,catrice::volumizing-extreme-lip-balm,False
F0045,Catrice,catrice,Secret Garden Matte Lipstick,economica,barra,mate,sin efecto declarado,origen incierto,False,libre de crueldad animal,True,3,Perfil dominado por ingredientes bien calificados y carga antioxidante,22,False,https://inkeedecoder.com/products/catrice-secret-garden-matte-lipstick,catrice::secret-garden-matte-lipstick,True
F0046,Catrice,catrice,Lip Cushion Protecting Multi Balm Coffee & Cocoa,economica,balsamo,no_declarado,sin efecto declarado,origen incierto,False,libre de crueldad animal,True,3,Perfil dominado por ingredientes bien calificados y carga antioxidante,19,False,https://inkeedecoder.com/products/catrice-lip-cushion-protecting-multi-balm-coffee-cocoa,catrice::lip-cushion-protecting-multi-balm-coffee-cocoa,True
F0047,Catrice,catrice,Plump It Up Lip Booster,economica,balsamo,glitter,voluminizador,vegana por fórmula,True,libre de crueldad animal,True,3,Perfil dominado por ingredientes bien calificados y carga antioxidante,19,True,https://inkeedecoder.com/products/catrice-plump-it-up-lip-booster-selflove-amd-glitter,catrice::plump-it-up-lip-booster,True
F0048,Catrice,catrice,Drunk'n Diamonds Plumping Lip Balm,economica,balsamo,no_declarado,voluminizador,origen incierto,False,libre de crueldad animal,True,5,Perfil dominado por ingredientes destacados y diversidad de funciones,31,False,https://inkeedecoder.com/products/catrice-drunkn-diamonds-plumping-lip-balm-050-bury-me-in-rubies,catrice::drunkn-diamonds-plumping-lip-balm,True
F0049,Catrice,catrice,Lip Cushion,economica,tinte,no_declarado,sin efecto declarado,origen incierto,False,libre de crueldad animal,True,3,Perfil dominado por ingredientes bien calificados y carga antioxidante,16,False,https://inkeedecoder.com/products/catrice-cosmetics-lip-cushion,catrice::cosmetics-lip-cushion,True
F0050,Catrice,catrice,Secret Garden Lip Oil,economica,aceite,no_declarado,sin efecto declarado,vegana por fórmula,True,libre de crueldad animal,True,4,Perfil dominado por ingredientes de calificación superior y agentes quelantes,21,False,https://inkeedecoder.com/products/catrice-secret-garden-lip-oil-c01-lips-dont-lie,catrice::secret-garden-lip-oil-c01-lips-dont-lie,True
F0051,Catrice,catrice,Heart Affair Full Shine Lipstick In A Heartbeat,economica,barra,brillante,sin efecto declarado,origen incierto,False,libre de crueldad animal,True,3,Perfil dominado por ingredientes bien calificados y carga antioxidante,18,False,https://inkeedecoder.com/products/catrice-heart-affair-full-shine-lipstick-in-a-heartbeat,catrice::heart-affair-full-shine-lipstick-in-a-heartbeat,True
F0052,Catrice,catrice,Shine Bomb Lip Lacquer Longlasting,economica,gloss,brillante,sin efecto declarado,vegana por fórmula,True,libre de crueldad animal,True,6,Perfil dominado por carga de solventes y carga humectante,11,False,https://inkeedecoder.com/products/catrice-shine-bomb-lip-lacquer-longlasting,catrice::shine-bomb-lip-lacquer-longlasting,True
F0053,Catrice,catrice,Youth Lip Serum,economica,balsamo,no_declarado,sin efecto declarado,vegana por fórmula,True,libre de crueldad animal,True,6,Perfil dominado por carga de solventes y carga humectante,23,False,https://inkeedecoder.com/products/catrice-youth-lip-serum,catrice::youth-lip-serum,True
F0054,Catrice,catrice,Holiday Lips Caring Lip Balm SPF,economica,balsamo,no_declarado,protección solar,vegana por fórmula,True,libre de crueldad animal,True,5,Perfil dominado por ingredientes destacados y diversidad de funciones,21,False,https://inkeedecoder.com/products/catrice-holiday-lips-caring-lip-balm-spf-25-tropic-feels,catrice::holiday-lips-caring-lip-balm-spf,True
F0055,Catrice,catrice,Plump It Up Lip Booster,economica,balsamo,no_declarado,voluminizador,vegana por fórmula,True,libre de crueldad animal,True,3,Perfil dominado por ingredientes bien calificados y carga antioxidante,18,True,https://inkeedecoder.com/products/catrice-plump-it-up-lip-booster-illusion-of-perfection,catrice::plump-it-up-lip-booster,False
F0056,Catrice,catrice,Creamy Nudes Lip Pen,economica,delineador,cremoso,sin efecto declarado,vegana por fórmula,True,libre de crueldad animal,True,3,Perfil dominado por ingredientes bien calificados y carga antioxidante,11,False,https://inkeedecoder.com/products/catrice-creamy-nudes-lip-pen,catrice::creamy-nudes-lip-pen,True
F0057,Catrice,catrice,Glossin' Glow Tinted Lip Oil,economica,aceite,brillante,hidratante,vegana por fórmula,True,libre de crueldad animal,True,0,Perfil dominado por ingredientes sin calificación favorable y control de viscosidad,10,False,https://inkeedecoder.com/products/catrice-glossin-glow-tinted-lip-oil-020-drama-mama,catrice::glossin-glow-tinted-lip-oil,False
F0058,Catrice,catrice,Disney Winnie The Pooh Lip Oil,economica,aceite,no_declarado,sin efecto declarado,vegana por fórmula,True,libre de crueldad animal,True,0,Perfil dominado por ingredientes sin calificación favorable y control de viscosidad,13,False,https://inkeedecoder.com/products/catrice-disney-winnie-the-pooh-lip-oil,catrice::disney-winnie-the-pooh-lip-oil,True
F0059,Catrice,catrice,Ultimate Stay Waterfresh Lip Tint,economica,tinte,no_declarado,larga duración,vegana por fórmula,True,libre de crueldad animal,True,6,Perfil dominado por carga de solventes y carga humectante,13,False,https://inkeedecoder.com/products/catrice-ultimate-stay-waterfresh-lip-tint-030-never-let-you-down,catrice::ultimate-stay-waterfresh-lip-tint,True
F0060,Catrice,catrice,Drunk'n Diamonds Plumping Lip Balm,economica,balsamo,no_declarado,voluminizador,origen incierto,False,libre de crueldad animal,True,5,Perfil dominado por ingredientes destacados y diversidad de funciones,31,False,https://inkeedecoder.com/products/catrice-drunkn-diamonds-plumping-lip-balm-020,catrice::drunkn-diamonds-plumping-lip-balm,False
F0061,Catrice,catrice,Lip Jam Hydrating Lip Gloss,economica,gloss,brillante,hidratante,vegana por fórmula,True,libre de crueldad animal,True,3,Perfil dominado por ingredientes bien calificados y carga antioxidante,18,False,https://inkeedecoder.com/products/catrice-lip-jam-hydrating-lip-gloss-honey-im-home,catrice::lip-jam-hydrating-lip-gloss,False
F0062,Catrice,catrice,Glass Like Dewy Lip Tint,economica,tinte,no_declarado,sin efecto declarado,vegana por fórmula,True,libre de crueldad animal,True,5,Perfil dominado por ingredientes destacados y diversidad de funciones,33,False,https://inkeedecoder.com/products/catrice-glass-like-dewy-lip-tint,catrice::glass-like-dewy-lip-tint,True
F0063,Catrice,catrice,Perfect Morning Beauty Aid Protecting Lip Balm,economica,balsamo,no_declarado,sin efecto declarado,vegana por fórmula,True,libre de crueldad animal,True,4,Perfil dominado por ingredientes de calificación superior y agentes quelantes,27,False,https://inkeedecoder.com/products/catrice-perfect-morning-beauty-aid-protecting-lip-balm,catrice::perfect-morning-beauty-aid-protecting-lip-balm,True
F0064,Catrice,catrice,Tinted Lip Glow Balm,economica,balsamo,brillante,sin efecto declarado,vegana por fórmula,True,libre de crueldad animal,True,0,Perfil dominado por ingredientes sin calificación favorable y control de viscosidad,15,False,https://inkeedecoder.com/products/catrice-cosmetics-tinted-lip-glow-balm,catrice::cosmetics-tinted-lip-glow-balm,True
F0065,Catrice,catrice,Care In Colours Lip Balm Everyday,economica,balsamo,no_declarado,sin efecto declarado,vegana por fórmula,True,libre de crueldad animal,True,3,Perfil dominado por ingredientes bien calificados y carga antioxidante,9,False,https://inkeedecoder.com/products/catrice-care-in-colours-lip-balm-everyday-24-7,catrice::care-in-colours-lip-balm-everyday,True
F0066,Catrice,catrice,Matt Pro Ink Non-transfer Liquid Lipstick,economica,liquido,mate,resistente a transferencia,origen incierto,False,libre de crueldad animal,True,0,Perfil dominado por ingredientes sin calificación favorable y control de viscosidad,15,False,https://inkeedecoder.com/products/catrice-matt-pro-ink-non-transfer-liquid-lipstick,catrice::matt-pro-ink-non-transfer-liquid-lipstick,True
F0067,Catrice,catrice,Lip Super Serum,economica,balsamo,no_declarado,sin efecto declarado,no vegana,False,libre de crueldad animal,True,2,Perfil dominado por ingredientes mal calificados y carga de perfume,19,False,https://inkeedecoder.com/products/catrice-lip-super-serum,catrice::lip-super-serum,True
F0068,Catrice,catrice,Clean ID Silk Intense Lipstick,economica,barra,satinado,sin efecto declarado,vegana por fórmula,True,libre de crueldad animal,True,0,Perfil dominado por ingredientes sin calificación favorable y control de viscosidad,13,False,https://inkeedecoder.com/products/catrice-clean-id-silk-intense-lipstick,catrice::clean-id-silk-intense-lipstick,True
F0069,Catrice,catrice,Lip Coconut Balm,economica,balsamo,no_declarado,sin efecto declarado,origen incierto,False,libre de crueldad animal,True,4,Perfil dominado por ingredientes de calificación superior y agentes quelantes,22,False,https://inkeedecoder.com/products/catrice-lip-coconut-balm,catrice::lip-coconut-balm,True
F0070,Catrice,catrice,Soft Glaze Glow Lip Balm,economica,balsamo,brillante,sin efecto declarado,vegana por fórmula,True,libre de crueldad animal,True,1,Perfil dominado por carga exfoliante y diversidad de funciones,13,False,https://inkeedecoder.com/products/catrice-soft-glaze-glow-lip-balm,catrice::soft-glaze-glow-lip-balm,True
F0071,Catrice,catrice,Marble-Licious Liquid Lip Balm,economica,balsamo,no_declarado,sin efecto declarado,vegana por fórmula,True,libre de crueldad animal,True,0,Perfil dominado por ingredientes sin calificación favorable y control de viscosidad,13,False,https://inkeedecoder.com/products/catrice-marble-licious-liquid-lip-balm-010,catrice::marble-licious-liquid-lip-balm,True
F0072,Catrice,catrice,Glam In Gold Glow Lip Balm,economica,balsamo,brillante,sin efecto declarado,vegana por fórmula,True,libre de crueldad animal,True,1,Perfil dominado por carga exfoliante y diversidad de funciones,21,False,https://inkeedecoder.com/products/catrice-glam-in-gold-glow-lip-balm,catrice::glam-in-gold-glow-lip-balm,True
F0073,Catrice,catrice,Full Satin Lipstick,economica,barra,satinado,sin efecto declarado,vegana por fórmula,True,libre de crueldad animal,True,0,Perfil dominado por ingredientes sin calificación favorable y control de viscosidad,17,False,https://inkeedecoder.com/products/catrice-full-satin-lipstick,catrice::full-satin-lipstick,True
F0074,Catrice,catrice,Drunk'n Diamonds Plumping Lip Balm,economica,balsamo,no_declarado,voluminizador,origen incierto,False,libre de crueldad animal,True,5,Perfil dominado por ingredientes destacados y diversidad de funciones,29,False,https://inkeedecoder.com/products/catrice-drunkn-diamonds-plumping-lip-balm-060-drunk-in-love,catrice::drunkn-diamonds-plumping-lip-balm,False
F0075,Catrice,catrice,Volumizing Extreme Lip Booster,economica,gloss,no_declarado,voluminizador,vegana por fórmula,True,libre de crueldad animal,True,2,Perfil dominado por ingredientes mal calificados y carga de perfume,13,False,https://inkeedecoder.com/products/catrice-volumizing-extreme-lip-booster-030-nice-bonbon,catrice::volumizing-extreme-lip-booster,False
F0076,Catrice,catrice,Butter Drippin' Glossy Lip Balm,economica,balsamo,brillante,sin efecto declarado,vegana por fórmula,True,libre de crueldad animal,True,4,Perfil dominado por ingredientes de calificación superior y agentes quelantes,26,False,https://inkeedecoder.com/products/catrice-butter-drippin-glossy-lip-balm-050-cherry-delicious,catrice::butter-drippin-glossy-lip-balm,False
F0077,Catrice,catrice,Wild Hibiscus Glow Lip Balm,economica,balsamo,brillante,sin efecto declarado,origen incierto,False,libre de crueldad animal,True,3,Perfil dominado por ingredientes bien calificados y carga antioxidante,21,False,https://inkeedecoder.com/products/catrice-wild-hibiscus-glow-lip-balm,catrice::wild-hibiscus-glow-lip-balm,True
F0078,Catrice,catrice,Lip Jam Hydrating Lip Gloss,economica,gloss,brillante,hidratante,vegana por fórmula,True,libre de crueldad animal,True,3,Perfil dominado por ingredientes bien calificados y carga antioxidante,18,False,https://inkeedecoder.com/products/catrice-lip-jam-hydrating-lip-gloss-010-you-are-one-in-a-melon,catrice::lip-jam-hydrating-lip-gloss,False
F0079,Catrice,catrice,Volumizing Extreme Lip Booster,economica,gloss,no_declarado,voluminizador,vegana por fórmula,True,libre de crueldad animal,True,4,Perfil dominado por ingredientes de calificación superior y agentes quelantes,22,False,https://inkeedecoder.com/products/catrice-volumizing-extreme-lip-booster-010-hot-plumper,catrice::volumizing-extreme-lip-booster,False
F0080,Catrice,catrice,Clean ID Highly Caring Lip Balm,economica,balsamo,no_declarado,sin efecto declarado,vegana por fórmula,True,libre de crueldad animal,True,2,Perfil dominado por ingredientes mal calificados y carga de perfume,15,False,https://inkeedecoder.com/products/catrice-clean-id-highly-caring-lip-balm,catrice::clean-id-highly-caring-lip-balm,True
F0081,Catrice,catrice,Clean ID Plumping Care Lip Oil,economica,aceite,no_declarado,voluminizador,vegana por fórmula,True,libre de crueldad animal,True,3,Perfil dominado por ingredientes bien calificados y carga antioxidante,12,False,https://inkeedecoder.com/products/catrice-clean-id-plumping-care-lip-oil,catrice::clean-id-plumping-care-lip-oil,True
F0082,Catrice,catrice,Drunk'n Diamonds Plumping Lip Balm,economica,balsamo,no_declarado,voluminizador,origen incierto,False,libre de crueldad animal,True,5,Perfil dominado por ingredientes destacados y diversidad de funciones,31,False,https://inkeedecoder.com/products/catrice-drunkn-diamonds-plumping-lip-balm-010-guilty-treasure,catrice::drunkn-diamonds-plumping-lip-balm,False
F0083,Catrice,catrice,Lip Lovin' Caring Lip Serum,economica,balsamo,no_declarado,sin efecto declarado,vegana por fórmula,True,libre de crueldad animal,True,3,Perfil dominado por ingredientes bien calificados y carga antioxidante,20,False,https://inkeedecoder.com/products/catrice-lip-lovin-caring-lip-serum,catrice::lip-lovin-caring-lip-serum,True
F0084,Catrice,catrice,Lip Jam Hydrating Lip Gloss,economica,gloss,brillante,hidratante,vegana por fórmula,True,libre de crueldad animal,True,3,Perfil dominado por ingredientes bien calificados y carga antioxidante,18,False,https://inkeedecoder.com/products/catrice-lip-jam-hydrating-lip-gloss-070-cherry-on-top,catrice::lip-jam-hydrating-lip-gloss,False
F0085,Catrice,catrice,Juicy Bomb Glossy Butter Balm,economica,balsamo,brillante,hidratante,vegana por fórmula,True,libre de crueldad animal,True,2,Perfil dominado por ingredientes mal calificados y carga de perfume,21,False,https://inkeedecoder.com/products/catrice-juicy-bomb-glossy-butter-balm-04-kiwi-to-my-heart,catrice::juicy-bomb-glossy-butter-balm,True
F0086,Catrice,catrice,Volumizing Extreme Lip Booster,economica,balsamo,no_declarado,voluminizador,vegana por fórmula,True,libre de crueldad animal,True,4,Perfil dominado por ingredientes de calificación superior y agentes quelantes,22,True,https://inkeedecoder.com/products/catrice-volumizing-extreme-lip-booster-040-trick-or-treat,catrice::volumizing-extreme-lip-booster,False
F0087,Catrice,catrice,Melt & Shine Juicy Lip Balm,economica,balsamo,brillante,hidratante,vegana por fórmula,True,libre de crueldad animal,True,0,Perfil dominado por ingredientes sin calificación favorable y control de viscosidad,22,False,https://inkeedecoder.com/products/catrice-melt-shine-juicy-lip-balm-110-flaming-hearts,catrice::melt-shine-juicy-lip-balm,True
F0088,Catrice,catrice,Spring And The City Glossy Nectar Lip Oil,economica,aceite,brillante,sin efecto declarado,vegana por fórmula,True,libre de crueldad animal,True,0,Perfil dominado por ingredientes sin calificación favorable y control de viscosidad,14,False,https://inkeedecoder.com/products/catrice-spring-and-the-city-glossy-nectar-lip-oil,catrice::spring-and-the-city-glossy-nectar-lip-oil,True
F0089,Catrice,catrice,Secret Garden Lip Oil,economica,aceite,no_declarado,sin efecto declarado,vegana por fórmula,True,libre de crueldad animal,True,4,Perfil dominado por ingredientes de calificación superior y agentes quelantes,21,False,https://inkeedecoder.com/products/catrice-secret-garden-lip-oil-c03-secret-kiss,catrice::secret-garden-lip-oil-c03-secret-kiss,True
F0090,Catrice,catrice,Colour Cushion Juicy Lip Oil,economica,aceite,no_declarado,hidratante,vegana por fórmula,True,libre de crueldad animal,True,3,Perfil dominado por ingredientes bien calificados y carga antioxidante,27,False,https://inkeedecoder.com/products/catrice-colour-cushion-juicy-lip-oil,catrice::colour-cushion-juicy-lip-oil,True
F0091,Catrice,catrice,Filler Supreme Lip Gloss,economica,gloss,brillante,sin efecto declarado,vegana por fórmula,True,libre de crueldad animal,True,5,Perfil dominado por ingredientes destacados y diversidad de funciones,18,False,https://inkeedecoder.com/products/catrice-filler-supreme-lip-gloss,catrice::filler-supreme-lip-gloss,True
F0092,Catrice,catrice,Holiday Lips Caring Lip Balm SPF,economica,balsamo,no_declarado,protección solar,vegana por fórmula,True,libre de crueldad animal,True,5,Perfil dominado por ingredientes destacados y diversidad de funciones,20,False,https://inkeedecoder.com/products/catrice-holiday-lips-caring-lip-balm-spf-25-balmy-breeze,catrice::holiday-lips-caring-lip-balm-spf,False
F0093,Catrice,catrice,Butter Drippin' Glossy Lip Balm,economica,balsamo,brillante,sin efecto declarado,vegana por fórmula,True,libre de crueldad animal,True,4,Perfil dominado por ingredientes de calificación superior y agentes quelantes,32,False,https://inkeedecoder.com/products/catrice-butter-drippin-glossy-lip-balm-030-butter-together,catrice::butter-drippin-glossy-lip-balm,True
F0094,Catrice,catrice,Demi Matt Lipstick,economica,barra,mate,sin efecto declarado,vegana por fórmula,True,libre de crueldad animal,True,3,Perfil dominado por ingredientes bien calificados y carga antioxidante,19,False,https://inkeedecoder.com/products/catrice-demi-matt-lipstick-020,catrice::demi-matt-lipstick,True
F0095,Catrice,catrice,Plump It Up Lip Booster,economica,balsamo,no_declarado,voluminizador,vegana por fórmula,True,libre de crueldad animal,True,3,Perfil dominado por ingredientes bien calificados y carga antioxidante,18,True,https://inkeedecoder.com/products/catrice-plump-it-up-lip-booster-work-it-twerk-it,catrice::plump-it-up-lip-booster,False
F0096,Catrice,catrice,Butter Drippin' Glossy Lip Balm,economica,balsamo,brillante,sin efecto declarado,vegana por fórmula,True,libre de crueldad animal,True,4,Perfil dominado por ingredientes de calificación superior y agentes quelantes,26,False,https://inkeedecoder.com/products/catrice-butter-drippin-glossy-lip-balm-03-pink-lemon-squeezin,catrice::butter-drippin-glossy-lip-balm,False
F0097,Catrice,catrice,Endless Matte Liquid Lipstick,economica,liquido,mate,larga duración,origen incierto,False,libre de crueldad animal,True,0,Perfil dominado por ingredientes sin calificación favorable y control de viscosidad,27,False,https://inkeedecoder.com/products/catrice-endless-matte-liquid-lipstick,catrice::endless-matte-liquid-lipstick,True
F0098,Catrice,catrice,Max It Up Lip Booster Extreme Icy Plumper,economica,aceite,no_declarado,voluminizador,vegana por fórmula,True,libre de crueldad animal,True,3,Perfil dominado por ingredientes bien calificados y carga antioxidante,15,True,https://inkeedecoder.com/products/catrice-max-it-up-lip-booster-extreme-icy-plumper,catrice::max-it-up-lip-booster-extreme-icy-plumper,True
F0099,Catrice,catrice,Diamond Glaze Lip Gloss,economica,gloss,glitter,sin efecto declarado,vegana por fórmula,True,libre de crueldad animal,True,2,Perfil dominado por ingredientes mal calificados y carga de perfume,14,False,https://inkeedecoder.com/products/catrice-diamond-glaze-lip-gloss-030-less-bitter-more-glitter,catrice::diamond-glaze-lip-gloss,True
F0100,Catrice,catrice,Ultimate Matt Lipstick,economica,barra,mate,sin efecto declarado,origen incierto,False,libre de crueldad animal,True,3,Perfil dominado por ingredientes bien calificados y carga antioxidante,20,False,https://inkeedecoder.com/products/catrice-ultimate-matt-lipstick,catrice::ultimate-matt-lipstick,True
F0101,Catrice,catrice,Flower & Herb Edition Power Plumping Gel Lipstick,economica,barra,jelly,voluminizador,vegana por fórmula,True,libre de crueldad animal,True,5,Perfil dominado por ingredientes destacados y diversidad de funciones,28,False,https://inkeedecoder.com/products/catrice-flower-herb-edition-power-plumping-gel-lipstick,catrice::flower-herb-edition-power-plumping-gel-lipstick,True
F0102,Catrice,catrice,Holiday Lips Caring Lip Balm SPF,economica,balsamo,no_declarado,protección solar,vegana por fórmula,True,libre de crueldad animal,True,5,Perfil dominado por ingredientes destacados y diversidad de funciones,20,False,https://inkeedecoder.com/products/catrice-holiday-lips-caring-lip-balm-spf-25-sheer-sunset,catrice::holiday-lips-caring-lip-balm-spf,False
F0103,Catrice,catrice,Hemp & Mint Glow Lip Balm,economica,balsamo,brillante,sin efecto declarado,origen incierto,False,libre de crueldad animal,True,4,Perfil dominado por ingredientes de calificación superior y agentes quelantes,19,False,https://inkeedecoder.com/products/catrice-hemp-mint-glow-lip-balm,catrice::hemp-mint-glow-lip-balm,True
F0104,Catrice,catrice,Max It Up Lip Booster Extreme Pearl Plumper,economica,aceite,perlado,voluminizador,vegana por fórmula,True,libre de crueldad animal,True,1,Perfil dominado por carga exfoliante y diversidad de funciones,17,True,https://inkeedecoder.com/products/catrice-max-it-up-lip-booster-extreme-pearl-plumper,catrice::max-it-up-lip-booster-extreme-pearl-plumper,True
F0105,Catrice,catrice,Melt & Shine Juicy Lip Balm,economica,balsamo,brillante,hidratante,vegana por fórmula,True,libre de crueldad animal,True,0,Perfil dominado por ingredientes sin calificación favorable y control de viscosidad,21,False,https://inkeedecoder.com/products/catrice-melt-shine-juicy-lip-balm-060-malibu-barbie,catrice::melt-shine-juicy-lip-balm,False
F0106,Catrice,catrice,Power Full 5 Liquid Lip Balm,economica,balsamo,no_declarado,sin efecto declarado,vegana por fórmula,True,libre de crueldad animal,True,5,Perfil dominado por ingredientes destacados y diversidad de funciones,21,False,https://inkeedecoder.com/products/catrice-power-full-5-liquid-lip-balm,catrice::power-full-5-liquid-lip-balm,True
F0107,Catrice,catrice,Lip Jam Hydrating Lip Gloss,economica,gloss,brillante,hidratante,vegana por fórmula,True,libre de crueldad animal,True,3,Perfil dominado por ingredientes bien calificados y carga antioxidante,19,False,https://inkeedecoder.com/products/catrice-lip-jam-hydrating-lip-gloss-040-i-like-you-berry-much,catrice::lip-jam-hydrating-lip-gloss,False
F0108,Catrice,catrice,Lip Super Serum,economica,balsamo,no_declarado,sin efecto declarado,vegana por fórmula,True,libre de crueldad animal,True,3,Perfil dominado por ingredientes bien calificados y carga antioxidante,13,False,https://inkeedecoder.com/products/catrice-lip-super-serum-2,catrice::lip-super-serum,False
F0109,Catrice,catrice,Care In Colours Lip Balm Girlboss,economica,balsamo,no_declarado,sin efecto declarado,vegana por fórmula,True,libre de crueldad animal,True,3,Perfil dominado por ingredientes bien calificados y carga antioxidante,9,False,https://inkeedecoder.com/products/catrice-care-in-colours-lip-balm-girlboss,catrice::care-in-colours-lip-balm-girlboss,True
F0110,Catrice,catrice,Max It Up Lip Booster Extreme Glowy Plumper,economica,aceite,no_declarado,voluminizador,vegana por fórmula,True,libre de crueldad animal,True,1,Perfil dominado por carga exfoliante y diversidad de funciones,17,True,https://inkeedecoder.com/products/catrice-max-it-up-lip-booster-extreme-glowy-plumper,catrice::max-it-up-lip-booster-extreme-glowy-plumper,True
F0111,Catrice,catrice,Power Full 5 Glossy Lip Oil,economica,aceite,brillante,sin efecto declarado,vegana por fórmula,True,libre de crueldad animal,True,3,Perfil dominado por ingredientes bien calificados y carga antioxidante,15,False,https://inkeedecoder.com/products/catrice-power-full-5-glossy-lip-oil-020-cherry-blossom-glow,catrice::power-full-5-glossy-lip-oil,True
F0112,Catrice,catrice,Melt & Plump Juicy Lip Plumper,economica,balsamo,no_declarado,"voluminizador, hidratante",vegana por fórmula,True,libre de crueldad animal,True,1,Perfil dominado por carga exfoliante y diversidad de funciones,21,True,https://inkeedecoder.com/products/catrice-melt-plump-juicy-lip-plumper,catrice::melt-plump-juicy-lip-plumper,False
F0113,Catrice,catrice,Drunk'n Diamonds Plumping Lip Balm,economica,balsamo,no_declarado,voluminizador,origen incierto,False,libre de crueldad animal,True,5,Perfil dominado por ingredientes destacados y diversidad de funciones,30,False,https://inkeedecoder.com/products/catrice-drunkn-diamonds-plumping-lip-balm-040-a-girls-best-friend,catrice::drunkn-diamonds-plumping-lip-balm,False
F0114,Catrice,catrice,Lip Jam Hydrating Lip Gloss,economica,gloss,brillante,hidratante,vegana por fórmula,True,libre de crueldad animal,True,3,Perfil dominado por ingredientes bien calificados y carga antioxidante,18,False,https://inkeedecoder.com/products/catrice-lip-jam-hydrating-lip-gloss-020-strawrr-berry,catrice::lip-jam-hydrating-lip-gloss,False
F0115,Catrice,catrice,Plump & Blur Lip Treatment,economica,balsamo,blur,voluminizador,vegana por fórmula,True,libre de crueldad animal,True,6,Perfil dominado por carga de solventes y carga humectante,20,False,https://inkeedecoder.com/products/catrice-plump-blur-lip-treatment-010,catrice::plump-blur-lip-treatment,True
F0116,Catrice,catrice,Max It Up Lip Booster Extreme Hot Plumper,economica,gloss,no_declarado,voluminizador,vegana por fórmula,True,libre de crueldad animal,True,2,Perfil dominado por ingredientes mal calificados y carga de perfume,11,True,https://inkeedecoder.com/products/catrice-max-it-up-lip-booster-extreme-hot-plumper,catrice::max-it-up-lip-booster-extreme-hot-plumper,True
F0117,Chanel,chanel,Rouge Coco Baume,alta,balsamo,no_declarado,hidratante,origen incierto,False,no libre de crueldad animal,False,3,Perfil dominado por ingredientes bien calificados y carga antioxidante,17,False,https://inkeedecoder.com/products/chanel-rouge-coco-baume,chanel::rouge-coco-baume,True
F0118,Chanel,chanel,Rouge Allure L'extrait,alta,barra,no_declarado,sin efecto declarado,origen incierto,False,no libre de crueldad animal,False,1,Perfil dominado por carga exfoliante y diversidad de funciones,28,False,https://inkeedecoder.com/products/chanel-rouge-allure-lextrait,chanel::rouge-allure-lextrait,True
F0119,Chanel,chanel,Les Beiges Healthy Glow Lip Balm,alta,balsamo,brillante,sin efecto declarado,no vegana,False,no libre de crueldad animal,False,1,Perfil dominado por carga exfoliante y diversidad de funciones,26,False,https://inkeedecoder.com/products/chanel-les-beiges-healthy-glow-lip-balm,chanel::les-beiges-healthy-glow-lip-balm,True
F0120,Chanel,chanel,Lip And Cheek Balm,alta,balsamo,no_declarado,sin efecto declarado,vegana por fórmula,True,no libre de crueldad animal,False,0,Perfil dominado por ingredientes sin calificación favorable y control de viscosidad,16,False,https://inkeedecoder.com/products/chanel-lip-and-cheek-balm,chanel::lip-and-cheek-balm,True
F0121,Chanel,chanel,Rouge Allure Ink,alta,liquido,no_declarado,sin efecto declarado,no vegana,False,no libre de crueldad animal,False,1,Perfil dominado por carga exfoliante y diversidad de funciones,29,False,https://inkeedecoder.com/products/chanel-rouge-allure-ink-148-libere-rouge,chanel::rouge-allure-ink,True
F0122,Chanel,chanel,Rouge Coco Bloom,alta,barra,no_declarado,sin efecto declarado,vegana por fórmula,True,no libre de crueldad animal,False,0,Perfil dominado por ingredientes sin calificación favorable y control de viscosidad,23,False,https://inkeedecoder.com/products/chanel-rouge-coco-bloom,chanel::rouge-coco-bloom,True
F0123,Chanel,chanel,Rouge Allure Velvet Extreme,alta,barra,mate,sin efecto declarado,no vegana,False,no libre de crueldad animal,False,1,Perfil dominado por carga exfoliante y diversidad de funciones,28,False,https://inkeedecoder.com/products/chanel-rouge-allure-velvet-extreme,chanel::rouge-allure-velvet-extreme,True
F0124,Chanel,chanel,Rouge Allure Laque Ultrawear Shine Liquid Lip Colour,alta,liquido,brillante,sin efecto declarado,vegana por fórmula,True,no libre de crueldad animal,False,0,Perfil dominado por ingredientes sin calificación favorable y control de viscosidad,16,False,https://inkeedecoder.com/products/chanel-rouge-allure-laque-ultrawear-shine-liquid-lip-colour,chanel::rouge-allure-laque-ultrawear-shine-liquid-lip-colour,True
F0125,Chanel,chanel,Rouge Coco Flash,alta,barra,no_declarado,sin efecto declarado,origen incierto,False,no libre de crueldad animal,False,1,Perfil dominado por carga exfoliante y diversidad de funciones,32,False,https://inkeedecoder.com/products/chanel-rouge-coco-flash,chanel::rouge-coco-flash,True
F0126,Chanel,chanel,Rouge Allure Velvet Luminous Matte Lip Colour,alta,barra,mate,sin efecto declarado,no vegana,False,no libre de crueldad animal,False,5,Perfil dominado por ingredientes destacados y diversidad de funciones,22,False,https://inkeedecoder.com/products/chanel-rouge-allure-velvet-luminous-matte-lip-colour,chanel::rouge-allure-velvet-luminous-matte-lip-colour,True
F0127,Chanel,chanel,Rouge Coco Baume Shine,alta,barra,brillante,sin efecto declarado,no vegana,False,no libre de crueldad animal,False,1,Perfil dominado por carga exfoliante y diversidad de funciones,29,False,https://inkeedecoder.com/products/chanel-rouge-coco-baume-shine,chanel::rouge-coco-baume-shine,True
F0128,Chanel,chanel,Rouge Allure Liquid Powder,alta,liquido,no_declarado,sin efecto declarado,no vegana,False,no libre de crueldad animal,False,0,Perfil dominado por ingredientes sin calificación favorable y control de viscosidad,13,False,https://inkeedecoder.com/products/chanel-rouge-allure-liquid-powder,chanel::rouge-allure-liquid-powder,True
F0129,Chanel,chanel,Rouge Allure,alta,barra,no_declarado,sin efecto declarado,vegana por fórmula,True,no libre de crueldad animal,False,1,Perfil dominado por carga exfoliante y diversidad de funciones,25,False,https://inkeedecoder.com/products/chanel-rouge-allure,chanel::rouge-allure,True
F0130,Chanel,chanel,N°1 De Chanel Lip And Cheek Balm,alta,balsamo,no_declarado,sin efecto declarado,vegana por fórmula,True,no libre de crueldad animal,False,3,Perfil dominado por ingredientes bien calificados y carga antioxidante,15,False,https://inkeedecoder.com/products/chanel-ndeg1-de-chanel-lip-and-cheek-balm,chanel::ndeg1-de-chanel-lip-and-cheek-balm,True
F0131,Chanel,chanel,Rouge Coco Ultra Hydrating Lip Color,alta,barra,no_declarado,hidratante,no vegana,False,no libre de crueldad animal,False,1,Perfil dominado por carga exfoliante y diversidad de funciones,26,False,https://inkeedecoder.com/products/chanel-rouge-coco-ultra-hydrating-lip-color,chanel::rouge-coco-ultra-hydrating-lip-color,True
F0132,Chanel,chanel,Hydra Beauty Nourishing Lip Care,alta,balsamo,no_declarado,hidratante,vegana por fórmula,True,no libre de crueldad animal,False,5,Perfil dominado por ingredientes destacados y diversidad de funciones,30,False,https://inkeedecoder.com/products/chanel-hydra-beauty-nourishing-lip-care,chanel::hydra-beauty-nourishing-lip-care,True
F0133,Chanel,chanel,Rouge Coco Gloss Moisturizing Glossimer,alta,gloss,brillante,hidratante,no vegana,False,no libre de crueldad animal,False,1,Perfil dominado por carga exfoliante y diversidad de funciones,28,False,https://inkeedecoder.com/products/chanel-rouge-coco-gloss-moisturizing-glossimer,chanel::rouge-coco-gloss-moisturizing-glossimer,True
F0134,Charlotte Tilbury,charlotte-tilbury,Magic Lip Oil,alta,aceite,no_declarado,sin efecto declarado,origen incierto,False,evidencia contradictoria,False,5,Perfil dominado por ingredientes destacados y diversidad de funciones,46,False,https://inkeedecoder.com/products/charlotte-tilbury-magic-lip-oil,charlotte-tilbury::magic-lip-oil,True
F0135,Charlotte Tilbury,charlotte-tilbury,Lip Cheat Liner,alta,delineador,no_declarado,sin efecto declarado,vegana por fórmula,True,evidencia contradictoria,False,0,Perfil dominado por ingredientes sin calificación favorable y control de viscosidad,18,False,https://inkeedecoder.com/products/charlotte-tilbury-lip-cheat-liner,charlotte-tilbury::lip-cheat-liner,True
F0136,Charlotte Tilbury,charlotte-tilbury,Glowgasm Lips,alta,barra,no_declarado,sin efecto declarado,vegana por fórmula,True,evidencia contradictoria,False,2,Perfil dominado por ingredientes mal calificados y carga de perfume,15,True,https://inkeedecoder.com/products/charlotte-tilbury-glowgasm-lips,charlotte-tilbury::glowgasm-lips,True
F0137,Charlotte Tilbury,charlotte-tilbury,Matte Revolution Lipsticks,alta,barra,mate,sin efecto declarado,vegana por fórmula,True,evidencia contradictoria,False,0,Perfil dominado por ingredientes sin calificación favorable y control de viscosidad,19,False,https://inkeedecoder.com/products/charlotte-tilbury-matte-revolution-lipsticks,charlotte-tilbury::matte-revolution-lipsticks,True
F0138,Charlotte Tilbury,charlotte-tilbury,Big Lip Plumpgasm,alta,gloss,no_declarado,voluminizador,vegana por fórmula,True,evidencia contradictoria,False,5,Perfil dominado por ingredientes destacados y diversidad de funciones,28,True,https://inkeedecoder.com/products/charlotte-tilbury-big-lip-plumpgasm,charlotte-tilbury::big-lip-plumpgasm,True
F0139,Charlotte Tilbury,charlotte-tilbury,K.I.S.S.I.N.G Lipstick,alta,barra,no_declarado,sin efecto declarado,depende del tono,False,evidencia contradictoria,False,0,Perfil dominado por ingredientes sin calificación favorable y control de viscosidad,18,False,https://inkeedecoder.com/products/charlotte-tilbury-k-i-s-s-i-n-g-lipstick,charlotte-tilbury::k-i-s-s-i-n-g-lipstick,True
F0140,Charlotte Tilbury,charlotte-tilbury,Superstar Lips,alta,gloss,no_declarado,sin efecto declarado,vegana por fórmula,True,evidencia contradictoria,False,5,Perfil dominado por ingredientes destacados y diversidad de funciones,19,True,https://inkeedecoder.com/products/charlotte-tilbury-superstar-lips,charlotte-tilbury::superstar-lips,True
F0141,Charlotte Tilbury,charlotte-tilbury,Pillow Talk Lip And Cheek Glow,alta,barra,brillante,sin efecto declarado,no vegana,False,evidencia contradictoria,False,0,Perfil dominado por ingredientes sin calificación favorable y control de viscosidad,25,True,https://inkeedecoder.com/products/charlotte-tilbury-pillow-talk-lip-and-cheek-glow,charlotte-tilbury::pillow-talk-lip-and-cheek-glow,True
F0142,Charlotte Tilbury,charlotte-tilbury,Pillow Talk Love Effect Lipstick K.i.s.s.i.n.g,alta,barra,no_declarado,sin efecto declarado,vegana por fórmula,True,evidencia contradictoria,False,0,Perfil dominado por ingredientes sin calificación favorable y control de viscosidad,19,False,https://inkeedecoder.com/products/charlotte-tilbury-pillow-talk-love-effect-lipstick-k-i-s-s-i-n-g-naughty-talk,charlotte-tilbury::pillow-talk-love-effect-lipstick-k-i-s-s-i-n-g-naughty-talk,True
F0143,Charlotte Tilbury,charlotte-tilbury,Easy Lip & Cheek Wand,alta,barra,no_declarado,sin efecto declarado,vegana por fórmula,True,evidencia contradictoria,False,0,Perfil dominado por ingredientes sin calificación favorable y control de viscosidad,17,False,https://inkeedecoder.com/products/charlotte-tilbury-easy-lip-cheek-wand,charlotte-tilbury::easy-lip-cheek-wand,True
F0144,Charlotte Tilbury,charlotte-tilbury,Matte Revolution Lipstick,alta,barra,mate,sin efecto declarado,depende del tono,False,evidencia contradictoria,False,3,Perfil dominado por ingredientes bien calificados y carga antioxidante,20,False,https://inkeedecoder.com/products/charlotte-tilbury-matte-revolution-lipstick,charlotte-tilbury::matte-revolution-lipstick,True
F0145,Charlotte Tilbury,charlotte-tilbury,Jewel Lips,alta,gloss,no_declarado,sin efecto declarado,vegana por fórmula,True,evidencia contradictoria,False,0,Perfil dominado por ingredientes sin calificación favorable y control de viscosidad,20,False,https://inkeedecoder.com/products/charlotte-tilbury-jewel-lips,charlotte-tilbury::jewel-lips,True
F0146,Charlotte Tilbury,charlotte-tilbury,Lip Lustre,alta,gloss,no_declarado,sin efecto declarado,depende del tono,False,evidencia contradictoria,False,0,Perfil dominado por ingredientes sin calificación favorable y control de viscosidad,9,False,https://inkeedecoder.com/products/charlotte-tilbury-lip-lustre,charlotte-tilbury::lip-lustre,True
F0147,Charlotte Tilbury,charlotte-tilbury,Hyaluronic Happikiss Lipstick Balm,alta,barra,no_declarado,sin efecto declarado,vegana por fórmula,True,evidencia contradictoria,False,0,Perfil dominado por ingredientes sin calificación favorable y control de viscosidad,22,False,https://inkeedecoder.com/products/charlotte-tilbury-hyaluronic-happikiss-lipstick-balm,charlotte-tilbury::hyaluronic-happikiss-lipstick-balm,True
F0148,Charlotte Tilbury,charlotte-tilbury,Collagen Lip Bath Gloss,alta,gloss,brillante,sin efecto declarado,no vegana,False,evidencia contradictoria,False,1,Perfil dominado por carga exfoliante y diversidad de funciones,32,False,https://inkeedecoder.com/products/charlotte-tilbury-collagen-lip-bath-gloss,charlotte-tilbury::collagen-lip-bath-gloss,True
F0149,Clinique,clinique,Pop Longwear Lipstick,alta,barra,no_declarado,larga duración,depende del tono,False,no libre de crueldad animal,False,1,Perfil dominado por carga exfoliante y diversidad de funciones,22,False,https://inkeedecoder.com/products/clinique-pop-longwear-lipstick,clinique::pop-longwear-lipstick,True
F0150,Clinique,clinique,Repairwear Intensive Lip Treatment,alta,balsamo,no_declarado,sin efecto declarado,depende del tono,False,no libre de crueldad animal,False,5,Perfil dominado por ingredientes destacados y diversidad de funciones,58,False,https://inkeedecoder.com/products/clinique-repairwear-tm-intensive-lip-treatment,clinique::repairwear-tm-intensive-lip-treatment,True
F0151,Clinique,clinique,Chubby Stick Moisturizing Lip Colour Balm,alta,balsamo,no_declarado,hidratante,no vegana,False,no libre de crueldad animal,False,3,Perfil dominado por ingredientes bien calificados y carga antioxidante,16,False,https://inkeedecoder.com/products/clinique-chubby-stick-tm-moisturizing-lip-colour-balm,clinique::chubby-stick-tm-moisturizing-lip-colour-balm,True
F0152,Clinique,clinique,Moisture Surge Lip,alta,balsamo,no_declarado,sin efecto declarado,origen incierto,False,no libre de crueldad animal,False,5,Perfil dominado por ingredientes destacados y diversidad de funciones,24,False,https://inkeedecoder.com/products/clinique-moisture-surge-lip,clinique::moisture-surge-lip,True
F0153,Clinique,clinique,All About Lips,alta,tinte,no_declarado,sin efecto declarado,origen incierto,False,no libre de crueldad animal,False,5,Perfil dominado por ingredientes destacados y diversidad de funciones,37,True,https://inkeedecoder.com/products/clinique-all-about-lips-can,clinique::all-about-lips,True
F0154,Clinique,clinique,Dramatically Different Lipstick Shaping Lip Colour,alta,barra,no_declarado,sin efecto declarado,no vegana,False,no libre de crueldad animal,False,5,Perfil dominado por ingredientes destacados y diversidad de funciones,27,False,https://inkeedecoder.com/products/clinique-dramatically-different-lipstick-shaping-lip-colour,clinique::dramatically-different-lipstick-shaping-lip-colour,True
F0155,Clinique,clinique,Superbalm Lip Treatment,alta,balsamo,no_declarado,sin efecto declarado,origen incierto,False,no libre de crueldad animal,False,5,Perfil dominado por ingredientes destacados y diversidad de funciones,23,False,https://inkeedecoder.com/products/clinique-superbalm-lip-treatment-can,clinique::superbalm-lip-treatment,True
F0156,Clinique,clinique,Almost Lipstick,alta,barra,no_declarado,sin efecto declarado,depende del tono,False,no libre de crueldad animal,False,0,Perfil dominado por ingredientes sin calificación favorable y control de viscosidad,8,False,https://inkeedecoder.com/products/clinique-almost-lipstick,clinique::almost-lipstick,True
F0157,Clinique,clinique,Chubby Stick Moisturizing Lip Colour Balm Whole Lotta Honey,alta,balsamo,no_declarado,hidratante,no vegana,False,no libre de crueldad animal,False,3,Perfil dominado por ingredientes bien calificados y carga antioxidante,17,False,https://inkeedecoder.com/products/clinique-chubby-stick-moisturizing-lip-colour-balm-whole-lotta-honey,clinique::chubby-stick-moisturizing-lip-colour-balm-whole-lotta-honey,True
F0158,Clinique,clinique,Pop Lip + Cheek Oil In Black Honey,alta,aceite,no_declarado,sin efecto declarado,depende del tono,False,no libre de crueldad animal,False,5,Perfil dominado por ingredientes destacados y diversidad de funciones,25,False,https://inkeedecoder.com/products/clinique-pop-tm-lip-cheek-oil-in-black-honey,clinique::pop-tm-lip-cheek-oil-in-black-honey,True
F0159,Clinique,clinique,Pop Lip Lipstick,alta,barra,no_declarado,sin efecto declarado,no vegana,False,no libre de crueldad animal,False,5,Perfil dominado por ingredientes destacados y diversidad de funciones,40,False,https://inkeedecoder.com/products/clinique-pop-lip-lipstick,clinique::pop-lip-lipstick,True
F0160,Clinique,clinique,Full Potential Lips,alta,balsamo,no_declarado,sin efecto declarado,depende del tono,False,no libre de crueldad animal,False,5,Perfil dominado por ingredientes destacados y diversidad de funciones,20,True,https://inkeedecoder.com/products/clinique-full-potential-lips,clinique::full-potential-lips,True
F0161,Clinique,clinique,Superbalm Gloss Raspberry,alta,gloss,brillante,sin efecto declarado,no vegana,False,no libre de crueldad animal,False,5,Perfil dominado por ingredientes destacados y diversidad de funciones,24,False,https://inkeedecoder.com/products/clinique-superbalm-gloss-raspberry,clinique::superbalm-gloss-raspberry,True
F0162,Clinique,clinique,Pop Plush Creamy Lip Gloss,alta,gloss,brillante,sin efecto declarado,depende del tono,False,no libre de crueldad animal,False,5,Perfil dominado por ingredientes destacados y diversidad de funciones,25,False,https://inkeedecoder.com/products/clinique-pop-plush-creamy-lip-gloss,clinique::pop-plush-creamy-lip-gloss,True
F0163,Clinique,clinique,Moisture Surge Pop Triple Lip Balm,alta,balsamo,no_declarado,sin efecto declarado,depende del tono,False,no libre de crueldad animal,False,5,Perfil dominado por ingredientes destacados y diversidad de funciones,46,False,https://inkeedecoder.com/products/clinique-moisture-surge-tm-pop-triple-lip-balm,clinique::moisture-surge-tm-pop-triple-lip-balm,True
F0164,Clinique,clinique,Moisture Surge Lip Hydro-Plump Treatment,alta,balsamo,no_declarado,voluminizador,origen incierto,False,no libre de crueldad animal,False,5,Perfil dominado por ingredientes destacados y diversidad de funciones,23,False,https://inkeedecoder.com/products/clinique-moisture-surge-tm-lip-hydro-plump-treatment-can,clinique::moisture-surge-lip-hydro-plump-treatment,True
F0165,Clinique,clinique,Almost Lipstick,alta,barra,no_declarado,sin efecto declarado,depende del tono,False,no libre de crueldad animal,False,0,Perfil dominado por ingredientes sin calificación favorable y control de viscosidad,8,False,https://inkeedecoder.com/products/clinique-almost-lipstick-2,clinique::almost-lipstick,False
F0166,Dior,dior,Rouge Dior Lipstick,alta,barra,no_declarado,sin efecto declarado,no vegana,False,no libre de crueldad animal,False,5,Perfil dominado por ingredientes destacados y diversidad de funciones,25,False,https://inkeedecoder.com/products/dior-rouge-dior-lipstick,dior::rouge-dior-lipstick,False
F0167,Dior,dior,Addict Lip Tattoo,alta,tinte,no_declarado,sin efecto declarado,origen incierto,False,no libre de crueldad animal,False,6,Perfil dominado por carga de solventes y carga humectante,21,False,https://inkeedecoder.com/products/dior-addict-lip-tattoo-771-natural-berry,dior::addict-lip-tattoo,True
F0168,Dior,dior,Lip Tattoo,alta,tinte,no_declarado,sin efecto declarado,origen incierto,False,no libre de crueldad animal,False,6,Perfil dominado por carga de solventes y carga humectante,27,False,https://inkeedecoder.com/products/dior-lip-tattoo-2,dior::lip-tattoo-2,True
F0169,Dior,dior,Addict Lip Glow,alta,balsamo,brillante,sin efecto declarado,vegana por fórmula,True,no libre de crueldad animal,False,3,Perfil dominado por ingredientes bien calificados y carga antioxidante,22,True,https://inkeedecoder.com/products/dior-addict-lip-glow,dior::addict-lip-glow,True
F0170,Dior,dior,Rouge Dior Colored Lip Balm,alta,balsamo,no_declarado,sin efecto declarado,no vegana,False,no libre de crueldad animal,False,5,Perfil dominado por ingredientes destacados y diversidad de funciones,28,False,https://inkeedecoder.com/products/dior-rouge-dior-colored-lip-balm-000-diornatural-satin-finish,dior::rouge-dior-colored-lip-balm,True
F0171,Dior,dior,Rouge Dior Forever Liquid,alta,liquido,no_declarado,larga duración,vegana por fórmula,True,no libre de crueldad animal,False,0,Perfil dominado por ingredientes sin calificación favorable y control de viscosidad,12,False,https://inkeedecoder.com/products/dior-rouge-dior-forever-liquid,dior::rouge-dior-forever-liquid,False
F0172,Dior,dior,Rouge Dior Forever Liquid,alta,barra,no_declarado,larga duración,no vegana,False,no libre de crueldad animal,False,5,Perfil dominado por ingredientes destacados y diversidad de funciones,28,False,https://inkeedecoder.com/products/dior-rouge-dior-forever,dior::rouge-dior-forever-liquid,True
F0173,Dior,dior,Addict Lip Maximizer,alta,gloss,no_declarado,voluminizador,no vegana,False,no libre de crueldad animal,False,5,Perfil dominado por ingredientes destacados y diversidad de funciones,25,False,https://inkeedecoder.com/products/dior-addict-lip-maximizer-discontinued,dior::addict-lip-maximizer,True
F0174,Dior,dior,Rouge Dior,alta,barra,no_declarado,sin efecto declarado,vegana por fórmula,True,no libre de crueldad animal,False,3,Perfil dominado por ingredientes bien calificados y carga antioxidante,23,False,https://inkeedecoder.com/products/dior-rouge-dior,dior::rouge-dior,True
F0175,Dior,dior,Addict Lip Tint,alta,tinte,no_declarado,sin efecto declarado,origen incierto,False,no libre de crueldad animal,False,6,Perfil dominado por carga de solventes y carga humectante,32,False,https://inkeedecoder.com/products/dior-addict-lip-tint,dior::addict-lip-tint,True
F0176,Dior,dior,Lip Glow Oil,alta,aceite,brillante,sin efecto declarado,vegana por fórmula,True,no libre de crueldad animal,False,0,Perfil dominado por ingredientes sin calificación favorable y control de viscosidad,20,False,https://inkeedecoder.com/products/dior-lip-glow-oil,dior::lip-glow-oil,True
F0177,Dior,dior,Rouge Dior Balm,alta,balsamo,no_declarado,sin efecto declarado,no vegana,False,no libre de crueldad animal,False,3,Perfil dominado por ingredientes bien calificados y carga antioxidante,29,False,https://inkeedecoder.com/products/dior-rouge-dior-balm-001-diormidnight,dior::rouge-dior-balm,True
F0178,Dior,dior,Lip Glow Butter Hydrating Gloss Balm,alta,balsamo,brillante,hidratante,origen incierto,False,no libre de crueldad animal,False,1,Perfil dominado por carga exfoliante y diversidad de funciones,34,False,https://inkeedecoder.com/products/dior-lip-glow-butter-hydrating-gloss-balm,dior::lip-glow-butter-hydrating-gloss-balm,True
F0179,Dior,dior,Rouge Dior On Stage,alta,barra,no_declarado,sin efecto declarado,origen incierto,False,no libre de crueldad animal,False,5,Perfil dominado por ingredientes destacados y diversidad de funciones,35,False,https://inkeedecoder.com/products/dior-rouge-dior-on-stage,dior::rouge-dior-on-stage,True
F0180,Dior,dior,Lip Glow,alta,barra,brillante,sin efecto declarado,no vegana,False,no libre de crueldad animal,False,3,Perfil dominado por ingredientes bien calificados y carga antioxidante,19,True,https://inkeedecoder.com/products/dior-lip-glow-2,dior::lip-glow,False
F0181,Dior,dior,Lip Maximizer,alta,balsamo,no_declarado,voluminizador,no vegana,False,no libre de crueldad animal,False,5,Perfil dominado por ingredientes destacados y diversidad de funciones,20,True,https://inkeedecoder.com/products/dior-lip-maximizer-2023,dior::lip-maximizer,True
F0182,Dior,dior,Rouge Dior Lipstick,alta,barra,no_declarado,sin efecto declarado,no vegana,False,no libre de crueldad animal,False,2,Perfil dominado por ingredientes mal calificados y carga de perfume,36,False,https://inkeedecoder.com/products/dior-rouge-dior-lipstick-999-satin-red,dior::rouge-dior-lipstick,True
F0183,Dior,dior,Addict Stellar Shine Lipstick,alta,barra,brillante,sin efecto declarado,no vegana,False,no libre de crueldad animal,False,2,Perfil dominado por ingredientes mal calificados y carga de perfume,22,False,https://inkeedecoder.com/products/dior-addict-stellar-shine-lipstick,dior::addict-stellar-shine-lipstick,True
F0184,Dior,dior,Addict Lipstick,alta,barra,no_declarado,sin efecto declarado,no vegana,False,no libre de crueldad animal,False,3,Perfil dominado por ingredientes bien calificados y carga antioxidante,22,False,https://inkeedecoder.com/products/dior-addict-lipstick-720,dior::addict-lipstick,True
F0185,Dior,dior,Addict Lip Maximizer Serum,alta,balsamo,no_declarado,voluminizador,origen incierto,False,no libre de crueldad animal,False,6,Perfil dominado por carga de solventes y carga humectante,35,False,https://inkeedecoder.com/products/dior-addict-lip-maximizer-serum,dior::addict-lip-maximizer-serum,True
F0186,Dior,dior,Addict Hydrating Shine Lipstick,alta,barra,brillante,hidratante,no vegana,False,no libre de crueldad animal,False,3,Perfil dominado por ingredientes bien calificados y carga antioxidante,22,False,https://inkeedecoder.com/products/dior-addict-hydrating-shine-lipstick,dior::addict-hydrating-shine-lipstick,True
F0187,Dior,dior,Rouge Dior Ultra Rouge Lipstick,alta,barra,no_declarado,sin efecto declarado,vegana por fórmula,True,no libre de crueldad animal,False,2,Perfil dominado por ingredientes mal calificados y carga de perfume,18,False,https://inkeedecoder.com/products/dior-rouge-dior-ultra-rouge-lipstick,dior::rouge-dior-ultra-rouge-lipstick,True
F0188,Dior,dior,Lip Glow,alta,balsamo,brillante,sin efecto declarado,no vegana,False,no libre de crueldad animal,False,3,Perfil dominado por ingredientes bien calificados y carga antioxidante,20,True,https://inkeedecoder.com/products/dior-lip-glow,dior::lip-glow,True
F0189,Dior,dior,Rouge Dior Forever Liquid Lacquer Lipstick,alta,liquido,no_declarado,larga duración,vegana por fórmula,True,no libre de crueldad animal,False,2,Perfil dominado por ingredientes mal calificados y carga de perfume,10,False,https://inkeedecoder.com/products/dior-rouge-dior-forever-liquid-lacquer-lipstick,dior::rouge-dior-forever-liquid-lacquer-lipstick,True
F0190,Dior,dior,Addict Lip Maximizer,alta,balsamo,no_declarado,voluminizador,no vegana,False,no libre de crueldad animal,False,5,Perfil dominado por ingredientes destacados y diversidad de funciones,21,True,https://inkeedecoder.com/products/dior-addict-lip-maximizer,dior::addict-lip-maximizer,False
F0191,Dior,dior,Dior Addict Lip Glow Butter,alta,balsamo,brillante,sin efecto declarado,origen incierto,False,no libre de crueldad animal,False,1,Perfil dominado por carga exfoliante y diversidad de funciones,33,False,https://inkeedecoder.com/products/dior-dior-addict-lip-glow-butter-105-lychee,dior::addict-lip-glow-butter,True
F0192,e.l.f.,elf,5 Mg Cbd Lip Oil,economica,aceite,no_declarado,sin efecto declarado,vegana por fórmula,True,libre de crueldad animal,True,3,Perfil dominado por ingredientes bien calificados y carga antioxidante,13,False,https://inkeedecoder.com/products/e-l-f-5-mg-cbd-lip-oil,elf::5-mg-cbd-lip-oil,True
F0193,e.l.f.,elf,Glow Reviver Melting Lip Balm,economica,balsamo,brillante,sin efecto declarado,vegana por fórmula,True,libre de crueldad animal,True,3,Perfil dominado por ingredientes bien calificados y carga antioxidante,29,False,https://inkeedecoder.com/products/e-l-f-glow-reviver-melting-lip-balm,elf::glow-reviver-melting-lip-balm,True
F0194,e.l.f.,elf,Pout Clout,economica,delineador,no_declarado,sin efecto declarado,vegana por fórmula,True,libre de crueldad animal,True,5,Perfil dominado por ingredientes destacados y diversidad de funciones,23,True,https://inkeedecoder.com/products/elf-pout-clout,elf::pout-clout,True
F0195,e.l.f.,elf,Sun Boss Gloss SPF,economica,gloss,brillante,protección solar,origen incierto,False,libre de crueldad animal,True,5,Perfil dominado por ingredientes destacados y diversidad de funciones,25,False,https://inkeedecoder.com/products/e-l-f-sun-boss-gloss-spf-25,elf::sun-boss-gloss-spf,True
F0196,e.l.f.,elf,Pout Clout Lip Plumping Pen Shimmer,economica,delineador,perlado,voluminizador,vegana por fórmula,True,libre de crueldad animal,True,5,Perfil dominado por ingredientes destacados y diversidad de funciones,24,False,https://inkeedecoder.com/products/e-l-f-pout-clout-lip-plumping-pen-shimmer,elf::pout-clout-lip-plumping-pen-shimmer,True
F0197,e.l.f.,elf,Lip Lacquer,economica,gloss,no_declarado,sin efecto declarado,vegana por fórmula,True,libre de crueldad animal,True,3,Perfil dominado por ingredientes bien calificados y carga antioxidante,19,False,https://inkeedecoder.com/products/e-l-f-lip-lacquer,elf::lip-lacquer,True
F0198,e.l.f.,elf,Lip Plumping Gloss,economica,gloss,brillante,voluminizador,vegana por fórmula,True,libre de crueldad animal,True,2,Perfil dominado por ingredientes mal calificados y carga de perfume,22,False,https://inkeedecoder.com/products/e-l-f-lip-plumping-gloss-2025,elf::lip-plumping-gloss,True
F0199,e.l.f.,elf,Ride Or Die Lip Balm,economica,balsamo,no_declarado,sin efecto declarado,no vegana,False,libre de crueldad animal,True,3,Perfil dominado por ingredientes bien calificados y carga antioxidante,10,False,https://inkeedecoder.com/products/elf-cosmetics-ride-or-die-lip-balm-tough-cookie,elf::ride-or-die-lip-balm,False
F0200,e.l.f.,elf,Srsly Satin Lipstick,economica,barra,satinado,sin efecto declarado,origen incierto,False,libre de crueldad animal,True,0,Perfil dominado por ingredientes sin calificación favorable y control de viscosidad,24,False,https://inkeedecoder.com/products/e-l-f-srsly-satin-lipstick-cider,elf::srsly-satin-lipstick-cider,True
F0201,e.l.f.,elf,Velvet Matte Lipstick,economica,barra,mate,sin efecto declarado,origen incierto,False,libre de crueldad animal,True,0,Perfil dominado por ingredientes sin calificación favorable y control de viscosidad,19,False,https://inkeedecoder.com/products/e-l-f-velvet-matte-lipstick,elf::velvet-matte-lipstick,True
F0202,e.l.f.,elf,Thirst Burst Lip Treatment,economica,balsamo,no_declarado,sin efecto declarado,vegana por fórmula,True,libre de crueldad animal,True,5,Perfil dominado por ingredientes destacados y diversidad de funciones,31,False,https://inkeedecoder.com/products/e-l-f-thirst-burst-lip-treatment,elf::thirst-burst-lip-treatment,True
F0203,e.l.f.,elf,Gloss Mode Treatment Oil,economica,aceite,brillante,sin efecto declarado,origen incierto,False,libre de crueldad animal,True,2,Perfil dominado por ingredientes mal calificados y carga de perfume,29,False,https://inkeedecoder.com/products/e-l-f-gloss-mode-treatment-oil,elf::gloss-mode-treatment-oil,True
F0204,e.l.f.,elf,Hydrating Core Lip Shine,economica,barra,brillante,hidratante,vegana por fórmula,True,libre de crueldad animal,True,0,Perfil dominado por ingredientes sin calificación favorable y control de viscosidad,22,True,https://inkeedecoder.com/products/e-l-f-hydrating-core-lip-shine,elf::hydrating-core-lip-shine,True
F0205,e.l.f.,elf,Jelly Pop Glow Reviver Lip Oil,economica,aceite,jelly,sin efecto declarado,origen incierto,False,libre de crueldad animal,True,5,Perfil dominado por ingredientes destacados y diversidad de funciones,26,False,https://inkeedecoder.com/products/e-l-f-jelly-pop-glow-reviver-lip-oil,elf::jelly-pop-glow-reviver-lip-oil,False
F0206,e.l.f.,elf,Lip Stain,economica,tinte,no_declarado,sin efecto declarado,origen incierto,False,libre de crueldad animal,True,6,Perfil dominado por carga de solventes y carga humectante,22,False,https://inkeedecoder.com/products/e-l-f-lip-stain,elf::lip-stain,True
F0207,e.l.f.,elf,Jelly Pop Juicy Gloss,economica,gloss,jelly,hidratante,vegana por fórmula,True,libre de crueldad animal,True,3,Perfil dominado por ingredientes bien calificados y carga antioxidante,20,False,https://inkeedecoder.com/products/e-l-f-jelly-pop-juicy-gloss,elf::jelly-pop-juicy-gloss,True
F0208,e.l.f.,elf,Squeeze Me Lip Balm,economica,balsamo,no_declarado,sin efecto declarado,no vegana,False,libre de crueldad animal,True,5,Perfil dominado por ingredientes destacados y diversidad de funciones,34,False,https://inkeedecoder.com/products/elf-squeeze-me-lip-balm-strawberry,elf::squeeze-me-lip-balm,False
F0209,e.l.f.,elf,O Face Satin Lipstick,economica,barra,satinado,sin efecto declarado,origen incierto,False,libre de crueldad animal,True,5,Perfil dominado por ingredientes destacados y diversidad de funciones,29,False,https://inkeedecoder.com/products/e-l-f-o-face-satin-lipstick,elf::o-face-satin-lipstick,True
F0210,e.l.f.,elf,Lip Plumping Gloss,economica,gloss,brillante,voluminizador,vegana por fórmula,True,libre de crueldad animal,True,2,Perfil dominado por ingredientes mal calificados y carga de perfume,19,False,https://inkeedecoder.com/products/e-l-f-lip-plumping-gloss,elf::lip-plumping-gloss,False
F0211,e.l.f.,elf,Glow Reviver Lip Oil,economica,aceite,brillante,sin efecto declarado,origen incierto,False,libre de crueldad animal,True,3,Perfil dominado por ingredientes bien calificados y carga antioxidante,18,False,https://inkeedecoder.com/products/e-l-f-glow-reviver-lip-oil,elf::glow-reviver-lip-oil,True
F0212,e.l.f.,elf,Liquid Matte Lipstick,economica,liquido,mate,sin efecto declarado,vegana por fórmula,True,libre de crueldad animal,True,0,Perfil dominado por ingredientes sin calificación favorable y control de viscosidad,8,False,https://inkeedecoder.com/products/e-l-f-liquid-matte-lipstick,elf::liquid-matte-lipstick,True
F0213,e.l.f.,elf,Glossy Lip Stain,economica,tinte,brillante,sin efecto declarado,origen incierto,False,libre de crueldad animal,True,6,Perfil dominado por carga de solventes y carga humectante,20,False,https://inkeedecoder.com/products/e-l-f-glossy-lip-stain,elf::glossy-lip-stain,True
F0214,e.l.f.,elf,Glow Reviver Lip Oil Glimmer,economica,aceite,brillante,sin efecto declarado,origen incierto,False,libre de crueldad animal,True,5,Perfil dominado por ingredientes destacados y diversidad de funciones,23,False,https://inkeedecoder.com/products/e-l-f-glow-reviver-lip-oil-glimmer,elf::glow-reviver-lip-oil-glimmer,True
F0215,e.l.f.,elf,Main Stain Lip Marker,economica,tinte,no_declarado,sin efecto declarado,vegana por fórmula,True,libre de crueldad animal,True,6,Perfil dominado por carga de solventes y carga humectante,12,False,https://inkeedecoder.com/products/e-l-f-main-stain-lip-marker,elf::main-stain-lip-marker,True
F0216,e.l.f.,elf,Jelly Pop Glow Reviver Lip Oil,economica,aceite,jelly,sin efecto declarado,origen incierto,False,libre de crueldad animal,True,5,Perfil dominado por ingredientes destacados y diversidad de funciones,27,False,https://inkeedecoder.com/products/elf-jelly-pop-glow-reviver-lip-oil,elf::jelly-pop-glow-reviver-lip-oil,True
F0217,e.l.f.,elf,So Blurreal Lip & Cheek Whip,economica,liquido,no_declarado,sin efecto declarado,vegana por fórmula,True,libre de crueldad animal,True,3,Perfil dominado por ingredientes bien calificados y carga antioxidante,16,True,https://inkeedecoder.com/products/e-l-f-so-blurreal-lip-cheek-whip,elf::so-blurreal-lip-cheek-whip,True
F0218,e.l.f.,elf,Glow Reviver Plumping Lip Oil,economica,aceite,brillante,voluminizador,origen incierto,False,libre de crueldad animal,True,5,Perfil dominado por ingredientes destacados y diversidad de funciones,27,False,https://inkeedecoder.com/products/e-l-f-glow-reviver-plumping-lip-oil,elf::glow-reviver-plumping-lip-oil,True
F0219,e.l.f.,elf,Sheer Slick Lipstick,economica,barra,no_declarado,sin efecto declarado,vegana por fórmula,True,libre de crueldad animal,True,0,Perfil dominado por ingredientes sin calificación favorable y control de viscosidad,15,False,https://inkeedecoder.com/products/e-l-f-sheer-slick-lipstick,elf::sheer-slick-lipstick,True
F0220,e.l.f.,elf,Love Triangle Lip Filler Liner,economica,delineador,no_declarado,sin efecto declarado,vegana por fórmula,True,libre de crueldad animal,True,0,Perfil dominado por ingredientes sin calificación favorable y control de viscosidad,13,False,https://inkeedecoder.com/products/e-l-f-love-triangle-lip-filler-liner,elf::love-triangle-lip-filler-liner,True
F0221,e.l.f.,elf,Squeeze Me Lip Balm,economica,balsamo,no_declarado,sin efecto declarado,no vegana,False,libre de crueldad animal,True,5,Perfil dominado por ingredientes destacados y diversidad de funciones,37,False,https://inkeedecoder.com/products/e-l-f-squeeze-me-lip-balm-peach,elf::squeeze-me-lip-balm,True
F0222,e.l.f.,elf,Cream Glide Lip Liner,economica,delineador,cremoso,sin efecto declarado,vegana por fórmula,True,libre de crueldad animal,True,3,Perfil dominado por ingredientes bien calificados y carga antioxidante,12,False,https://inkeedecoder.com/products/e-l-f-cream-glide-lip-liner,elf::cream-glide-lip-liner,True
F0223,e.l.f.,elf,Lip Cushion Nourishing Balm,economica,balsamo,no_declarado,hidratante,vegana por fórmula,True,libre de crueldad animal,True,0,Perfil dominado por ingredientes sin calificación favorable y control de viscosidad,14,False,https://inkeedecoder.com/products/e-l-f-lip-cushion-nourishing-balm,elf::lip-cushion-nourishing-balm,True
F0224,e.l.f.,elf,Squeeze Me Lip Balm,economica,balsamo,no_declarado,sin efecto declarado,no vegana,False,libre de crueldad animal,True,5,Perfil dominado por ingredientes destacados y diversidad de funciones,36,False,https://inkeedecoder.com/products/elf-squeeze-me-lip-balm,elf::squeeze-me-lip-balm,False
F0225,e.l.f.,elf,Ride Or Die Lip Balm,economica,balsamo,no_declarado,sin efecto declarado,no vegana,False,libre de crueldad animal,True,3,Perfil dominado por ingredientes bien calificados y carga antioxidante,11,False,https://inkeedecoder.com/products/e-l-f-ride-or-die-lip-balm,elf::ride-or-die-lip-balm,True
F0226,essence,essence,Juicy Bomb Lip Oil,economica,aceite,no_declarado,hidratante,vegana por fórmula,True,libre de crueldad animal,True,2,Perfil dominado por ingredientes mal calificados y carga de perfume,15,False,https://inkeedecoder.com/products/essence-juicy-bomb-lip-oil,essence::juicy-bomb-lip-oil,True
F0227,essence,essence,Extreme Care Hydrating Glossy Lip Balm,economica,balsamo,brillante,hidratante,no vegana,False,libre de crueldad animal,True,5,Perfil dominado por ingredientes destacados y diversidad de funciones,24,False,https://inkeedecoder.com/products/essence-extreme-care-hydrating-glossy-lip-balm-02-soft-peach,essence::extreme-care-hydrating-glossy-lip-balm,True
F0228,essence,essence,Heart Core Fruity Lip Balm,economica,balsamo,no_declarado,sin efecto declarado,vegana por fórmula,True,libre de crueldad animal,True,3,Perfil dominado por ingredientes bien calificados y carga antioxidante,21,False,https://inkeedecoder.com/products/essence-heart-core-fruity-lip-balm-02-sweet-strawberry,essence::heart-core-fruity-lip-balm,False
F0229,essence,essence,Glossy Glaze High Shine Lipstick,economica,barra,brillante,sin efecto declarado,vegana por fórmula,True,libre de crueldad animal,True,2,Perfil dominado por ingredientes mal calificados y carga de perfume,17,False,https://inkeedecoder.com/products/essence-glossy-glaze-high-shine-lipstick-01-livin-la-vida-mocha,essence::glossy-glaze-high-shine-lipstick,True
F0230,essence,essence,What A Tint! Lip & Cheek Tint,economica,tinte,no_declarado,sin efecto declarado,vegana por fórmula,True,libre de crueldad animal,True,6,Perfil dominado por carga de solventes y carga humectante,16,False,https://inkeedecoder.com/products/essence-what-a-tint-lip-cheek-tint-peachy-vibes,essence::what-a-tint-lip-cheek-tint,True
F0231,essence,essence,Juicy Bomb Shiny Lipgloss,economica,gloss,brillante,hidratante,vegana por fórmula,True,libre de crueldad animal,True,4,Perfil dominado por ingredientes de calificación superior y agentes quelantes,15,False,https://inkeedecoder.com/products/essence-juicy-bomb-shiny-lipgloss-04-crazy-cherry,essence::juicy-bomb-shiny-lipgloss,False
F0232,essence,essence,Satin Glow Shiny Lipstick,economica,barra,satinado,sin efecto declarado,vegana por fórmula,True,libre de crueldad animal,True,3,Perfil dominado por ingredientes bien calificados y carga antioxidante,15,False,https://inkeedecoder.com/products/essence-satin-glow-shiny-lipstick,essence::satin-glow-shiny-lipstick,True
F0233,essence,essence,Juicy Glow Juicy Bomb Lip Oil,economica,aceite,brillante,hidratante,vegana por fórmula,True,libre de crueldad animal,True,0,Perfil dominado por ingredientes sin calificación favorable y control de viscosidad,13,False,https://inkeedecoder.com/products/essence-juicy-glow-juicy-bomb-lip-oil-01-coconut-crush,essence::juicy-glow-juicy-bomb-lip-oil,False
F0234,essence,essence,Juicy Berry Tinted Lip & Cheek Balm,economica,balsamo,no_declarado,hidratante,vegana por fórmula,True,libre de crueldad animal,True,2,Perfil dominado por ingredientes mal calificados y carga de perfume,16,False,https://inkeedecoder.com/products/essence-juicy-berry-tinted-lip-cheek-balm,essence::juicy-berry-tinted-lip-cheek-balm,True
F0235,essence,essence,Colour Up Shine On Lipstick,economica,barra,brillante,sin efecto declarado,vegana por fórmula,True,libre de crueldad animal,True,0,Perfil dominado por ingredientes sin calificación favorable y control de viscosidad,14,False,https://inkeedecoder.com/products/essence-colour-up-shine-on-lipstick-12-behind-the-scenes,essence::colour-up-shine-on-lipstick,True
F0236,essence,essence,Poutline Soft Glide Lip Pencil,economica,delineador,no_declarado,sin efecto declarado,vegana por fórmula,True,libre de crueldad animal,True,3,Perfil dominado por ingredientes bien calificados y carga antioxidante,12,False,https://inkeedecoder.com/products/essence-poutline-soft-glide-lip-pencil,essence::poutline-soft-glide-lip-pencil,True
F0237,essence,essence,"Aloha, Babes! Pout Lip Balm",economica,balsamo,no_declarado,sin efecto declarado,vegana por fórmula,True,libre de crueldad animal,True,2,Perfil dominado por ingredientes mal calificados y carga de perfume,13,False,https://inkeedecoder.com/products/essence-aloha-babes-pout-lip-balm,essence::aloha-babes-pout-lip-balm,True
F0238,essence,essence,Juicy Bomb Shiny Lipgloss,economica,gloss,brillante,hidratante,vegana por fórmula,True,libre de crueldad animal,True,4,Perfil dominado por ingredientes de calificación superior y agentes quelantes,15,False,https://inkeedecoder.com/products/essence-juicy-bomb-shiny-lipgloss-01-proud-pitaya,essence::juicy-bomb-shiny-lipgloss,False
F0239,essence,essence,Heart Core Fruity Lip Balm,economica,balsamo,no_declarado,sin efecto declarado,vegana por fórmula,True,libre de crueldad animal,True,4,Perfil dominado por ingredientes de calificación superior y agentes quelantes,16,False,https://inkeedecoder.com/products/essence-heart-core-fruity-lip-balm-06-amazing-acai,essence::heart-core-fruity-lip-balm,False
F0240,essence,essence,Hydrating Nude Lipstick,economica,barra,no_declarado,hidratante,origen incierto,False,libre de crueldad animal,True,5,Perfil dominado por ingredientes destacados y diversidad de funciones,26,False,https://inkeedecoder.com/products/essence-hydrating-nude-lipstick,essence::hydrating-nude-lipstick,True
F0241,essence,essence,Tinted Kiss Hydrating Lip Tint,economica,tinte,no_declarado,hidratante,vegana por fórmula,True,libre de crueldad animal,True,6,Perfil dominado por carga de solventes y carga humectante,15,False,https://inkeedecoder.com/products/essence-tinted-kiss-hydrating-lip-tint,essence::tinted-kiss-hydrating-lip-tint,True
F0242,essence,essence,8h Matte Comfort Lipliner,economica,delineador,mate,larga duración,vegana por fórmula,True,libre de crueldad animal,True,2,Perfil dominado por ingredientes mal calificados y carga de perfume,11,False,https://inkeedecoder.com/products/essence-8h-matte-comfort-lipliner,essence::8h-matte-comfort-lipliner,True
F0243,essence,essence,Volumizing Collagen Vegan Lip Balm,economica,balsamo,no_declarado,voluminizador,no vegana,False,libre de crueldad animal,True,2,Perfil dominado por ingredientes mal calificados y carga de perfume,25,False,https://inkeedecoder.com/products/essence-volumizing-collagen-vegan-lip-balm,essence::volumizing-collagen-vegan-lip-balm,True
F0244,essence,essence,Kiss On Cheeks pH-Reacting Lip & Cheek Stick,economica,barra,no_declarado,sin efecto declarado,vegana por fórmula,True,libre de crueldad animal,True,2,Perfil dominado por ingredientes mal calificados y carga de perfume,16,False,https://inkeedecoder.com/products/essence-kiss-on-cheeks-ph-reacting-lip-cheek-stick,essence::kiss-on-cheeks-ph-reacting-lip-cheek-stick,True
F0245,essence,essence,Pink Is The New Black Colour-Changing Lip Tint,economica,tinte,no_declarado,sin efecto declarado,origen incierto,False,libre de crueldad animal,True,5,Perfil dominado por ingredientes destacados y diversidad de funciones,23,False,https://inkeedecoder.com/products/essence-pink-is-the-new-black-colour-changing-lip-tint,essence::pink-is-the-new-black-colour-changing-lip-tint,True
F0246,essence,essence,Soft Contouring Lip Liner,economica,delineador,no_declarado,sin efecto declarado,vegana por fórmula,True,libre de crueldad animal,True,0,Perfil dominado por ingredientes sin calificación favorable y control de viscosidad,8,False,https://inkeedecoder.com/products/essence-soft-contouring-lip-liner,essence::soft-contouring-lip-liner,True
F0247,essence,essence,Ticket For... A Smile Lip Oil Roll-On,economica,aceite,no_declarado,sin efecto declarado,vegana por fórmula,True,libre de crueldad animal,True,2,Perfil dominado por ingredientes mal calificados y carga de perfume,7,False,https://inkeedecoder.com/products/essence-ticket-for-a-smile-lip-oil-roll-on,essence::ticket-for-a-smile-lip-oil-roll-on,True
F0248,essence,essence,Lip Care Booster Lip Peeling,economica,balsamo,no_declarado,voluminizador,vegana por fórmula,True,libre de crueldad animal,True,4,Perfil dominado por ingredientes de calificación superior y agentes quelantes,19,False,https://inkeedecoder.com/products/essence-lip-care-booster-lip-peeling,essence::lip-care-booster-lip-peeling,True
F0249,essence,essence,8h Matte Liquid Lipstick,economica,liquido,mate,larga duración,vegana por fórmula,True,libre de crueldad animal,True,0,Perfil dominado por ingredientes sin calificación favorable y control de viscosidad,15,False,https://inkeedecoder.com/products/essence-8h-matte-liquid-lipstick,essence::8h-matte-liquid-lipstick,True
F0250,essence,essence,Heart Core Fruity Lip Balm,economica,balsamo,no_declarado,sin efecto declarado,vegana por fórmula,True,libre de crueldad animal,True,3,Perfil dominado por ingredientes bien calificados y carga antioxidante,22,False,https://inkeedecoder.com/products/essence-heart-core-fruity-lip-balm-01-crazy-cherry,essence::heart-core-fruity-lip-balm,False
F0251,essence,essence,Lip Care Hydra Oil Core Balm,economica,balsamo,no_declarado,hidratante,vegana por fórmula,True,libre de crueldad animal,True,5,Perfil dominado por ingredientes destacados y diversidad de funciones,32,False,https://inkeedecoder.com/products/essence-lip-care-hydra-oil-core-balm,essence::lip-care-hydra-oil-core-balm,True
F0252,essence,essence,The Super Peptide Glossy Lip Butter,economica,balsamo,brillante,sin efecto declarado,vegana por fórmula,True,libre de crueldad animal,True,2,Perfil dominado por ingredientes mal calificados y carga de perfume,21,False,https://inkeedecoder.com/products/essence-the-super-peptide-glossy-lip-butter-03-cozy-caramel-latte,essence::the-super-peptide-glossy-lip-butter,True
F0253,essence,essence,"Bloom Baby, Bloom! Nectar Lipgloss",economica,gloss,no_declarado,sin efecto declarado,vegana por fórmula,True,libre de crueldad animal,True,3,Perfil dominado por ingredientes bien calificados y carga antioxidante,9,False,https://inkeedecoder.com/products/essence-bloom-baby-bloom-nectar-lipgloss-01-hibis-kiss,essence::bloom-baby-bloom-nectar-lipgloss,True
F0254,essence,essence,Holo Bomb Shiny Lipgloss,economica,gloss,brillante,sin efecto declarado,vegana por fórmula,True,libre de crueldad animal,True,4,Perfil dominado por ingredientes de calificación superior y agentes quelantes,18,False,https://inkeedecoder.com/products/essence-holo-bomb-shiny-lipgloss,essence::holo-bomb-shiny-lipgloss,True
F0255,essence,essence,Soft & Precise Lip Pencil,economica,delineador,no_declarado,sin efecto declarado,vegana por fórmula,True,libre de crueldad animal,True,3,Perfil dominado por ingredientes bien calificados y carga antioxidante,7,False,https://inkeedecoder.com/products/essence-soft-precise-lip-pencil-412-everyberry-s-darling,essence::soft-precise-lip-pencil,True
F0256,essence,essence,Pearly Potion Multi-Reflective Lipgloss,economica,gloss,perlado,sin efecto declarado,vegana por fórmula,True,libre de crueldad animal,True,2,Perfil dominado por ingredientes mal calificados y carga de perfume,16,False,https://inkeedecoder.com/products/essence-pearly-potion-multi-reflective-lipgloss,essence::pearly-potion-multi-reflective-lipgloss,True
F0257,essence,essence,Juicy Glow Juicy Bomb Lip Oil,economica,aceite,brillante,hidratante,vegana por fórmula,True,libre de crueldad animal,True,2,Perfil dominado por ingredientes mal calificados y carga de perfume,15,False,https://inkeedecoder.com/products/essence-juicy-glow-juicy-bomb-lip-oil-03-mandarin-miracle,essence::juicy-glow-juicy-bomb-lip-oil,True
F0258,essence,essence,Meta Glow Colour Changing Lipstick,economica,barra,brillante,sin efecto declarado,vegana por fórmula,True,libre de crueldad animal,True,0,Perfil dominado por ingredientes sin calificación favorable y control de viscosidad,20,False,https://inkeedecoder.com/products/essence-meta-glow-colour-changing-lipstick,essence::meta-glow-colour-changing-lipstick,True
F0259,essence,essence,Vintage Beach Coconut Lip Conditioner,economica,balsamo,no_declarado,sin efecto declarado,vegana por fórmula,True,libre de crueldad animal,True,4,Perfil dominado por ingredientes de calificación superior y agentes quelantes,26,False,https://inkeedecoder.com/products/essence-vintage-beach-coconut-lip-conditioner,essence::vintage-beach-coconut-lip-conditioner,True
F0260,essence,essence,Everlasting Blooms Lip & Cheek Stick,economica,barra,no_declarado,sin efecto declarado,vegana por fórmula,True,libre de crueldad animal,True,0,Perfil dominado por ingredientes sin calificación favorable y control de viscosidad,11,False,https://inkeedecoder.com/products/essence-everlasting-blooms-lip-cheek-stick,essence::everlasting-blooms-lip-cheek-stick,True
F0261,essence,essence,Algae Lip Oil,economica,aceite,no_declarado,sin efecto declarado,vegana por fórmula,True,libre de crueldad animal,True,2,Perfil dominado por ingredientes mal calificados y carga de perfume,15,False,https://inkeedecoder.com/products/essence-algae-lip-oil,essence::algae-lip-oil,True
F0262,essence,essence,Juicy Bomb Shiny Lipgloss,economica,gloss,brillante,hidratante,vegana por fórmula,True,libre de crueldad animal,True,4,Perfil dominado por ingredientes de calificación superior y agentes quelantes,17,False,https://inkeedecoder.com/products/essence-juicy-bomb-shiny-lipgloss-08-pretty-plum,essence::juicy-bomb-shiny-lipgloss,False
F0263,essence,essence,So Mesmerizing Colour-Changing Lipstick,economica,barra,no_declarado,sin efecto declarado,vegana por fórmula,True,libre de crueldad animal,True,0,Perfil dominado por ingredientes sin calificación favorable y control de viscosidad,11,False,https://inkeedecoder.com/products/essence-so-mesmerizing-colour-changing-lipstick,essence::so-mesmerizing-colour-changing-lipstick,True
F0264,essence,essence,Bloomin' Bright Lip Glow Stick,economica,barra,brillante,sin efecto declarado,vegana por fórmula,True,libre de crueldad animal,True,0,Perfil dominado por ingredientes sin calificación favorable y control de viscosidad,15,False,https://inkeedecoder.com/products/essence-bloomin-bright-lip-glow-stick,essence::bloomin-bright-lip-glow-stick,True
F0265,essence,essence,Juicy Glow Juicy Bomb Lip Oil,economica,aceite,brillante,hidratante,vegana por fórmula,True,libre de crueldad animal,True,2,Perfil dominado por ingredientes mal calificados y carga de perfume,15,False,https://inkeedecoder.com/products/essence-juicy-glow-juicy-bomb-lip-oil-04-mint-magic,essence::juicy-glow-juicy-bomb-lip-oil,False
F0266,essence,essence,Juicy Bomb Shiny Lipgloss,economica,gloss,brillante,hidratante,vegana por fórmula,True,libre de crueldad animal,True,4,Perfil dominado por ingredientes de calificación superior y agentes quelantes,14,False,https://inkeedecoder.com/products/essence-juicy-bomb-shiny-lipgloss-103-proud-papaya,essence::juicy-bomb-shiny-lipgloss,False
F0267,essence,essence,What A Tint! Lip & Cheek Tint,economica,tinte,no_declarado,sin efecto declarado,vegana por fórmula,True,libre de crueldad animal,True,6,Perfil dominado por carga de solventes y carga humectante,16,False,https://inkeedecoder.com/products/essence-what-a-tint-lip-cheek-tint,essence::what-a-tint-lip-cheek-tint,False
F0268,essence,essence,Pink Is The New Black Colour-Changing Lip & Cheek Balm,economica,balsamo,no_declarado,sin efecto declarado,vegana por fórmula,True,libre de crueldad animal,True,3,Perfil dominado por ingredientes bien calificados y carga antioxidante,14,False,https://inkeedecoder.com/products/essence-pink-is-the-new-black-colour-changing-lip-cheek-balm,essence::pink-is-the-new-black-colour-changing-lip-cheek-balm,True
F0269,essence,essence,Electric Glow Colour Changing Lip & Cheek Oil,economica,aceite,brillante,sin efecto declarado,vegana por fórmula,True,libre de crueldad animal,True,4,Perfil dominado por ingredientes de calificación superior y agentes quelantes,10,False,https://inkeedecoder.com/products/essence-electric-glow-colour-changing-lip-cheek-oil,essence::electric-glow-colour-changing-lip-cheek-oil,True
F0270,essence,essence,Juicy Bomb Shiny Lipgloss,economica,gloss,brillante,hidratante,vegana por fórmula,True,libre de crueldad animal,True,4,Perfil dominado por ingredientes de calificación superior y agentes quelantes,19,False,https://inkeedecoder.com/products/essence-juicy-bomb-shiny-lipgloss-09-fresh-banana,essence::juicy-bomb-shiny-lipgloss,False
F0271,essence,essence,Lip Care Booster Lip Butter,economica,balsamo,cremoso,voluminizador,vegana por fórmula,True,libre de crueldad animal,True,4,Perfil dominado por ingredientes de calificación superior y agentes quelantes,24,False,https://inkeedecoder.com/products/essence-lip-care-booster-lip-butter,essence::lip-care-booster-lip-butter,True
F0272,essence,essence,Catching Clouds Swirl Lip Balm,economica,balsamo,no_declarado,sin efecto declarado,vegana por fórmula,True,libre de crueldad animal,True,2,Perfil dominado por ingredientes mal calificados y carga de perfume,15,False,https://inkeedecoder.com/products/essence-catching-clouds-swirl-lip-balm,essence::catching-clouds-swirl-lip-balm,True
F0273,essence,essence,Fruit Kiss Caring Lip Balm In,economica,balsamo,no_declarado,sin efecto declarado,vegana por fórmula,True,libre de crueldad animal,True,4,Perfil dominado por ingredientes de calificación superior y agentes quelantes,15,False,https://inkeedecoder.com/products/essence-fruit-kiss-caring-lip-balm-in-06-coconut-lust,essence::fruit-kiss-caring-lip-balm-in,False
F0274,essence,essence,Baby Got Glaze Balm Stick,economica,balsamo,brillante,sin efecto declarado,vegana por fórmula,True,libre de crueldad animal,True,3,Perfil dominado por ingredientes bien calificados y carga antioxidante,11,False,https://inkeedecoder.com/products/essence-baby-got-glaze-balm-stick,essence::baby-got-glaze-balm-stick,True
F0275,essence,essence,What The Fake! Extreme Plumping Lip Filler With Chili Extract,economica,balsamo,no_declarado,voluminizador,vegana por fórmula,True,libre de crueldad animal,True,1,Perfil dominado por carga exfoliante y diversidad de funciones,19,True,https://inkeedecoder.com/products/essence-what-the-fake-extreme-plumping-lip-filler-with-chili-extract,essence::what-the-fake-extreme-plumping-lip-filler-with-chili-extract,True
F0276,essence,essence,Hello Kitty Caring Sheer Lipstick,economica,barra,no_declarado,sin efecto declarado,vegana por fórmula,True,libre de crueldad animal,True,2,Perfil dominado por ingredientes mal calificados y carga de perfume,17,False,https://inkeedecoder.com/products/essence-hello-kitty-caring-sheer-lipstick,essence::hello-kitty-caring-sheer-lipstick,True
F0277,essence,essence,Cute As Shell pH-Reacting Lip Tint,economica,tinte,no_declarado,sin efecto declarado,vegana por fórmula,True,libre de crueldad animal,True,1,Perfil dominado por carga exfoliante y diversidad de funciones,12,False,https://inkeedecoder.com/products/essence-cute-as-shell-ph-reacting-lip-tint,essence::cute-as-shell-ph-reacting-lip-tint,True
F0278,essence,essence,Fruit Kiss Caring Lip Balm In,economica,balsamo,no_declarado,sin efecto declarado,origen incierto,False,libre de crueldad animal,True,4,Perfil dominado por ingredientes de calificación superior y agentes quelantes,19,False,https://inkeedecoder.com/products/essence-fruit-kiss-caring-lip-balm-in-01-raspberry-dream,essence::fruit-kiss-caring-lip-balm-in,True
F0279,essence,essence,Lip Care Booster Caring Lip Peeling,economica,balsamo,no_declarado,voluminizador,vegana por fórmula,True,libre de crueldad animal,True,4,Perfil dominado por ingredientes de calificación superior y agentes quelantes,22,False,https://inkeedecoder.com/products/essence-lip-care-booster-caring-lip-peeling,essence::lip-care-booster-caring-lip-peeling,True
F0280,essence,essence,Hydra Kiss Lip Oil,economica,aceite,no_declarado,hidratante,vegana por fórmula,True,libre de crueldad animal,True,2,Perfil dominado por ingredientes mal calificados y carga de perfume,15,False,https://inkeedecoder.com/products/essence-hydra-kiss-lip-oil,essence::hydra-kiss-lip-oil,False
F0281,essence,essence,Extreme Shine Volume Lipgloss,economica,gloss,brillante,voluminizador,vegana por fórmula,True,libre de crueldad animal,True,0,Perfil dominado por ingredientes sin calificación favorable y control de viscosidad,12,False,https://inkeedecoder.com/products/essence-extreme-shine-volume-lipgloss-biscuit-bliss,essence::extreme-shine-volume-lipgloss,False
F0282,essence,essence,Cranberry Lip Oil,economica,aceite,no_declarado,sin efecto declarado,vegana por fórmula,True,libre de crueldad animal,True,2,Perfil dominado por ingredientes mal calificados y carga de perfume,10,False,https://inkeedecoder.com/products/essence-cranberry-lip-oil,essence::cranberry-lip-oil,True
F0283,essence,essence,Heart Core Fruity Lip Balm,economica,balsamo,no_declarado,sin efecto declarado,vegana por fórmula,True,libre de crueldad animal,True,3,Perfil dominado por ingredientes bien calificados y carga antioxidante,22,False,https://inkeedecoder.com/products/essence-heart-core-fruity-lip-balm-03-wild-watermelon,essence::heart-core-fruity-lip-balm,False
F0284,essence,essence,Extreme Shine Volume Lipgloss,economica,gloss,brillante,voluminizador,vegana por fórmula,True,libre de crueldad animal,True,0,Perfil dominado por ingredientes sin calificación favorable y control de viscosidad,13,False,https://inkeedecoder.com/products/essence-extreme-shine-volume-lipgloss-08,essence::extreme-shine-volume-lipgloss,True
F0285,essence,essence,Chilly Vanilly Lip Glaze,economica,gloss,brillante,sin efecto declarado,no vegana,False,libre de crueldad animal,True,4,Perfil dominado por ingredientes de calificación superior y agentes quelantes,19,False,https://inkeedecoder.com/products/essence-chilly-vanilly-lip-glaze,essence::chilly-vanilly-lip-glaze,True
F0286,essence,essence,The Super Peptide Glossy Lip Treatment,economica,balsamo,brillante,sin efecto declarado,origen incierto,False,libre de crueldad animal,True,3,Perfil dominado por ingredientes bien calificados y carga antioxidante,23,False,https://inkeedecoder.com/products/essence-the-super-peptide-glossy-lip-treatment-03-toffeetastic,essence::the-super-peptide-glossy-lip-treatment,True
F0287,essence,essence,Extreme Shine Lipgloss,economica,gloss,brillante,sin efecto declarado,vegana por fórmula,True,libre de crueldad animal,True,0,Perfil dominado por ingredientes sin calificación favorable y control de viscosidad,15,False,https://inkeedecoder.com/products/essence-extreme-shine-lipgloss,essence::extreme-shine-lipgloss,True
F0288,essence,essence,Juicy Bomb Shiny Lipgloss,economica,gloss,brillante,hidratante,vegana por fórmula,True,libre de crueldad animal,True,4,Perfil dominado por ingredientes de calificación superior y agentes quelantes,16,False,https://inkeedecoder.com/products/essence-juicy-bomb-shiny-lipgloss-104-poppin-pomegranate,essence::juicy-bomb-shiny-lipgloss,False
F0289,essence,essence,Golden Days Ahead Lip Oil,economica,aceite,no_declarado,sin efecto declarado,vegana por fórmula,True,libre de crueldad animal,True,3,Perfil dominado por ingredientes bien calificados y carga antioxidante,11,False,https://inkeedecoder.com/products/essence-golden-days-ahead-lip-oil,essence::golden-days-ahead-lip-oil,True
F0290,essence,essence,Ginseng Lip Oil,economica,aceite,no_declarado,sin efecto declarado,vegana por fórmula,True,libre de crueldad animal,True,2,Perfil dominado por ingredientes mal calificados y carga de perfume,15,False,https://inkeedecoder.com/products/essence-ginseng-lip-oil,essence::ginseng-lip-oil,True
F0291,essence,essence,The Super Balm Glossy Lip Treatment,economica,balsamo,brillante,sin efecto declarado,vegana por fórmula,True,libre de crueldad animal,True,3,Perfil dominado por ingredientes bien calificados y carga antioxidante,18,False,https://inkeedecoder.com/products/essence-the-super-balm-glossy-lip-treatment,essence::the-super-balm-glossy-lip-treatment,True
F0292,essence,essence,Juicy Bomb Glossy Butter Balm,economica,balsamo,brillante,hidratante,vegana por fórmula,True,libre de crueldad animal,True,3,Perfil dominado por ingredientes bien calificados y carga antioxidante,19,False,https://inkeedecoder.com/products/essence-juicy-bomb-glossy-butter-balm,essence::juicy-bomb-glossy-butter-balm,False
F0293,essence,essence,Juicy Bomb Shiny Lipgloss,economica,gloss,brillante,hidratante,vegana por fórmula,True,libre de crueldad animal,True,4,Perfil dominado por ingredientes de calificación superior y agentes quelantes,13,False,https://inkeedecoder.com/products/essence-juicy-bomb-shiny-lipgloss-13-im-allergic-to-color,essence::juicy-bomb-shiny-lipgloss,False
F0294,essence,essence,This Is Nude Lipstick,economica,barra,no_declarado,sin efecto declarado,vegana por fórmula,True,libre de crueldad animal,True,2,Perfil dominado por ingredientes mal calificados y carga de perfume,17,False,https://inkeedecoder.com/products/essence-this-is-nude-lipstick-crazy,essence::this-is-nude-lipstick,False
F0295,essence,essence,What The Fake! Oh My Plump! Plumping Lip Filler.,economica,balsamo,no_declarado,voluminizador,vegana por fórmula,True,libre de crueldad animal,True,2,Perfil dominado por ingredientes mal calificados y carga de perfume,24,True,https://inkeedecoder.com/products/essence-what-the-fake-oh-my-plump-plumping-lip-filler,essence::what-the-fake-oh-my-plump-plumping-lip-filler,True
F0296,essence,essence,Shine Shine Shine Lipgloss,economica,gloss,brillante,sin efecto declarado,vegana por fórmula,True,libre de crueldad animal,True,0,Perfil dominado por ingredientes sin calificación favorable y control de viscosidad,11,False,https://inkeedecoder.com/products/essence-shine-shine-shine-lipgloss,essence::shine-shine-shine-lipgloss,True
F0297,essence,essence,Juicy Bomb Glossy Butter Balm,economica,balsamo,brillante,hidratante,vegana por fórmula,True,libre de crueldad animal,True,3,Perfil dominado por ingredientes bien calificados y carga antioxidante,18,False,https://inkeedecoder.com/products/essence-juicy-bomb-glossy-butter-balm-06-wake-me-up-before-you-coco,essence::juicy-bomb-glossy-butter-balm,False
F0298,essence,essence,Heart Core Fruity Lip Balm,economica,balsamo,no_declarado,sin efecto declarado,vegana por fórmula,True,libre de crueldad animal,True,2,Perfil dominado por ingredientes mal calificados y carga de perfume,23,False,https://inkeedecoder.com/products/essence-heart-core-fruity-lip-balm-04-lucky-lemon,essence::heart-core-fruity-lip-balm,True
F0299,essence,essence,Melting For Ice Cream pH-Reacting Lip Cream,economica,liquido,cremoso,sin efecto declarado,vegana por fórmula,True,libre de crueldad animal,True,1,Perfil dominado por carga exfoliante y diversidad de funciones,15,False,https://inkeedecoder.com/products/essence-melting-for-ice-cream-ph-reacting-lip-cream-02-vanilla-la-love,essence::melting-for-ice-cream-ph-reacting-lip-cream,False
F0300,essence,essence,Hydra Matte Lipstick,economica,barra,mate,hidratante,origen incierto,False,libre de crueldad animal,True,3,Perfil dominado por ingredientes bien calificados y carga antioxidante,22,False,https://inkeedecoder.com/products/essence-hydra-matte-lipstick,essence::hydra-matte-lipstick,True
F0301,essence,essence,Juicy Glow Hydrating Papaya Lip Patch,economica,tinte,brillante,hidratante,vegana por fórmula,True,libre de crueldad animal,True,6,Perfil dominado por carga de solventes y carga humectante,29,False,https://inkeedecoder.com/products/essence-juicy-glow-hydrating-papaya-lip-patch,essence::juicy-glow-hydrating-papaya-lip-patch,True
F0302,essence,essence,Melting For Ice Cream pH-Reacting Lip Cream,economica,liquido,cremoso,sin efecto declarado,vegana por fórmula,True,libre de crueldad animal,True,1,Perfil dominado por carga exfoliante y diversidad de funciones,16,False,https://inkeedecoder.com/products/essence-melting-for-ice-cream-ph-reacting-lip-cream-01-soft-sweet-creamy,essence::melting-for-ice-cream-ph-reacting-lip-cream,True
F0303,essence,essence,Glowcerin Glycerin Lip Treatment,economica,balsamo,no_declarado,sin efecto declarado,origen incierto,False,libre de crueldad animal,True,5,Perfil dominado por ingredientes destacados y diversidad de funciones,22,False,https://inkeedecoder.com/products/essence-glowcerin-glycerin-lip-treatment,essence::glowcerin-glycerin-lip-treatment,True
F0304,essence,essence,So Cherry Happy Peptide Lipgloss,economica,gloss,no_declarado,sin efecto declarado,origen incierto,False,libre de crueldad animal,True,1,Perfil dominado por carga exfoliante y diversidad de funciones,20,False,https://inkeedecoder.com/products/essence-so-cherry-happy-peptide-lipgloss,essence::so-cherry-happy-peptide-lipgloss,True
F0305,essence,essence,Juicy Bomb Shiny Lipgloss,economica,gloss,brillante,hidratante,vegana por fórmula,True,libre de crueldad animal,True,4,Perfil dominado por ingredientes de calificación superior y agentes quelantes,15,False,https://inkeedecoder.com/products/essence-juicy-bomb-shiny-lipgloss-02-lovely-raspberry,essence::juicy-bomb-shiny-lipgloss,False
F0306,essence,essence,Cute As Shell Lip Balm,economica,balsamo,no_declarado,sin efecto declarado,vegana por fórmula,True,libre de crueldad animal,True,2,Perfil dominado por ingredientes mal calificados y carga de perfume,17,False,https://inkeedecoder.com/products/essence-cute-as-shell-lip-balm,essence::cute-as-shell-lip-balm,True
F0307,essence,essence,What The Fake! Extreme Plumping Lip Filler Icy Effect,economica,balsamo,no_declarado,voluminizador,vegana por fórmula,True,libre de crueldad animal,True,1,Perfil dominado por carga exfoliante y diversidad de funciones,19,True,https://inkeedecoder.com/products/essence-what-the-fake-extreme-plumping-lip-filler-icy-effect,essence::what-the-fake-extreme-plumping-lip-filler-icy-effect,True
F0308,essence,essence,Juicy Melon Tinted Lip & Cheek Balm,economica,balsamo,no_declarado,hidratante,vegana por fórmula,True,libre de crueldad animal,True,2,Perfil dominado por ingredientes mal calificados y carga de perfume,15,False,https://inkeedecoder.com/products/essence-juicy-melon-tinted-lip-cheek-balm,essence::juicy-melon-tinted-lip-cheek-balm,True
F0309,essence,essence,Juicy Bomb Shiny Lipgloss,economica,gloss,brillante,hidratante,vegana por fórmula,True,libre de crueldad animal,True,4,Perfil dominado por ingredientes de calificación superior y agentes quelantes,12,False,https://inkeedecoder.com/products/essence-juicy-bomb-shiny-lipgloss-105-bouncy-bubblegum,essence::juicy-bomb-shiny-lipgloss,False
F0310,essence,essence,What A Tint! Lip & Cheek Tint,economica,tinte,no_declarado,sin efecto declarado,vegana por fórmula,True,libre de crueldad animal,True,6,Perfil dominado por carga de solventes y carga humectante,16,False,https://inkeedecoder.com/products/essence-what-a-tint-lip-cheek-tint-coral-sunset,essence::what-a-tint-lip-cheek-tint,False
F0311,essence,essence,Juicy Bomb Glossy Butter Balm,economica,balsamo,brillante,hidratante,vegana por fórmula,True,libre de crueldad animal,True,2,Perfil dominado por ingredientes mal calificados y carga de perfume,22,False,https://inkeedecoder.com/products/essence-juicy-bomb-glossy-butter-balm-03-time-to-pitaya,essence::juicy-bomb-glossy-butter-balm,True
F0312,essence,essence,The Super Peptide Glossy Lip Treatment,economica,balsamo,brillante,sin efecto declarado,origen incierto,False,libre de crueldad animal,True,3,Perfil dominado por ingredientes bien calificados y carga antioxidante,20,False,https://inkeedecoder.com/products/essence-the-super-peptide-glossy-lip-treatment,essence::the-super-peptide-glossy-lip-treatment,False
F0313,essence,essence,Meta Glow Multi-Reflective Lipgloss,economica,gloss,brillante,sin efecto declarado,vegana por fórmula,True,libre de crueldad animal,True,2,Perfil dominado por ingredientes mal calificados y carga de perfume,13,False,https://inkeedecoder.com/products/essence-meta-glow-multi-reflective-lipgloss-01-cyber-space,essence::meta-glow-multi-reflective-lipgloss,True
F0314,essence,essence,Juicy Glow Juicy Bomb Lip Oil,economica,aceite,brillante,hidratante,vegana por fórmula,True,libre de crueldad animal,True,2,Perfil dominado por ingredientes mal calificados y carga de perfume,14,False,https://inkeedecoder.com/products/essence-juicy-glow-juicy-bomb-lip-oil-02-strawberry-star,essence::juicy-glow-juicy-bomb-lip-oil,False
F0315,essence,essence,Extreme Care Hydrating Glossy Lipbalm,economica,balsamo,brillante,hidratante,no vegana,False,libre de crueldad animal,True,5,Perfil dominado por ingredientes destacados y diversidad de funciones,24,False,https://inkeedecoder.com/products/essence-extreme-care-hydrating-glossy-lipbalm,essence::extreme-care-hydrating-glossy-lipbalm,True
F0316,essence,essence,Hydra Kiss Lip Oil,economica,aceite,no_declarado,hidratante,vegana por fórmula,True,libre de crueldad animal,True,2,Perfil dominado por ingredientes mal calificados y carga de perfume,17,False,https://inkeedecoder.com/products/essence-hydra-kiss-lip-oil-classy-glassy,essence::hydra-kiss-lip-oil,True
F0317,essence,essence,Plumping Nudes Lipgloss,economica,gloss,no_declarado,voluminizador,vegana por fórmula,True,libre de crueldad animal,True,0,Perfil dominado por ingredientes sin calificación favorable y control de viscosidad,10,False,https://inkeedecoder.com/products/essence-plumping-nudes-lipgloss,essence::plumping-nudes-lipgloss,True
F0318,essence,essence,Pink Is The New Black Colour-Changing Lip Glow,economica,barra,brillante,sin efecto declarado,vegana por fórmula,True,libre de crueldad animal,True,1,Perfil dominado por carga exfoliante y diversidad de funciones,15,False,https://inkeedecoder.com/products/essence-pink-is-the-new-black-colour-changing-lip-glow,essence::pink-is-the-new-black-colour-changing-lip-glow,True
F0319,essence,essence,So Mesmerizing Shimmer Lip Oil,economica,aceite,perlado,sin efecto declarado,vegana por fórmula,True,libre de crueldad animal,True,2,Perfil dominado por ingredientes mal calificados y carga de perfume,12,False,https://inkeedecoder.com/products/essence-so-mesmerizing-shimmer-lip-oil,essence::so-mesmerizing-shimmer-lip-oil,True
F0320,essence,essence,This Is Nude Lipstick,economica,barra,no_declarado,sin efecto declarado,vegana por fórmula,True,libre de crueldad animal,True,2,Perfil dominado por ingredientes mal calificados y carga de perfume,18,False,https://inkeedecoder.com/products/essence-this-is-nude-lipstick,essence::this-is-nude-lipstick,True
F0321,essence,essence,Hydra Kiss Lip Oil,economica,aceite,no_declarado,hidratante,vegana por fórmula,True,libre de crueldad animal,True,2,Perfil dominado por ingredientes mal calificados y carga de perfume,15,False,https://inkeedecoder.com/products/essence-hydra-kiss-lip-oil-pocketful-of-sunshine,essence::hydra-kiss-lip-oil,False
F0322,essence,essence,What The Fake! Glass Shine Plumping Lip Filler,economica,aceite,brillante,voluminizador,vegana por fórmula,True,libre de crueldad animal,True,2,Perfil dominado por ingredientes mal calificados y carga de perfume,18,False,https://inkeedecoder.com/products/essence-what-the-fake-glass-shine-plumping-lip-filler,essence::what-the-fake-glass-shine-plumping-lip-filler,True
F0323,essence,essence,Cool Collagen Plumping Lipstick,economica,barra,no_declarado,voluminizador,no vegana,False,libre de crueldad animal,True,2,Perfil dominado por ingredientes mal calificados y carga de perfume,22,False,https://inkeedecoder.com/products/essence-cool-collagen-plumping-lipstick,essence::cool-collagen-plumping-lipstick,True
F0324,essence,essence,Juicy Bomb Shiny Lipgloss,economica,gloss,brillante,hidratante,vegana por fórmula,True,libre de crueldad animal,True,4,Perfil dominado por ingredientes de calificación superior y agentes quelantes,13,False,https://inkeedecoder.com/products/essence-juicy-bomb-shiny-lipgloss-106-mellow-mango,essence::juicy-bomb-shiny-lipgloss,False
F0325,essence,essence,Birthday Bomb Shiny Lipgloss,economica,gloss,brillante,sin efecto declarado,vegana por fórmula,True,libre de crueldad animal,True,4,Perfil dominado por ingredientes de calificación superior y agentes quelantes,13,False,https://inkeedecoder.com/products/essence-birthday-bomb-shiny-lipgloss,essence::birthday-bomb-shiny-lipgloss,True
F0326,essence,essence,The Super Peptide Glossy Lip Treatment,economica,balsamo,brillante,sin efecto declarado,origen incierto,False,libre de crueldad animal,True,3,Perfil dominado por ingredientes bien calificados y carga antioxidante,23,False,https://inkeedecoder.com/products/essence-the-super-peptide-glossy-lip-treatment-02-pinkified,essence::the-super-peptide-glossy-lip-treatment,False
F0327,essence,essence,Line N' Stain! Tattoo Lip Liner,economica,delineador,no_declarado,sin efecto declarado,origen incierto,False,libre de crueldad animal,True,6,Perfil dominado por carga de solventes y carga humectante,20,False,https://inkeedecoder.com/products/essence-line-n-stain-tattoo-lip-liner-01-everyones-nude-pink,essence::line-n-stain-tattoo-lip-liner,True
F0328,essence,essence,Heart Core Fruity Lip Balm,economica,balsamo,no_declarado,sin efecto declarado,vegana por fórmula,True,libre de crueldad animal,True,4,Perfil dominado por ingredientes de calificación superior y agentes quelantes,14,False,https://inkeedecoder.com/products/essence-heart-core-fruity-lip-balm-05-bold-blackberry,essence::heart-core-fruity-lip-balm,False
F0329,essence,essence,Lip Care Booster Lip Serum,economica,balsamo,no_declarado,voluminizador,vegana por fórmula,True,libre de crueldad animal,True,4,Perfil dominado por ingredientes de calificación superior y agentes quelantes,27,False,https://inkeedecoder.com/products/essence-lip-care-booster-lip-serum-10-peach-oil,essence::lip-care-booster-lip-serum,True
F0330,essence,essence,Juicy Bomb Shiny Lipgloss,economica,gloss,brillante,hidratante,vegana por fórmula,True,libre de crueldad animal,True,4,Perfil dominado por ingredientes de calificación superior y agentes quelantes,20,False,https://inkeedecoder.com/products/essence-juicy-bomb-shiny-lipgloss-10-sweet-mint,essence::juicy-bomb-shiny-lipgloss,True
F0331,essence,essence,What The Fake! Pepper Me Up! Extreme Plumping Lip Filler,economica,balsamo,no_declarado,voluminizador,vegana por fórmula,True,libre de crueldad animal,True,1,Perfil dominado por carga exfoliante y diversidad de funciones,20,True,https://inkeedecoder.com/products/essence-what-the-fake-pepper-me-up-extreme-plumping-lip-filler,essence::what-the-fake-pepper-me-up-extreme-plumping-lip-filler,True
F0332,essence,essence,The Slim Stick Lipstick,economica,barra,no_declarado,sin efecto declarado,vegana por fórmula,True,libre de crueldad animal,True,3,Perfil dominado por ingredientes bien calificados y carga antioxidante,17,False,https://inkeedecoder.com/products/essence-the-slim-stick-lipstick,essence::the-slim-stick-lipstick,True
F0333,essence,essence,Peppermint Glow Lip Balm,economica,balsamo,brillante,sin efecto declarado,origen incierto,False,libre de crueldad animal,True,2,Perfil dominado por ingredientes mal calificados y carga de perfume,25,False,https://inkeedecoder.com/products/essence-peppermint-glow-lip-balm,essence::peppermint-glow-lip-balm,True
F0334,essence,essence,Juicy Bomb Shiny Lipgloss,economica,gloss,brillante,hidratante,vegana por fórmula,True,libre de crueldad animal,True,4,Perfil dominado por ingredientes de calificación superior y agentes quelantes,14,False,https://inkeedecoder.com/products/essence-juicy-bomb-shiny-lipgloss-107-glowy-gummy,essence::juicy-bomb-shiny-lipgloss,False
F0335,essence,essence,Juicy Bomb Shiny Lipgloss,economica,gloss,brillante,hidratante,vegana por fórmula,True,libre de crueldad animal,True,4,Perfil dominado por ingredientes de calificación superior y agentes quelantes,12,False,https://inkeedecoder.com/products/essence-juicy-bomb-shiny-lipgloss-102-witty-watermelon,essence::juicy-bomb-shiny-lipgloss,False
F0336,essence,essence,Juicy Bomb Glossy Butter Balm,economica,balsamo,brillante,hidratante,vegana por fórmula,True,libre de crueldad animal,True,3,Perfil dominado por ingredientes bien calificados y carga antioxidante,19,False,https://inkeedecoder.com/products/essence-juicy-bomb-glossy-butter-balm-02-so-berry-cute,essence::juicy-bomb-glossy-butter-balm,False
F0337,essence,essence,Caring Tint Lip Balm,economica,balsamo,no_declarado,sin efecto declarado,origen incierto,False,libre de crueldad animal,True,2,Perfil dominado por ingredientes mal calificados y carga de perfume,25,False,https://inkeedecoder.com/products/essence-caring-tint-lip-balm,essence::caring-tint-lip-balm,True
F0338,Fenty Beauty,fenty-beauty,Gloss Bomb Ice Cooling Lip Luminizer,alta,gloss,brillante,sin efecto declarado,vegana por fórmula,True,evidencia contradictoria,False,2,Perfil dominado por ingredientes mal calificados y carga de perfume,24,False,https://inkeedecoder.com/products/fenty-beauty-gloss-bomb-ice-cooling-lip-luminizer-pineapple,fenty-beauty::gloss-bomb-ice-cooling-lip-luminizer,True
F0339,Fenty Beauty,fenty-beauty,Icon The Fill Semi-matte Refillable Lipstick,alta,barra,mate,sin efecto declarado,vegana por fórmula,True,evidencia contradictoria,False,5,Perfil dominado por ingredientes destacados y diversidad de funciones,30,False,https://inkeedecoder.com/products/fenty-beauty-icon-the-fill-semi-matte-refillable-lipstick,fenty-beauty::icon-the-fill-semi-matte-refillable-lipstick,True
F0340,Fenty Beauty,fenty-beauty,Velvet Mvp Lipstick,alta,barra,mate,sin efecto declarado,vegana por fórmula,True,evidencia contradictoria,False,0,Perfil dominado por ingredientes sin calificación favorable y control de viscosidad,8,False,https://inkeedecoder.com/products/fenty-beauty-velvet-mvp-lipstick,fenty-beauty::velvet-mvp-lipstick,True
F0341,Fenty Beauty,fenty-beauty,Match Stix Color-adaptive Cheek + Lip Stick,alta,barra,no_declarado,sin efecto declarado,vegana por fórmula,True,evidencia contradictoria,False,0,Perfil dominado por ingredientes sin calificación favorable y control de viscosidad,7,False,https://inkeedecoder.com/products/fenty-beauty-match-stix-color-adaptive-cheek-lip-stick,fenty-beauty::match-stix-color-adaptive-cheek-lip-stick,True
F0342,Fenty Beauty,fenty-beauty,Gloss Bomb Stix High-shine Gloss Stick,alta,gloss,brillante,sin efecto declarado,no vegana,False,evidencia contradictoria,False,2,Perfil dominado por ingredientes mal calificados y carga de perfume,21,False,https://inkeedecoder.com/products/fenty-beauty-gloss-bomb-stix-high-shine-gloss-stick,fenty-beauty::gloss-bomb-stix-high-shine-gloss-stick,True
F0343,Fenty Beauty,fenty-beauty,Gloss Bomb Oil Luminizing Lip Oil 'n Gloss,alta,aceite,brillante,sin efecto declarado,vegana por fórmula,True,evidencia contradictoria,False,5,Perfil dominado por ingredientes destacados y diversidad de funciones,22,False,https://inkeedecoder.com/products/fenty-beauty-gloss-bomb-oil-luminizing-lip-oil-n-gloss,fenty-beauty::gloss-bomb-oil-luminizing-lip-oil-n-gloss,True
F0344,Fenty Beauty,fenty-beauty,Gloss Bomb Ice Cooling Lip Luminizer,alta,gloss,brillante,sin efecto declarado,vegana por fórmula,True,evidencia contradictoria,False,2,Perfil dominado por ingredientes mal calificados y carga de perfume,23,False,https://inkeedecoder.com/products/fenty-gloss-bomb-ice-cooling-lip-luminizer,fenty-beauty::gloss-bomb-ice-cooling-lip-luminizer,False
F0345,Fenty Beauty,fenty-beauty,Trace'd Out Longwear Waterproof Pencil Lip Liner,alta,delineador,no_declarado,"larga duración, resistente al agua",vegana por fórmula,True,evidencia contradictoria,False,0,Perfil dominado por ingredientes sin calificación favorable y control de viscosidad,10,False,https://inkeedecoder.com/products/fenty-beauty-traced-out-longwear-waterproof-pencil-lip-liner,fenty-beauty::traced-out-longwear-waterproof-pencil-lip-liner,True
F0346,Fenty Beauty,fenty-beauty,Poutsicle Hydrating Lip Stain,alta,tinte,no_declarado,hidratante,origen incierto,False,evidencia contradictoria,False,6,Perfil dominado por carga de solventes y carga humectante,17,False,https://inkeedecoder.com/products/fenty-beauty-poutsicle-hydrating-lip-stain,fenty-beauty::poutsicle-hydrating-lip-stain,True
F0347,Fenty Beauty,fenty-beauty,Gloss Bomb Heat Universal Lip Luminizer + Plumper,alta,gloss,brillante,voluminizador,vegana por fórmula,True,evidencia contradictoria,False,1,Perfil dominado por carga exfoliante y diversidad de funciones,34,False,https://inkeedecoder.com/products/fenty-beauty-gloss-bomb-heat-universal-lip-luminizer-plumper,fenty-beauty::gloss-bomb-heat-universal-lip-luminizer-plumper,True
F0348,Fenty Beauty,fenty-beauty,Slip Shine Sheer Shiny Lipstick,alta,barra,brillante,sin efecto declarado,no vegana,False,evidencia contradictoria,False,0,Perfil dominado por ingredientes sin calificación favorable y control de viscosidad,16,False,https://inkeedecoder.com/products/fenty-beauty-slip-shine-sheer-shiny-lipstick,fenty-beauty::slip-shine-sheer-shiny-lipstick,True
F0349,Fenty Beauty,fenty-beauty,Velvet Liquid Lipstick,alta,liquido,mate,sin efecto declarado,vegana por fórmula,True,evidencia contradictoria,False,0,Perfil dominado por ingredientes sin calificación favorable y control de viscosidad,10,False,https://inkeedecoder.com/products/fenty-beauty-velvet-liquid-lipstick,fenty-beauty::velvet-liquid-lipstick,True
F0350,Fenty Beauty,fenty-beauty,Gloss Bomb Cream Color Drip Lip Cream,alta,gloss,brillante,sin efecto declarado,vegana por fórmula,True,evidencia contradictoria,False,1,Perfil dominado por carga exfoliante y diversidad de funciones,21,False,https://inkeedecoder.com/products/fenty-beauty-gloss-bomb-cream-color-drip-lip-cream,fenty-beauty::gloss-bomb-cream-color-drip-lip-cream,True
F0351,Fenty Beauty,fenty-beauty,Fenty Hot Chocolit Lip Luminizer,alta,gloss,no_declarado,sin efecto declarado,vegana por fórmula,True,evidencia contradictoria,False,1,Perfil dominado por carga exfoliante y diversidad de funciones,29,False,https://inkeedecoder.com/products/fenty-beauty-fenty-hot-chocolit-lip-luminizer,fenty-beauty::fenty-hot-chocolit-lip-luminizer,True
F0352,Fenty Beauty,fenty-beauty,Gloss Bomb Universal Lip Luminizer,alta,gloss,brillante,sin efecto declarado,vegana por fórmula,True,evidencia contradictoria,False,1,Perfil dominado por carga exfoliante y diversidad de funciones,29,False,https://inkeedecoder.com/products/fenty-beauty-by-rihanna-gloss-bomb-universal-lip-luminizer,fenty-beauty::by-rihanna-gloss-bomb-universal-lip-luminizer,True
F0353,Fenty Beauty,fenty-beauty,Gloss Bomb,alta,gloss,brillante,sin efecto declarado,vegana por fórmula,True,evidencia contradictoria,False,2,Perfil dominado por ingredientes mal calificados y carga de perfume,16,False,https://inkeedecoder.com/products/fenty-beauty-gloss-bomb-glass-slipper,fenty-beauty::gloss-bomb,True
F0354,Fenty Beauty,fenty-beauty,Pro Kiss'r Luscious Lip Balm,alta,balsamo,no_declarado,sin efecto declarado,origen incierto,False,evidencia contradictoria,False,3,Perfil dominado por ingredientes bien calificados y carga antioxidante,17,False,https://inkeedecoder.com/products/fenty-beauty-pro-kissr-luscious-lip-balm,fenty-beauty::pro-kissr-luscious-lip-balm,True
F0355,KIKO Milano,kiko,Smart Fusion Lip Pencil,economica,delineador,no_declarado,sin efecto declarado,no vegana,False,libre de crueldad animal,True,0,Perfil dominado por ingredientes sin calificación favorable y control de viscosidad,17,False,https://inkeedecoder.com/products/kiko-milano-smart-fusion-lip-pencil,kiko::smart-fusion-lip-pencil,True
F0356,KIKO Milano,kiko,Smart Fusion Lipstick,economica,barra,no_declarado,sin efecto declarado,vegana por fórmula,True,libre de crueldad animal,True,0,Perfil dominado por ingredientes sin calificación favorable y control de viscosidad,13,False,https://inkeedecoder.com/products/kiko-milano-smart-fusion-lipstick,kiko::smart-fusion-lipstick,True
F0357,KIKO Milano,kiko,Gossamer Emotion Creamy Lipstick,economica,barra,cremoso,sin efecto declarado,vegana por fórmula,True,libre de crueldad animal,True,5,Perfil dominado por ingredientes destacados y diversidad de funciones,23,False,https://inkeedecoder.com/products/kiko-milano-gossamer-emotion-creamy-lipstick,kiko::gossamer-emotion-creamy-lipstick,True
F0358,KIKO Milano,kiko,Street Heart Pump Up The Volume! Lip Liner,economica,delineador,no_declarado,voluminizador,vegana por fórmula,True,libre de crueldad animal,True,1,Perfil dominado por carga exfoliante y diversidad de funciones,17,False,https://inkeedecoder.com/products/kiko-milano-street-heart-pump-up-the-volume-lip-liner,kiko::street-heart-pump-up-the-volume-lip-liner,True
F0359,KIKO Milano,kiko,Smart Fusion Creamy Lip Crayon,economica,delineador,cremoso,sin efecto declarado,vegana por fórmula,True,libre de crueldad animal,True,1,Perfil dominado por carga exfoliante y diversidad de funciones,19,False,https://inkeedecoder.com/products/kiko-milano-smart-fusion-creamy-lip-crayon,kiko::smart-fusion-creamy-lip-crayon,True
F0360,KIKO Milano,kiko,Creamy Colour Comfort Lip Liner,economica,delineador,cremoso,sin efecto declarado,vegana por fórmula,True,libre de crueldad animal,True,0,Perfil dominado por ingredientes sin calificación favorable y control de viscosidad,10,False,https://inkeedecoder.com/products/kiko-milano-creamy-colour-comfort-lip-liner,kiko::creamy-colour-comfort-lip-liner,True
F0361,KIKO Milano,kiko,Coloured Balm,economica,balsamo,no_declarado,sin efecto declarado,no vegana,False,libre de crueldad animal,True,3,Perfil dominado por ingredientes bien calificados y carga antioxidante,22,False,https://inkeedecoder.com/products/kiko-milano-coloured-balm,kiko::coloured-balm,True
F0362,KIKO Milano,kiko,pH Lip Enhancer,economica,barra,no_declarado,sin efecto declarado,vegana por fórmula,True,libre de crueldad animal,True,0,Perfil dominado por ingredientes sin calificación favorable y control de viscosidad,9,True,https://inkeedecoder.com/products/kiko-milano-ph-lip-enhancer,kiko::ph-lip-enhancer,True
F0363,KIKO Milano,kiko,3d Hydra Lip Oil,economica,aceite,no_declarado,hidratante,vegana por fórmula,True,libre de crueldad animal,True,0,Perfil dominado por ingredientes sin calificación favorable y control de viscosidad,6,False,https://inkeedecoder.com/products/kiko-milano-3d-hydra-lip-oil,kiko::3d-hydra-lip-oil,True
F0364,KIKO Milano,kiko,Bridgerton Ballroom Beauty Satin Shine Lipstick,economica,barra,satinado,sin efecto declarado,vegana por fórmula,True,libre de crueldad animal,True,1,Perfil dominado por carga exfoliante y diversidad de funciones,29,False,https://inkeedecoder.com/products/kiko-milano-bridgerton-ballroom-beauty-satin-shine-lipstick,kiko::bridgerton-ballroom-beauty-satin-shine-lipstick,True
F0365,KIKO Milano,kiko,Double Touch Lipstick,economica,barra,no_declarado,sin efecto declarado,vegana por fórmula,True,libre de crueldad animal,True,0,Perfil dominado por ingredientes sin calificación favorable y control de viscosidad,11,False,https://inkeedecoder.com/products/kiko-make-up-double-touch-lipstick,kiko::make-up-double-touch-lipstick,True
F0366,KIKO Milano,kiko,3d Hydra Lipgloss,economica,gloss,no_declarado,hidratante,vegana por fórmula,True,libre de crueldad animal,True,3,Perfil dominado por ingredientes bien calificados y carga antioxidante,10,False,https://inkeedecoder.com/products/kiko-milano-3d-hydra-lipgloss,kiko::3d-hydra-lipgloss,False
F0367,KIKO Milano,kiko,Smart Fusion Matte Lip Crayon,economica,delineador,mate,sin efecto declarado,vegana por fórmula,True,libre de crueldad animal,True,1,Perfil dominado por carga exfoliante y diversidad de funciones,19,False,https://inkeedecoder.com/products/kiko-milano-smart-fusion-matte-lip-crayon-06-cherry-red,kiko::smart-fusion-matte-lip-crayon,True
F0368,KIKO Milano,kiko,Street Heart Pump Up The Volume! Solid Lip Gloss Stick,economica,gloss,brillante,voluminizador,vegana por fórmula,True,libre de crueldad animal,True,3,Perfil dominado por ingredientes bien calificados y carga antioxidante,16,False,https://inkeedecoder.com/products/kiko-milano-street-heart-pump-up-the-volume-solid-lip-gloss-stick,kiko::street-heart-pump-up-the-volume-solid-lip-gloss-stick,True
F0369,KIKO Milano,kiko,pH Glow Lipstick,economica,barra,brillante,sin efecto declarado,vegana por fórmula,True,libre de crueldad animal,True,0,Perfil dominado por ingredientes sin calificación favorable y control de viscosidad,12,False,https://inkeedecoder.com/products/kiko-milano-ph-glow-lipstick,kiko::ph-glow-lipstick,True
F0370,KIKO Milano,kiko,Drop Lip Balm,economica,balsamo,no_declarado,sin efecto declarado,vegana por fórmula,True,libre de crueldad animal,True,2,Perfil dominado por ingredientes mal calificados y carga de perfume,15,False,https://inkeedecoder.com/products/kiko-milano-drop-lip-balm-6,kiko::drop-lip-balm,False
F0371,KIKO Milano,kiko,Drop Lip Balm,economica,balsamo,no_declarado,sin efecto declarado,vegana por fórmula,True,libre de crueldad animal,True,2,Perfil dominado por ingredientes mal calificados y carga de perfume,17,False,https://inkeedecoder.com/products/kiko-milano-drop-lip-balm-05,kiko::drop-lip-balm,True
F0372,KIKO Milano,kiko,3d Hydra Lipgloss,economica,gloss,no_declarado,hidratante,vegana por fórmula,True,libre de crueldad animal,True,3,Perfil dominado por ingredientes bien calificados y carga antioxidante,22,False,https://inkeedecoder.com/products/kiko-milano-3d-hydra-lipgloss-2,kiko::3d-hydra-lipgloss,True
F0373,KIKO Milano,kiko,3d Hydra Xtreme Lipgloss,economica,gloss,no_declarado,hidratante,vegana por fórmula,True,libre de crueldad animal,True,5,Perfil dominado por ingredientes destacados y diversidad de funciones,28,False,https://inkeedecoder.com/products/kiko-milano-3d-hydra-xtreme-lipgloss,kiko::3d-hydra-xtreme-lipgloss,True
F0374,Laneige,laneige,Gummy Bear Lip Balm,alta,balsamo,no_declarado,sin efecto declarado,vegana por fórmula,True,no libre de crueldad animal,False,5,Perfil dominado por ingredientes destacados y diversidad de funciones,43,False,https://inkeedecoder.com/products/laneige-gummy-bear-lip-balm,laneige::gummy-bear-lip-balm,True
F0375,Laneige,laneige,Glaze Craze Tinted Lip Serum,alta,gloss,brillante,sin efecto declarado,origen incierto,False,no libre de crueldad animal,False,5,Perfil dominado por ingredientes destacados y diversidad de funciones,22,False,https://inkeedecoder.com/products/laneige-glaze-craze-tinted-lip-serum-cinnamon-sugar,laneige::glaze-craze-tinted-lip-serum,False
F0376,Laneige,laneige,Lip Glowy Balm,alta,balsamo,no_declarado,sin efecto declarado,vegana por fórmula,True,no libre de crueldad animal,False,0,Perfil dominado por ingredientes sin calificación favorable y control de viscosidad,24,False,https://inkeedecoder.com/products/laneige-lip-glowy-balm-peach,laneige::lip-glowy-balm,False
F0377,Laneige,laneige,Bouncy & Firm Lip Treatment,alta,balsamo,no_declarado,sin efecto declarado,no vegana,False,no libre de crueldad animal,False,5,Perfil dominado por ingredientes destacados y diversidad de funciones,41,False,https://inkeedecoder.com/products/laneige-bouncy-firm-lip-treatment,laneige::bouncy-firm-lip-treatment,True
F0378,Laneige,laneige,Lip Glowy Balm,alta,balsamo,no_declarado,sin efecto declarado,vegana por fórmula,True,no libre de crueldad animal,False,2,Perfil dominado por ingredientes mal calificados y carga de perfume,36,False,https://inkeedecoder.com/products/laneige-lip-glowy-balm-grapefruit,laneige::lip-glowy-balm,True
F0379,Laneige,laneige,Lip Glowy Balm,alta,balsamo,no_declarado,sin efecto declarado,vegana por fórmula,True,no libre de crueldad animal,False,0,Perfil dominado por ingredientes sin calificación favorable y control de viscosidad,27,False,https://inkeedecoder.com/products/laneige-lip-glowy-balm-matcha-bubble-tea,laneige::lip-glowy-balm,False
F0380,Laneige,laneige,Lip Glowy Balm,alta,balsamo,no_declarado,sin efecto declarado,vegana por fórmula,True,no libre de crueldad animal,False,0,Perfil dominado por ingredientes sin calificación favorable y control de viscosidad,25,False,https://inkeedecoder.com/products/laneige-lip-glowy-balm-vanilla,laneige::lip-glowy-balm,False
F0381,Laneige,laneige,Lip Treatment Balm,alta,balsamo,no_declarado,sin efecto declarado,origen incierto,False,no libre de crueldad animal,False,1,Perfil dominado por carga exfoliante y diversidad de funciones,30,False,https://inkeedecoder.com/products/laneige-lip-treatment-balm,laneige::lip-treatment-balm,True
F0382,Laneige,laneige,Lip Glowy Balm,alta,balsamo,no_declarado,sin efecto declarado,vegana por fórmula,True,no libre de crueldad animal,False,0,Perfil dominado por ingredientes sin calificación favorable y control de viscosidad,26,False,https://inkeedecoder.com/products/laneige-lip-glowy-balm-gummy-bear,laneige::lip-glowy-balm,False
F0383,Laneige,laneige,Lip Glowy Balm,alta,balsamo,no_declarado,sin efecto declarado,vegana por fórmula,True,no libre de crueldad animal,False,5,Perfil dominado por ingredientes destacados y diversidad de funciones,33,False,https://inkeedecoder.com/products/laneige-lip-glowy-balm-berry,laneige::lip-glowy-balm,False
F0384,Laneige,laneige,Lipbalm,alta,balsamo,no_declarado,sin efecto declarado,vegana por fórmula,True,no libre de crueldad animal,False,5,Perfil dominado por ingredientes destacados y diversidad de funciones,42,False,https://inkeedecoder.com/products/laneige-lipbalm,laneige::lipbalm,True
F0385,Laneige,laneige,Lip Glowy Balm,alta,balsamo,no_declarado,sin efecto declarado,vegana por fórmula,True,no libre de crueldad animal,False,0,Perfil dominado por ingredientes sin calificación favorable y control de viscosidad,27,False,https://inkeedecoder.com/products/laneige-lip-glowy-balm-pear,laneige::lip-glowy-balm,False
F0386,Laneige,laneige,Lip Balm,alta,balsamo,no_declarado,sin efecto declarado,vegana por fórmula,True,no libre de crueldad animal,False,5,Perfil dominado por ingredientes destacados y diversidad de funciones,48,False,https://inkeedecoder.com/products/laneige-lip-balm,laneige::lip-balm,True
F0387,Laneige,laneige,Glaze Craze Tinted Lip Serum,alta,gloss,brillante,sin efecto declarado,origen incierto,False,no libre de crueldad animal,False,5,Perfil dominado por ingredientes destacados y diversidad de funciones,24,False,https://inkeedecoder.com/products/laneige-glaze-craze-tinted-lip-serum,laneige::glaze-craze-tinted-lip-serum,True
F0388,Laneige,laneige,Lip Glowy Balm,alta,balsamo,no_declarado,sin efecto declarado,vegana por fórmula,True,no libre de crueldad animal,False,5,Perfil dominado por ingredientes destacados y diversidad de funciones,34,False,https://inkeedecoder.com/products/laneige-lip-glowy-balm,laneige::lip-glowy-balm,False
F0389,Laneige,laneige,Moisture Lip Balm,alta,balsamo,no_declarado,sin efecto declarado,no vegana,False,no libre de crueldad animal,False,5,Perfil dominado por ingredientes destacados y diversidad de funciones,32,False,https://inkeedecoder.com/products/laneige-moisture-lip-balm,laneige::moisture-lip-balm,True
F0390,L'Oreal,loreal,Color Riche Matin Balm,economica,barra,no_declarado,sin efecto declarado,vegana por fórmula,True,no libre de crueldad animal,False,2,Perfil dominado por ingredientes mal calificados y carga de perfume,33,False,https://inkeedecoder.com/products/loreal-color-riche-matin-balm,loreal::color-riche-matin-balm,True
F0391,L'Oreal,loreal,Paradise Hyaluron Tint Lip Stain Serum,economica,tinte,no_declarado,sin efecto declarado,vegana por fórmula,True,no libre de crueldad animal,False,6,Perfil dominado por carga de solventes y carga humectante,25,False,https://inkeedecoder.com/products/loreal-paradise-hyaluron-tint-lip-stain-serum,loreal::paradise-hyaluron-tint-lip-stain-serum,True
F0392,L'Oreal,loreal,Lipstick Color Riche,economica,barra,no_declarado,sin efecto declarado,no vegana,False,no libre de crueldad animal,False,2,Perfil dominado por ingredientes mal calificados y carga de perfume,37,False,https://inkeedecoder.com/products/loreal-professionnel-lipstick-color-riche-107-seine-sunset,loreal::professionnel-lipstick-color-riche,True
F0393,L'Oreal,loreal,Infallible 8Hr Pro-Gloss,economica,gloss,brillante,larga duración,no vegana,False,no libre de crueldad animal,False,5,Perfil dominado por ingredientes destacados y diversidad de funciones,20,False,https://inkeedecoder.com/products/loreal-paris-infallible-8hr-pro-gloss,loreal::infallible-8hr-pro-gloss,True
F0394,L'Oreal,loreal,Color Riche Satin Lipstick,economica,barra,satinado,sin efecto declarado,no vegana,False,no libre de crueldad animal,False,2,Perfil dominado por ingredientes mal calificados y carga de perfume,32,False,https://inkeedecoder.com/products/loreal-color-riche-satin-lipstick,loreal::color-riche-satin-lipstick,True
F0395,L'Oreal,loreal,Hyaluron Lip Oil,economica,aceite,no_declarado,sin efecto declarado,depende del tono,False,no libre de crueldad animal,False,1,Perfil dominado por carga exfoliante y diversidad de funciones,30,False,https://inkeedecoder.com/products/loreal-hyaluron-lip-oil,loreal::hyaluron-lip-oil,True
F0396,L'Oreal,loreal,Matte Resistance Liquid Lipstick,economica,liquido,mate,sin efecto declarado,vegana por fórmula,True,no libre de crueldad animal,False,0,Perfil dominado por ingredientes sin calificación favorable y control de viscosidad,17,False,https://inkeedecoder.com/products/loreal-matte-resistance-liquid-lipstick,loreal::matte-resistance-liquid-lipstick,True
F0397,L'Oreal,loreal,Color Riche Le Lip Liner,economica,delineador,no_declarado,sin efecto declarado,origen incierto,False,no libre de crueldad animal,False,4,Perfil dominado por ingredientes de calificación superior y agentes quelantes,25,False,https://inkeedecoder.com/products/loreal-color-riche-le-lip-liner,loreal::color-riche-le-lip-liner,True
F0398,L'Oreal,loreal,Color Riche Les Nus Satin Lipstick,economica,barra,satinado,sin efecto declarado,vegana por fórmula,True,no libre de crueldad animal,False,2,Perfil dominado por ingredientes mal calificados y carga de perfume,24,False,https://inkeedecoder.com/products/loreal-paris-color-riche-les-nus-satin-lipstick,loreal::color-riche-les-nus-satin-lipstick,True
F0399,L'Oreal,loreal,Dermo-expertise Collagen Filler Lip Double Action,economica,balsamo,no_declarado,sin efecto declarado,no vegana,False,no libre de crueldad animal,False,5,Perfil dominado por ingredientes destacados y diversidad de funciones,28,True,https://inkeedecoder.com/products/loreal-dermo-expertise-collagen-filler-lip-double-action,loreal::dermo-expertise-collagen-filler-lip-double-action,True
F0400,L'Oreal,loreal,Blurfiller Blurring Lip Contour,economica,delineador,blur,sin efecto declarado,vegana por fórmula,True,no libre de crueldad animal,False,0,Perfil dominado por ingredientes sin calificación favorable y control de viscosidad,13,False,https://inkeedecoder.com/products/loreal-blurfiller-blurring-lip-contour,loreal::blurfiller-blurring-lip-contour,True
F0401,L'Oreal,loreal,Age Perfect Satin Lipstick With Precious Oils,economica,barra,satinado,sin efecto declarado,depende del tono,False,no libre de crueldad animal,False,5,Perfil dominado por ingredientes destacados y diversidad de funciones,31,False,https://inkeedecoder.com/products/loreal-age-perfect-satin-lipstick-with-precious-oils-blooming-rose,loreal::age-perfect-satin-lipstick-with-precious-oils,True
F0402,L'Oreal,loreal,Glow Paradise Lip Balm-in-gloss,economica,balsamo,brillante,sin efecto declarado,depende del tono,False,no libre de crueldad animal,False,2,Perfil dominado por ingredientes mal calificados y carga de perfume,27,False,https://inkeedecoder.com/products/loreal-glow-paradise-lip-balm-in-gloss,loreal::glow-paradise-lip-balm-in-gloss,True
F0403,L'Oreal,loreal,Color Riche Le Lip Crayon,economica,delineador,no_declarado,sin efecto declarado,vegana por fórmula,True,no libre de crueldad animal,False,2,Perfil dominado por ingredientes mal calificados y carga de perfume,21,False,https://inkeedecoder.com/products/loreal-color-riche-le-lip-crayon,loreal::color-riche-le-lip-crayon,True
F0404,L'Oreal,loreal,Color Riche Intense Volume Matte Slim Lipstick,economica,barra,mate,voluminizador,no vegana,False,no libre de crueldad animal,False,5,Perfil dominado por ingredientes destacados y diversidad de funciones,36,False,https://inkeedecoder.com/products/loreal-color-riche-intense-volume-matte-slim-lipstick,loreal::color-riche-intense-volume-matte-slim-lipstick,True
F0405,L'Oreal,loreal,Glow Paradise Balm-in-lipstick,economica,barra,brillante,sin efecto declarado,depende del tono,False,no libre de crueldad animal,False,2,Perfil dominado por ingredientes mal calificados y carga de perfume,22,False,https://inkeedecoder.com/products/loreal-glow-paradise-balm-in-lipstick-2,loreal::glow-paradise-balm-in-lipstick,True
F0406,L'Oreal,loreal,Rouge Signature Matte Lip Stain,economica,tinte,mate,sin efecto declarado,vegana por fórmula,True,no libre de crueldad animal,False,2,Perfil dominado por ingredientes mal calificados y carga de perfume,22,False,https://inkeedecoder.com/products/loreal-rouge-signature-matte-lip-stain,loreal::rouge-signature-matte-lip-stain,True
F0407,L'Oreal,loreal,Glow Paradise Balm-in-lipstick,economica,barra,brillante,sin efecto declarado,depende del tono,False,no libre de crueldad animal,False,2,Perfil dominado por ingredientes mal calificados y carga de perfume,22,False,https://inkeedecoder.com/products/loreal-glow-paradise-balm-in-lipstick,loreal::glow-paradise-balm-in-lipstick,False
F0408,L'Oreal,loreal,Colour Riche Satin Lipstick,economica,barra,satinado,sin efecto declarado,no vegana,False,no libre de crueldad animal,False,2,Perfil dominado por ingredientes mal calificados y carga de perfume,21,False,https://inkeedecoder.com/products/loreal-colour-riche-satin-lipstick,loreal::colour-riche-satin-lipstick,True
F0409,MAC,mac,Retro Matte Lipstick in Ruby Woo,alta,barra,mate,sin efecto declarado,depende del tono,False,no libre de crueldad animal,False,0,Perfil dominado por ingredientes sin calificación favorable y control de viscosidad,18,False,https://inkeedecoder.com/products/m-a-c-retro-matte-lipstick-in-ruby-woo,mac::retro-matte-lipstick-in-ruby-woo,True
F0410,MAC,mac,Lipglazer Lip Liner,alta,delineador,no_declarado,sin efecto declarado,vegana por fórmula,True,no libre de crueldad animal,False,0,Perfil dominado por ingredientes sin calificación favorable y control de viscosidad,11,False,https://inkeedecoder.com/products/mac-lipglazer-lip-liner,mac::lipglazer-lip-liner,True
F0411,MAC,mac,Cremesheen Lipstick,alta,barra,no_declarado,sin efecto declarado,no vegana,False,no libre de crueldad animal,False,5,Perfil dominado por ingredientes destacados y diversidad de funciones,35,False,https://inkeedecoder.com/products/mac-cremesheen-lipstick-brave-red,mac::cremesheen-lipstick-brave-red,True
F0412,MAC,mac,Lip Pencil,alta,delineador,no_declarado,sin efecto declarado,depende del tono,False,no libre de crueldad animal,False,3,Perfil dominado por ingredientes bien calificados y carga antioxidante,7,False,https://inkeedecoder.com/products/mac-lip-pencil,mac::lip-pencil,True
F0413,MAC,mac,Lipglass Blow Plumping Oil,alta,aceite,no_declarado,voluminizador,origen incierto,False,no libre de crueldad animal,False,5,Perfil dominado por ingredientes destacados y diversidad de funciones,28,False,https://inkeedecoder.com/products/mac-lipglass-blow-plumping-oil,mac::lipglass-blow-plumping-oil,True
F0414,MAC,mac,Lustreglass Sheer-shine Lipstick,alta,barra,brillante,sin efecto declarado,depende del tono,False,no libre de crueldad animal,False,5,Perfil dominado por ingredientes destacados y diversidad de funciones,37,False,https://inkeedecoder.com/products/mac-lustreglass-sheer-shine-lipstick,mac::lustreglass-sheer-shine-lipstick,True
F0415,MAC,mac,Lustreglass Sheer-shine Lipstick,alta,barra,brillante,sin efecto declarado,origen incierto,False,no libre de crueldad animal,False,5,Perfil dominado por ingredientes destacados y diversidad de funciones,35,False,https://inkeedecoder.com/products/mac-lustreglass-sheer-shine-lipstick-2,mac::lustreglass-sheer-shine-lipstick,False
F0416,MAC,mac,Lipglass,alta,gloss,no_declarado,sin efecto declarado,depende del tono,False,no libre de crueldad animal,False,0,Perfil dominado por ingredientes sin calificación favorable y control de viscosidad,17,False,https://inkeedecoder.com/products/mac-lipglass-2,mac::lipglass,True
F0417,MAC,mac,Lustreglass Stainglass Lip Tint,alta,tinte,no_declarado,sin efecto declarado,origen incierto,False,no libre de crueldad animal,False,6,Perfil dominado por carga de solventes y carga humectante,24,False,https://inkeedecoder.com/products/mac-lustreglass-stainglass-lip-tint,mac::lustreglass-stainglass-lip-tint,True
F0418,MAC,mac,Lipglass Air Non-sticky Gloss,alta,gloss,brillante,sin efecto declarado,origen incierto,False,no libre de crueldad animal,False,3,Perfil dominado por ingredientes bien calificados y carga antioxidante,19,False,https://inkeedecoder.com/products/mac-lipglass-air-non-sticky-gloss,mac::lipglass-air-non-sticky-gloss,True
F0419,MAC,mac,Lip Conditioner,alta,balsamo,no_declarado,sin efecto declarado,origen incierto,False,no libre de crueldad animal,False,5,Perfil dominado por ingredientes destacados y diversidad de funciones,18,False,https://inkeedecoder.com/products/mac-lip-conditioner,mac::lip-conditioner,True
F0420,MAC,mac,Lipglass Cushion High-pigment Lip Oil,alta,aceite,no_declarado,sin efecto declarado,vegana por fórmula,True,no libre de crueldad animal,False,5,Perfil dominado por ingredientes destacados y diversidad de funciones,30,False,https://inkeedecoder.com/products/mac-lipglass-cushion-high-pigment-lip-oil,mac::lipglass-cushion-high-pigment-lip-oil,True
F0421,MAC,mac,Powder Kiss Lipstick,alta,barra,no_declarado,sin efecto declarado,depende del tono,False,no libre de crueldad animal,False,0,Perfil dominado por ingredientes sin calificación favorable y control de viscosidad,17,False,https://inkeedecoder.com/products/mac-powder-kiss-lipstick,mac::powder-kiss-lipstick,True
F0422,MAC,mac,Powder Kiss Velvet Blur Slim Stick,alta,barra,blur,sin efecto declarado,vegana por fórmula,True,no libre de crueldad animal,False,0,Perfil dominado por ingredientes sin calificación favorable y control de viscosidad,23,False,https://inkeedecoder.com/products/mac-powder-kiss-velvet-blur-slim-stick,mac::powder-kiss-velvet-blur-slim-stick,True
F0423,MAC,mac,Velvet Teddy Lipstick,alta,barra,mate,sin efecto declarado,depende del tono,False,no libre de crueldad animal,False,0,Perfil dominado por ingredientes sin calificación favorable y control de viscosidad,17,False,https://inkeedecoder.com/products/mac-velvet-teddy-lipstick,mac::velvet-teddy-lipstick,True
F0424,MAC,mac,Love Me Lipstick,alta,barra,no_declarado,sin efecto declarado,no vegana,False,no libre de crueldad animal,False,3,Perfil dominado por ingredientes bien calificados y carga antioxidante,13,False,https://inkeedecoder.com/products/mac-love-me-lipstick,mac::love-me-lipstick,True
F0425,MAC,mac,Dazzlelips Crayon Lipstick,alta,barra,no_declarado,sin efecto declarado,origen incierto,False,no libre de crueldad animal,False,0,Perfil dominado por ingredientes sin calificación favorable y control de viscosidad,19,False,https://inkeedecoder.com/products/mac-dazzlelips-crayon-lipstick,mac::dazzlelips-crayon-lipstick,True
F0426,MAC,mac,M·a·cximal Sleek Satin Lipstick,alta,barra,satinado,sin efecto declarado,origen incierto,False,no libre de crueldad animal,False,3,Perfil dominado por ingredientes bien calificados y carga antioxidante,23,False,https://inkeedecoder.com/products/mac-m-a-cximal-sleek-satin-lipstick,mac::m-a-cximal-sleek-satin-lipstick,True
F0427,MAC,mac,Lipglass,alta,gloss,no_declarado,sin efecto declarado,vegana por fórmula,True,no libre de crueldad animal,False,3,Perfil dominado por ingredientes bien calificados y carga antioxidante,4,False,https://inkeedecoder.com/products/mac-lipglass,mac::lipglass,False
F0428,MAC,mac,M·a·cximal Silky Matte Lipstick,alta,barra,mate,sin efecto declarado,origen incierto,False,no libre de crueldad animal,False,3,Perfil dominado por ingredientes bien calificados y carga antioxidante,22,False,https://inkeedecoder.com/products/mac-m-a-cximal-silky-matte-lipstick,mac::m-a-cximal-silky-matte-lipstick,True
F0429,MAC,mac,Locked Kiss Ink Lipstick,alta,liquido,no_declarado,sin efecto declarado,vegana por fórmula,True,no libre de crueldad animal,False,5,Perfil dominado por ingredientes destacados y diversidad de funciones,32,False,https://inkeedecoder.com/products/mac-locked-kiss-ink-lipstick,mac::locked-kiss-ink-lipstick,True
F0430,MAC,mac,Pro Lip Erase,alta,barra,no_declarado,sin efecto declarado,no vegana,False,no libre de crueldad animal,False,5,Perfil dominado por ingredientes destacados y diversidad de funciones,17,True,https://inkeedecoder.com/products/mac-pro-lip-erase,mac::pro-lip-erase,True
F0431,MAC,mac,Squirt Plumping Gloss Stick,alta,gloss,brillante,voluminizador,vegana por fórmula,True,no libre de crueldad animal,False,5,Perfil dominado por ingredientes destacados y diversidad de funciones,33,False,https://inkeedecoder.com/products/mac-squirt-plumping-gloss-stick,mac::squirt-plumping-gloss-stick,True
F0432,Maybelline,maybelline,Lifter Glaze Oil Balm,economica,balsamo,brillante,sin efecto declarado,no vegana,False,no libre de crueldad animal,False,5,Perfil dominado por ingredientes destacados y diversidad de funciones,31,False,https://inkeedecoder.com/products/maybelline-lifter-glaze-oil-balm,maybelline::lifter-glaze-oil-balm,True
F0433,Maybelline,maybelline,Super Stay Ink Crayon Lipstick,economica,barra,no_declarado,larga duración,depende del tono,False,no libre de crueldad animal,False,2,Perfil dominado por ingredientes mal calificados y carga de perfume,29,False,https://inkeedecoder.com/products/maybelline-super-stay-r-ink-crayon-lipstick,maybelline::super-stay-r-ink-crayon-lipstick,True
F0434,Maybelline,maybelline,Vivid Hot Lacquer,economica,gloss,no_declarado,sin efecto declarado,no vegana,False,no libre de crueldad animal,False,5,Perfil dominado por ingredientes destacados y diversidad de funciones,22,False,https://inkeedecoder.com/products/maybelline-new-york-vivid-hot-lacquer-64-unreal,maybelline::vivid-hot-lacquer,True
F0435,Maybelline,maybelline,Super Stay 24 Color 2-Step Liquid Lipstick,economica,liquido,no_declarado,larga duración,no vegana,False,no libre de crueldad animal,False,2,Perfil dominado por ingredientes mal calificados y carga de perfume,21,False,https://inkeedecoder.com/products/maybelline-super-stay-24-r-color-2-step-liquid-lipstick,maybelline::super-stay,True
F0436,Maybelline,maybelline,Lifter Plump,economica,gloss,no_declarado,voluminizador,vegana por fórmula,True,no libre de crueldad animal,False,1,Perfil dominado por carga exfoliante y diversidad de funciones,32,True,https://inkeedecoder.com/products/maybelline-lifter-plump,maybelline::lifter-plump,True
F0437,Maybelline,maybelline,Colorsensational Lip Liner,economica,delineador,no_declarado,sin efecto declarado,origen incierto,False,no libre de crueldad animal,False,0,Perfil dominado por ingredientes sin calificación favorable y control de viscosidad,17,False,https://inkeedecoder.com/products/maybelline-colorsensational-lip-liner,maybelline::colorsensational-lip-liner,True
F0438,Maybelline,maybelline,Lifter Gel Oil-in-gel Lip Gloss With Hyaluronic Acid,economica,aceite,jelly,sin efecto declarado,origen incierto,False,no libre de crueldad animal,False,3,Perfil dominado por ingredientes bien calificados y carga antioxidante,20,False,https://inkeedecoder.com/products/maybelline-lifter-gel-oil-in-gel-lip-gloss-with-hyaluronic-acid,maybelline::lifter-gel-oil-in-gel-lip-gloss-with-hyaluronic-acid,True
F0439,Maybelline,maybelline,Maybelline Baby Lips Bloom Color Changing Lip Balm Pink Bloom,economica,balsamo,no_declarado,sin efecto declarado,vegana por fórmula,True,no libre de crueldad animal,False,5,Perfil dominado por ingredientes destacados y diversidad de funciones,30,False,https://inkeedecoder.com/products/maybelline-new-york-maybelline-baby-lips-bloom-color-changing-lip-balm-pink-bloom,maybelline::baby-lips-bloom-color-changing-lip-balm-pink-bloom,True
F0440,Maybelline,maybelline,Serum Lipstick,economica,barra,no_declarado,sin efecto declarado,vegana por fórmula,True,no libre de crueldad animal,False,5,Perfil dominado por ingredientes destacados y diversidad de funciones,33,False,https://inkeedecoder.com/products/maybelline-serum-lipstick,maybelline::serum-lipstick,True
F0441,Maybelline,maybelline,Color Sensational Lipstick,economica,barra,no_declarado,sin efecto declarado,no vegana,False,no libre de crueldad animal,False,2,Perfil dominado por ingredientes mal calificados y carga de perfume,29,False,https://inkeedecoder.com/products/maybelline-new-york-color-sensational-lipstick,maybelline::color-sensational-lipstick,True
F0442,Maybelline,maybelline,New York Sensational Liquid Matte Lipstick,economica,liquido,mate,sin efecto declarado,vegana por fórmula,True,no libre de crueldad animal,False,0,Perfil dominado por ingredientes sin calificación favorable y control de viscosidad,13,False,https://inkeedecoder.com/products/maybelline-new-york-sensational-liquid-matte-lipstick,maybelline::sensational-liquid-matte-lipstick,True
F0443,Maybelline,maybelline,Lifter Liner Lip Liner With Hyaluronic Acid,economica,delineador,no_declarado,sin efecto declarado,vegana por fórmula,True,no libre de crueldad animal,False,0,Perfil dominado por ingredientes sin calificación favorable y control de viscosidad,15,False,https://inkeedecoder.com/products/maybelline-lifter-liner-lip-liner-with-hyaluronic-acid,maybelline::lifter-liner-lip-liner-with-hyaluronic-acid,True
F0444,Maybelline,maybelline,Cloudtopia Cheek And Lip Mousse,economica,liquido,no_declarado,sin efecto declarado,vegana por fórmula,True,no libre de crueldad animal,False,0,Perfil dominado por ingredientes sin calificación favorable y control de viscosidad,9,False,https://inkeedecoder.com/products/maybelline-cloudtopia-cheek-and-lip-mousse,maybelline::cloudtopia-cheek-and-lip-mousse,True
F0445,Maybelline,maybelline,Lip Balm,economica,balsamo,no_declarado,sin efecto declarado,no vegana,False,no libre de crueldad animal,False,5,Perfil dominado por ingredientes destacados y diversidad de funciones,36,False,https://inkeedecoder.com/products/maybelline-new-york-lip-balm,maybelline::lip-balm,True
F0446,Maybelline,maybelline,Baby Lips Dr Rescue Medicated Lip Balm,economica,balsamo,no_declarado,sin efecto declarado,no vegana,False,no libre de crueldad animal,False,5,Perfil dominado por ingredientes destacados y diversidad de funciones,18,False,https://inkeedecoder.com/products/maybelline-baby-lips-dr-rescue-r-medicated-lip-balm,maybelline::baby-lips-dr-rescue-r-medicated-lip-balm,True
F0447,Maybelline,maybelline,Super Stay Ink Crayon,economica,barra,no_declarado,larga duración,vegana por fórmula,True,no libre de crueldad animal,False,2,Perfil dominado por ingredientes mal calificados y carga de perfume,28,False,https://inkeedecoder.com/products/maybelline-new-york-super-stay-ink-crayon,maybelline::super-stay-ink-crayon,True
F0448,Maybelline,maybelline,Super Stay Teddy Tint,economica,tinte,no_declarado,larga duración,vegana por fórmula,True,no libre de crueldad animal,False,2,Perfil dominado por ingredientes mal calificados y carga de perfume,18,False,https://inkeedecoder.com/products/maybelline-super-stay-teddy-tint,maybelline::super-stay-teddy-tint,True
F0449,Maybelline,maybelline,Superstay Matte Ink Liquid Lipstick,economica,liquido,mate,larga duración,vegana por fórmula,True,no libre de crueldad animal,False,2,Perfil dominado por ingredientes mal calificados y carga de perfume,19,False,https://inkeedecoder.com/products/maybelline-superstay-matte-ink-liquid-lipstick,maybelline::superstay-matte-ink-liquid-lipstick,True
F0450,Maybelline,maybelline,Baby Lips Pink Lolita Lip Balm,economica,balsamo,no_declarado,sin efecto declarado,no vegana,False,no libre de crueldad animal,False,2,Perfil dominado por ingredientes mal calificados y carga de perfume,27,False,https://inkeedecoder.com/products/maybelline-baby-lips-pink-lolita-lip-balm,maybelline::baby-lips-pink-lolita-lip-balm,True
F0451,Maybelline,maybelline,Super Stay Vinyl Ink Longwear Liquid Lipcolor,economica,liquido,vinilo,larga duración,vegana por fórmula,True,no libre de crueldad animal,False,2,Perfil dominado por ingredientes mal calificados y carga de perfume,27,False,https://inkeedecoder.com/products/maybelline-super-stay-r-vinyl-ink-longwear-liquid-lipcolor,maybelline::super-stay-r-vinyl-ink-longwear-liquid-lipcolor,True
F0452,Maybelline,maybelline,Lifter Gloss,economica,gloss,brillante,sin efecto declarado,depende del tono,False,no libre de crueldad animal,False,0,Perfil dominado por ingredientes sin calificación favorable y control de viscosidad,27,False,https://inkeedecoder.com/products/maybelline-lifter-gloss,maybelline::lifter-gloss,True
F0453,Maybelline,maybelline,Color Sensational Ultimatte Neo-Neutrals Slim Lipstick,economica,barra,no_declarado,sin efecto declarado,vegana por fórmula,True,no libre de crueldad animal,False,0,Perfil dominado por ingredientes sin calificación favorable y control de viscosidad,23,False,https://inkeedecoder.com/products/maybelline-color-sensational-ultimatte-neo-neutrals-slim-lipstick,maybelline::color-sensational-ultimatte-neo-neutrals-slim-lipstick,True
F0454,Maybelline,maybelline,Moisturizing Serum Lipstick,economica,barra,satinado,hidratante,vegana por fórmula,True,no libre de crueldad animal,False,2,Perfil dominado por ingredientes mal calificados y carga de perfume,36,False,https://inkeedecoder.com/products/maybelline-moisturizing-serum-lipstick-satin-finish,maybelline::moisturizing-serum-lipstick,True
F0455,Maybelline,maybelline,Baby Lips,economica,balsamo,no_declarado,sin efecto declarado,no vegana,False,no libre de crueldad animal,False,5,Perfil dominado por ingredientes destacados y diversidad de funciones,38,False,https://inkeedecoder.com/products/maybelline-baby-lips-pink-punch,maybelline::baby-lips,True
F0456,Maybelline,maybelline,Lipstick,economica,barra,no_declarado,sin efecto declarado,vegana por fórmula,True,no libre de crueldad animal,False,2,Perfil dominado por ingredientes mal calificados y carga de perfume,21,False,https://inkeedecoder.com/products/maybelline-lipstick,maybelline::lipstick,True
F0457,Maybelline,maybelline,Moisturizing Serum Lipstick,economica,barra,mate,hidratante,vegana por fórmula,True,no libre de crueldad animal,False,5,Perfil dominado por ingredientes destacados y diversidad de funciones,30,False,https://inkeedecoder.com/products/maybelline-moisturizing-serum-lipstick-matte-finish,maybelline::moisturizing-serum-lipstick,False
F0458,Maybelline,maybelline,Super Stay Peel Off Lip Liner,economica,delineador,no_declarado,larga duración,origen incierto,False,no libre de crueldad animal,False,6,Perfil dominado por carga de solventes y carga humectante,25,False,https://inkeedecoder.com/products/maybelline-super-stay-peel-off-lip-liner,maybelline::super-stay-peel-off-lip-liner,True
F0459,Maybelline,maybelline,Lifter Gloss Lip Gloss,economica,gloss,brillante,sin efecto declarado,vegana por fórmula,True,no libre de crueldad animal,False,0,Perfil dominado por ingredientes sin calificación favorable y control de viscosidad,27,False,https://inkeedecoder.com/products/maybelline-lifter-gloss-r-lip-gloss,maybelline::lifter-gloss-r-lip-gloss,True
F0460,Maybelline,maybelline,Baby Lips Lip Balm,economica,balsamo,no_declarado,sin efecto declarado,vegana por fórmula,True,no libre de crueldad animal,False,1,Perfil dominado por carga exfoliante y diversidad de funciones,25,False,https://inkeedecoder.com/products/maybelline-baby-lips-lip-balm-anti-oxidant-berry,maybelline::baby-lips-lip-balm-anti-oxidant-berry,True
F0461,Maybelline,maybelline,Lippenstift Super Stay Vinly Ink,economica,liquido,no_declarado,larga duración,vegana por fórmula,True,no libre de crueldad animal,False,2,Perfil dominado por ingredientes mal calificados y carga de perfume,28,False,https://inkeedecoder.com/products/maybelline-new-york-lippenstift-super-stay-vinly-ink,maybelline::lippenstift-super-stay-vinly-ink,True
F0462,Maybelline,maybelline,Sensational Cushion Matte Lip Tint,economica,tinte,mate,sin efecto declarado,vegana por fórmula,True,no libre de crueldad animal,False,0,Perfil dominado por ingredientes sin calificación favorable y control de viscosidad,23,False,https://inkeedecoder.com/products/maybelline-sensational-cushion-matte-lip-tint-matte-liptint-cheektint-colour-tint,maybelline::sensational-cushion-matte-lip-tint,True
F0463,Milani,milani,Keep It Full Maxxx Lip Plumper,economica,gloss,no_declarado,voluminizador,vegana por fórmula,True,libre de crueldad animal,True,1,Perfil dominado por carga exfoliante y diversidad de funciones,32,True,https://inkeedecoder.com/products/milani-keep-it-full-maxxx-lip-plumper,milani::keep-it-full-maxxx-lip-plumper,True
F0464,Milani,milani,Color Statement Lipstick,economica,barra,no_declarado,sin efecto declarado,no vegana,False,libre de crueldad animal,True,2,Perfil dominado por ingredientes mal calificados y carga de perfume,16,False,https://inkeedecoder.com/products/milani-color-statement-lipstick,milani::color-statement-lipstick,True
F0465,Milani,milani,Fruit Fetish Lip Oil Raspberry Peach,economica,aceite,no_declarado,sin efecto declarado,vegana por fórmula,True,libre de crueldad animal,True,5,Perfil dominado por ingredientes destacados y diversidad de funciones,51,False,https://inkeedecoder.com/products/milani-fruit-fetish-lip-oil-raspberry-peach-130,milani::fruit-fetish-lip-oil-raspberry-peach,True
F0466,Milani,milani,Keep It Full Maxxx Balmshell Plumping Lip Balm,economica,balsamo,no_declarado,voluminizador,no vegana,False,libre de crueldad animal,True,1,Perfil dominado por carga exfoliante y diversidad de funciones,36,False,https://inkeedecoder.com/products/milani-keep-it-full-maxxx-balmshell-plumping-lip-balm,milani::keep-it-full-maxxx-balmshell-plumping-lip-balm,True
F0467,Milani,milani,Rose Transforming Lip Balm,economica,balsamo,no_declarado,sin efecto declarado,vegana por fórmula,True,libre de crueldad animal,True,3,Perfil dominado por ingredientes bien calificados y carga antioxidante,26,False,https://inkeedecoder.com/products/milani-rose-transforming-lip-balm,milani::rose-transforming-lip-balm,True
F0468,Milani,milani,Fruit Fetish Cherry Lime Lip Oil,economica,aceite,no_declarado,sin efecto declarado,vegana por fórmula,True,libre de crueldad animal,True,5,Perfil dominado por ingredientes destacados y diversidad de funciones,45,False,https://inkeedecoder.com/products/milani-fruit-fetish-cherry-lime-lip-oil,milani::fruit-fetish-cherry-lime-lip-oil,True
F0469,Milani,milani,Color Statement Lipliner,economica,delineador,no_declarado,sin efecto declarado,depende del tono,False,libre de crueldad animal,True,0,Perfil dominado por ingredientes sin calificación favorable y control de viscosidad,9,False,https://inkeedecoder.com/products/milani-color-statement-lipliner,milani::color-statement-lipliner,True
F0470,Milani,milani,Keep It Full Maxxx Balmshell Lip Plumping Balm Gloss,economica,balsamo,brillante,voluminizador,vegana por fórmula,True,libre de crueldad animal,True,1,Perfil dominado por carga exfoliante y diversidad de funciones,38,False,https://inkeedecoder.com/products/milani-keep-it-full-maxxx-balmshell-lip-plumping-balm-gloss,milani::keep-it-full-maxxx-balmshell-lip-plumping-balm-gloss,True
F0471,Milani,milani,Color Fetish Matte Lipstick,economica,barra,mate,sin efecto declarado,vegana por fórmula,True,libre de crueldad animal,True,0,Perfil dominado por ingredientes sin calificación favorable y control de viscosidad,19,False,https://inkeedecoder.com/products/milani-color-fetish-matte-lipstick,milani::color-fetish-matte-lipstick,True
F0472,Milani,milani,Keep It Full Glossy Plumping Balm,economica,balsamo,brillante,voluminizador,vegana por fórmula,True,libre de crueldad animal,True,1,Perfil dominado por carga exfoliante y diversidad de funciones,19,False,https://inkeedecoder.com/products/milani-keep-it-full-glossy-plumping-balm,milani::keep-it-full-glossy-plumping-balm,True
F0473,Milani,milani,Keep It Smooth Lip Treatment Luxe Lip Treatment,economica,balsamo,no_declarado,sin efecto declarado,vegana por fórmula,True,libre de crueldad animal,True,3,Perfil dominado por ingredientes bien calificados y carga antioxidante,17,False,https://inkeedecoder.com/products/milani-keep-it-smooth-lip-treatment-luxe-lip-treatment,milani::keep-it-smooth-lip-treatment-luxe-lip-treatment,True
F0474,Milani,milani,Fruit Fetish Lip Balm,economica,balsamo,no_declarado,sin efecto declarado,vegana por fórmula,True,libre de crueldad animal,True,0,Perfil dominado por ingredientes sin calificación favorable y control de viscosidad,23,False,https://inkeedecoder.com/products/milani-fruit-fetish-lip-balm,milani::fruit-fetish-lip-balm,True
F0475,Milani,milani,Keep It Full Plumping Lip Liner,economica,delineador,no_declarado,voluminizador,origen incierto,False,libre de crueldad animal,True,1,Perfil dominado por carga exfoliante y diversidad de funciones,35,False,https://inkeedecoder.com/products/milani-keep-it-full-plumping-lip-liner,milani::keep-it-full-plumping-lip-liner,True
F0476,Milani,milani,Color Fetish Hydrating Lip Stain,economica,tinte,no_declarado,hidratante,origen incierto,False,libre de crueldad animal,True,6,Perfil dominado por carga de solventes y carga humectante,32,False,https://inkeedecoder.com/products/milani-color-fetish-hydrating-lip-stain,milani::color-fetish-hydrating-lip-stain,True
F0477,Milani,milani,Color Fetish Balm Lipstick,economica,barra,no_declarado,sin efecto declarado,vegana por fórmula,True,libre de crueldad animal,True,2,Perfil dominado por ingredientes mal calificados y carga de perfume,18,False,https://inkeedecoder.com/products/milani-color-fetish-balm-lipstick,milani::color-fetish-balm-lipstick,True
F0478,Milani,milani,Stay Put Liquid Lip Shimmer Lipstick,economica,liquido,perlado,larga duración,vegana por fórmula,True,libre de crueldad animal,True,0,Perfil dominado por ingredientes sin calificación favorable y control de viscosidad,12,False,https://inkeedecoder.com/products/milani-stay-put-liquid-lip-shimmer-lipstick,milani::stay-put-liquid-lip-shimmer-lipstick,True
F0479,Milani,milani,Amore Satin Matte Lip Cream,economica,liquido,mate,sin efecto declarado,no vegana,False,libre de crueldad animal,True,0,Perfil dominado por ingredientes sin calificación favorable y control de viscosidad,23,False,https://inkeedecoder.com/products/milani-amore-satin-matte-lip-cream,milani::amore-satin-matte-lip-cream,True
F0480,Milani,milani,Supercharged Cheek And Lip Multistick,economica,barra,no_declarado,sin efecto declarado,origen incierto,False,libre de crueldad animal,True,0,Perfil dominado por ingredientes sin calificación favorable y control de viscosidad,13,True,https://inkeedecoder.com/products/milani-supercharged-cheek-and-lip-multistick,milani::supercharged-cheek-and-lip-multistick,True
F0481,Milani,milani,Keep It Full Nourishing Lip Plumper,economica,gloss,brillante,"voluminizador, hidratante",depende del tono,False,libre de crueldad animal,True,1,Perfil dominado por carga exfoliante y diversidad de funciones,23,False,https://inkeedecoder.com/products/milani-keep-it-full-nourishing-lip-plumper,milani::keep-it-full-nourishing-lip-plumper,True
F0482,Milani,milani,Stay Put Liquid Lip Longwear Lipstick,economica,liquido,no_declarado,larga duración,vegana por fórmula,True,libre de crueldad animal,True,0,Perfil dominado por ingredientes sin calificación favorable y control de viscosidad,14,False,https://inkeedecoder.com/products/milani-stay-put-liquid-lip-longwear-lipstick,milani::stay-put-liquid-lip-longwear-lipstick,True
F0483,Milani,milani,Fruit Fetish Lip Oils,economica,aceite,no_declarado,sin efecto declarado,vegana por fórmula,True,libre de crueldad animal,True,5,Perfil dominado por ingredientes destacados y diversidad de funciones,42,False,https://inkeedecoder.com/products/milani-fruit-fetish-lip-oils-strawberry-melon,milani::fruit-fetish-lip-oils-strawberry-melon,True
F0484,Milani,milani,Fruit Fetish Passionfruit Coconut Lip Oil,economica,aceite,no_declarado,sin efecto declarado,vegana por fórmula,True,libre de crueldad animal,True,5,Perfil dominado por ingredientes destacados y diversidad de funciones,44,False,https://inkeedecoder.com/products/milani-fruit-fetish-passionfruit-coconut-lip-oil,milani::fruit-fetish-passionfruit-coconut-lip-oil,True
F0485,Milani,milani,Stay Put Matte Lip Crayon,economica,delineador,mate,larga duración,vegana por fórmula,True,libre de crueldad animal,True,3,Perfil dominado por ingredientes bien calificados y carga antioxidante,22,False,https://inkeedecoder.com/products/milani-stay-put-matte-lip-crayon,milani::stay-put-matte-lip-crayon,True
F0486,Milani,milani,Understatement Lipliner,economica,delineador,no_declarado,sin efecto declarado,vegana por fórmula,True,libre de crueldad animal,True,3,Perfil dominado por ingredientes bien calificados y carga antioxidante,20,False,https://inkeedecoder.com/products/milani-understatement-lipliner,milani::understatement-lipliner,True
F0487,NYX,nyx,Fat Oil Lip Drip,economica,aceite,no_declarado,hidratante,origen incierto,False,libre de crueldad animal,True,2,Perfil dominado por ingredientes mal calificados y carga de perfume,30,False,https://inkeedecoder.com/products/nyx-professional-makeup-fat-oil-lip-drip-juicy-boo,nyx::fat-oil-lip-drip,True
F0488,NYX,nyx,Jelly Job Lip Gloss,economica,gloss,jelly,sin efecto declarado,vegana por fórmula,True,libre de crueldad animal,True,5,Perfil dominado por ingredientes destacados y diversidad de funciones,28,False,https://inkeedecoder.com/products/nyx-professional-makeup-jelly-job-lip-gloss,nyx::jelly-job-lip-gloss,True
F0489,NYX,nyx,Retractable Lip Liner Nude Pink,economica,delineador,no_declarado,sin efecto declarado,origen incierto,False,libre de crueldad animal,True,0,Perfil dominado por ingredientes sin calificación favorable y control de viscosidad,15,False,https://inkeedecoder.com/products/nyx-professional-makeup-retractable-lip-liner-nude-pink,nyx::retractable-lip-liner-nude-pink,True
F0490,NYX,nyx,#Thisiseverything Lip Oil,economica,aceite,no_declarado,sin efecto declarado,vegana por fórmula,True,libre de crueldad animal,True,3,Perfil dominado por ingredientes bien calificados y carga antioxidante,19,False,https://inkeedecoder.com/products/nyx-thisiseverything-lip-oil,nyx::thisiseverything-lip-oil,True
F0491,NYX,nyx,Line Loud Lip Liner,economica,delineador,no_declarado,sin efecto declarado,vegana por fórmula,True,libre de crueldad animal,True,0,Perfil dominado por ingredientes sin calificación favorable y control de viscosidad,10,False,https://inkeedecoder.com/products/nyx-line-loud-lip-liner,nyx::line-loud-lip-liner,True
F0492,NYX,nyx,This Is Milky Lip Gloss,economica,gloss,brillante,sin efecto declarado,vegana por fórmula,True,libre de crueldad animal,True,5,Perfil dominado por ingredientes destacados y diversidad de funciones,33,False,https://inkeedecoder.com/products/nyx-this-is-milky-lip-gloss,nyx::this-is-milky-lip-gloss,True
F0493,NYX,nyx,Candy Slick Glowy Lip Color,economica,barra,no_declarado,sin efecto declarado,no vegana,False,libre de crueldad animal,True,0,Perfil dominado por ingredientes sin calificación favorable y control de viscosidad,20,False,https://inkeedecoder.com/products/nyx-candy-slick-glowy-lip-color,nyx::candy-slick-glowy-lip-color,True
F0494,NYX,nyx,Fat Oil Lip Drip,economica,aceite,no_declarado,sin efecto declarado,origen incierto,False,libre de crueldad animal,True,0,Perfil dominado por ingredientes sin calificación favorable y control de viscosidad,20,False,https://inkeedecoder.com/products/nyx-cosmetics-fat-oil-lip-drip,nyx::fat-oil-lip-drip,False
F0495,NYX,nyx,Butter Gloss Metallics Non Sticky Lip Gloss,economica,gloss,brillante,sin efecto declarado,no vegana,False,libre de crueldad animal,True,0,Perfil dominado por ingredientes sin calificación favorable y control de viscosidad,20,False,https://inkeedecoder.com/products/nyx-professional-makeup-butter-gloss-metallics-non-sticky-lip-gloss,nyx::butter-gloss-metallics-non-sticky-lip-gloss,True
F0496,NYX,nyx,Slim Lip Pencil,economica,delineador,no_declarado,sin efecto declarado,no vegana,False,libre de crueldad animal,True,0,Perfil dominado por ingredientes sin calificación favorable y control de viscosidad,21,False,https://inkeedecoder.com/products/nyx-professional-makeup-nyx-slim-lip-pencil-nude-truffle,nyx::slim-lip-pencil,True
F0497,NYX,nyx,Fat Oil Slick Click Lip Balm,economica,balsamo,no_declarado,sin efecto declarado,vegana por fórmula,True,libre de crueldad animal,True,0,Perfil dominado por ingredientes sin calificación favorable y control de viscosidad,14,False,https://inkeedecoder.com/products/nyx-fat-oil-slick-click-lip-balm,nyx::fat-oil-slick-click-lip-balm,True
F0498,NYX,nyx,Butter Gloss,economica,gloss,brillante,sin efecto declarado,no vegana,False,libre de crueldad animal,True,0,Perfil dominado por ingredientes sin calificación favorable y control de viscosidad,10,False,https://inkeedecoder.com/products/nyx-butter-gloss,nyx::butter-gloss,True
F0499,NYX,nyx,Smooth Whip Matte Lip Cream,economica,liquido,mate,sin efecto declarado,vegana por fórmula,True,libre de crueldad animal,True,0,Perfil dominado por ingredientes sin calificación favorable y control de viscosidad,17,False,https://inkeedecoder.com/products/nyx-professional-makeup-smooth-whip-matte-lip-cream,nyx::smooth-whip-matte-lip-cream,True
F0500,NYX,nyx,Fat Matte Smooth Color Lipstick,economica,barra,mate,sin efecto declarado,vegana por fórmula,True,libre de crueldad animal,True,0,Perfil dominado por ingredientes sin calificación favorable y control de viscosidad,27,False,https://inkeedecoder.com/products/nyx-professional-makeup-fat-matte-smooth-color-lipstick,nyx::fat-matte-smooth-color-lipstick,True
F0501,NYX,nyx,Line Loud Lip Pencil,economica,delineador,no_declarado,sin efecto declarado,vegana por fórmula,True,libre de crueldad animal,True,0,Perfil dominado por ingredientes sin calificación favorable y control de viscosidad,10,False,https://inkeedecoder.com/products/nyx-professional-makeup-line-loud-lip-pencil,nyx::line-loud-lip-pencil,True
F0502,NYX,nyx,Liquid Suede Cream Lipstick,economica,liquido,mate,sin efecto declarado,vegana por fórmula,True,libre de crueldad animal,True,3,Perfil dominado por ingredientes bien calificados y carga antioxidante,19,False,https://inkeedecoder.com/products/nyx-liquid-suede-cream-lipstick,nyx::liquid-suede-cream-lipstick,True
F0503,NYX,nyx,This Is Milky Gloss Milkshakes,economica,gloss,brillante,sin efecto declarado,vegana por fórmula,True,libre de crueldad animal,True,5,Perfil dominado por ingredientes destacados y diversidad de funciones,37,False,https://inkeedecoder.com/products/nyx-cosmetics-this-is-milky-gloss-milkshakes,nyx::this-is-milky-gloss-milkshakes,True
F0504,NYX,nyx,Lip I.v. Hydrating Lip Gloss Stain,economica,gloss,brillante,hidratante,vegana por fórmula,True,libre de crueldad animal,True,6,Perfil dominado por carga de solventes y carga humectante,25,False,https://inkeedecoder.com/products/nyx-cosmetics-lip-i-v-hydrating-lip-gloss-stain,nyx::lip-i-v-hydrating-lip-gloss-stain,True
F0505,NYX,nyx,Matte Lip Cream,economica,liquido,mate,sin efecto declarado,no vegana,False,libre de crueldad animal,True,0,Perfil dominado por ingredientes sin calificación favorable y control de viscosidad,14,False,https://inkeedecoder.com/products/nyx-matte-lip-cream,nyx::matte-lip-cream,True
F0506,NYX,nyx,Slip Tease Full Color Lip Oil,economica,aceite,no_declarado,sin efecto declarado,vegana por fórmula,True,libre de crueldad animal,True,0,Perfil dominado por ingredientes sin calificación favorable y control de viscosidad,26,False,https://inkeedecoder.com/products/nyx-slip-tease-full-color-lip-oil,nyx::slip-tease-full-color-lip-oil,True
F0507,NYX,nyx,Slim Lip Pencil,economica,delineador,no_declarado,sin efecto declarado,vegana por fórmula,True,libre de crueldad animal,True,3,Perfil dominado por ingredientes bien calificados y carga antioxidante,6,False,https://inkeedecoder.com/products/nyx-professional-makeup-slim-lip-pencil,nyx::slim-lip-pencil,False
F0508,NYX,nyx,Suede Matte Lip Liner,economica,delineador,mate,sin efecto declarado,origen incierto,False,libre de crueldad animal,True,0,Perfil dominado por ingredientes sin calificación favorable y control de viscosidad,26,False,https://inkeedecoder.com/products/nyx-professional-makeup-suede-matte-lip-liner,nyx::suede-matte-lip-liner,True
F0509,NYX,nyx,Extra Creamy Round Lipstick,economica,barra,cremoso,sin efecto declarado,no vegana,False,libre de crueldad animal,True,2,Perfil dominado por ingredientes mal calificados y carga de perfume,18,False,https://inkeedecoder.com/products/nyx-professional-makeup-extra-creamy-round-lipstick,nyx::extra-creamy-round-lipstick,True
F0510,NYX,nyx,Duck Plump Retractable Plumping Lip Liner,economica,delineador,no_declarado,voluminizador,vegana por fórmula,True,libre de crueldad animal,True,5,Perfil dominado por ingredientes destacados y diversidad de funciones,22,False,https://inkeedecoder.com/products/nyx-professional-makeup-duck-plump-retractable-plumping-lip-liner,nyx::duck-plump-retractable-plumping-lip-liner,True
F0511,NYX,nyx,Butter Gloss Non-sticky Lip Gloss,economica,gloss,brillante,sin efecto declarado,no vegana,False,libre de crueldad animal,True,0,Perfil dominado por ingredientes sin calificación favorable y control de viscosidad,12,False,https://inkeedecoder.com/products/nyx-professional-makeup-butter-gloss-non-sticky-lip-gloss,nyx::butter-gloss-non-sticky-lip-gloss,True
F0512,NYX,nyx,Fat Oil Lip Drip,economica,aceite,no_declarado,sin efecto declarado,origen incierto,False,libre de crueldad animal,True,0,Perfil dominado por ingredientes sin calificación favorable y control de viscosidad,21,False,https://inkeedecoder.com/products/nyx-professional-makeup-fat-oil-lip-drip-chillz,nyx::fat-oil-lip-drip,False
F0513,NYX,nyx,Filler Instinct Plumping Lip Polish,economica,aceite,no_declarado,voluminizador,depende del tono,False,libre de crueldad animal,True,3,Perfil dominado por ingredientes bien calificados y carga antioxidante,16,True,https://inkeedecoder.com/products/nyx-filler-instinct-plumping-lip-polish,nyx::filler-instinct-plumping-lip-polish,True
F0514,NYX,nyx,Duck Plump High Pigment Lip Plumping Gloss,economica,gloss,brillante,voluminizador,vegana por fórmula,True,libre de crueldad animal,True,1,Perfil dominado por carga exfoliante y diversidad de funciones,28,False,https://inkeedecoder.com/products/nyx-professional-makeup-duck-plump-high-pigment-lip-plumping-gloss,nyx::duck-plump-high-pigment-lip-plumping-gloss,True
F0515,NYX,nyx,Smushy Matte Lip Balm,economica,balsamo,mate,sin efecto declarado,vegana por fórmula,True,libre de crueldad animal,True,2,Perfil dominado por ingredientes mal calificados y carga de perfume,14,False,https://inkeedecoder.com/products/nyx-cosmetics-smushy-matte-lip-balm,nyx::smushy-matte-lip-balm,True
F0516,NYX,nyx,Wednesday Color-shifting Lip Oil,economica,aceite,no_declarado,sin efecto declarado,origen incierto,False,libre de crueldad animal,True,0,Perfil dominado por ingredientes sin calificación favorable y control de viscosidad,22,False,https://inkeedecoder.com/products/nyx-cosmetics-wednesday-color-shifting-lip-oil,nyx::wednesday-color-shifting-lip-oil,True
F0517,NYX,nyx,Shout Loud Satin Lipstick,economica,barra,satinado,sin efecto declarado,no vegana,False,libre de crueldad animal,True,0,Perfil dominado por ingredientes sin calificación favorable y control de viscosidad,31,False,https://inkeedecoder.com/products/nyx-shout-loud-satin-lipstick,nyx::shout-loud-satin-lipstick,True
F0518,NYX,nyx,Shine Loud Pro Pigment Lip Shine,economica,liquido,brillante,sin efecto declarado,vegana por fórmula,True,libre de crueldad animal,True,3,Perfil dominado por ingredientes bien calificados y carga antioxidante,18,False,https://inkeedecoder.com/products/nyx-shine-loud-pro-pigment-lip-shine,nyx::shine-loud-pro-pigment-lip-shine,True
F0519,NYX,nyx,Lip Lingerie Gloss,economica,gloss,brillante,sin efecto declarado,vegana por fórmula,True,libre de crueldad animal,True,4,Perfil dominado por ingredientes de calificación superior y agentes quelantes,16,False,https://inkeedecoder.com/products/nyx-professional-makeup-lip-lingerie-gloss-clear,nyx::lip-lingerie-gloss-clear,True
F0520,NYX,nyx,Slip Tease Lip Lacquer,economica,gloss,no_declarado,sin efecto declarado,vegana por fórmula,True,libre de crueldad animal,True,2,Perfil dominado por ingredientes mal calificados y carga de perfume,11,False,https://inkeedecoder.com/products/nyx-slip-tease-lip-lacquer,nyx::slip-tease-lip-lacquer,True
F0521,NYX,nyx,Suede Matte Lipstick,economica,barra,mate,sin efecto declarado,vegana por fórmula,True,libre de crueldad animal,True,4,Perfil dominado por ingredientes de calificación superior y agentes quelantes,22,False,https://inkeedecoder.com/products/nyx-professional-makeup-suede-matte-lipstick,nyx::suede-matte-lipstick,True
F0522,NYX,nyx,Lip Lingerie Lip Liner Stain,economica,delineador,no_declarado,sin efecto declarado,vegana por fórmula,True,libre de crueldad animal,True,6,Perfil dominado por carga de solventes y carga humectante,9,False,https://inkeedecoder.com/products/nyx-cosmetics-lip-lingerie-lip-liner-stain,nyx::lip-lingerie-lip-liner-stain,True
F0523,NYX,nyx,Bare With Me Hemp Lip Conditioner,economica,balsamo,no_declarado,sin efecto declarado,vegana por fórmula,True,libre de crueldad animal,True,5,Perfil dominado por ingredientes destacados y diversidad de funciones,30,False,https://inkeedecoder.com/products/nyx-bare-with-me-hemp-lip-conditioner,nyx::bare-with-me-hemp-lip-conditioner,True
F0524,NYX,nyx,Lip Lingerie XXL Matte Liquid Lipstick,economica,liquido,mate,sin efecto declarado,vegana por fórmula,True,libre de crueldad animal,True,0,Perfil dominado por ingredientes sin calificación favorable y control de viscosidad,13,False,https://inkeedecoder.com/products/nyx-lip-lingerie-xxl-matte-liquid-lipstick,nyx::lip-lingerie-xxl-matte-liquid-lipstick,True
F0525,NYX,nyx,Butter Gloss Bling,economica,gloss,brillante,sin efecto declarado,no vegana,False,libre de crueldad animal,True,0,Perfil dominado por ingredientes sin calificación favorable y control de viscosidad,17,False,https://inkeedecoder.com/products/nyx-professional-makeup-butter-gloss-bling,nyx::butter-gloss-bling,True
F0526,Revlon,revlon,Colorstay Limitless Matte Liquid Lipstick,economica,liquido,mate,sin efecto declarado,vegana por fórmula,True,no libre de crueldad animal,False,2,Perfil dominado por ingredientes mal calificados y carga de perfume,21,False,https://inkeedecoder.com/products/revlon-colorstay-limitless-matte-liquid-lipstick,revlon::colorstay-limitless-matte-liquid-lipstick,True
F0527,Revlon,revlon,Super Lustrous Lipstick,economica,barra,no_declarado,sin efecto declarado,no vegana,False,no libre de crueldad animal,False,0,Perfil dominado por ingredientes sin calificación favorable y control de viscosidad,22,False,https://inkeedecoder.com/products/revlon-super-lustrous-tm-lipstick,revlon::super-lustrous-tm-lipstick,True
F0528,Revlon,revlon,Super Lustrous Lipstick,economica,barra,no_declarado,sin efecto declarado,no vegana,False,no libre de crueldad animal,False,0,Perfil dominado por ingredientes sin calificación favorable y control de viscosidad,24,False,https://inkeedecoder.com/products/revlon-super-lustrous-lipstick,revlon::super-lustrous-lipstick,True
F0529,Revlon,revlon,Kiss Plumping Lip Crème,economica,liquido,cremoso,voluminizador,no vegana,False,no libre de crueldad animal,False,5,Perfil dominado por ingredientes destacados y diversidad de funciones,34,False,https://inkeedecoder.com/products/revlon-kiss-plumping-lip-creme,revlon::kiss-plumping-lip-creme,True
F0530,Revlon,revlon,Super Lustrous Luscious Mattes Lipstick,economica,barra,no_declarado,sin efecto declarado,vegana por fórmula,True,no libre de crueldad animal,False,0,Perfil dominado por ingredientes sin calificación favorable y control de viscosidad,21,False,https://inkeedecoder.com/products/revlon-super-lustrous-luscious-mattes-lipstick,revlon::super-lustrous-luscious-mattes-lipstick,True
F0531,Revlon,revlon,Colorstay Overtime Lip Color,economica,barra,no_declarado,sin efecto declarado,vegana por fórmula,True,no libre de crueldad animal,False,0,Perfil dominado por ingredientes sin calificación favorable y control de viscosidad,13,False,https://inkeedecoder.com/products/revlon-colorstay-overtime-lip-color,revlon::colorstay-overtime-lip-color,True
F0532,Revlon,revlon,Colorburst Lip Butter,economica,barra,cremoso,sin efecto declarado,no vegana,False,no libre de crueldad animal,False,0,Perfil dominado por ingredientes sin calificación favorable y control de viscosidad,15,False,https://inkeedecoder.com/products/revlon-colorburst-lip-butter,revlon::colorburst-lip-butter,True
F0533,Revlon,revlon,Kiss Lip Balm,economica,balsamo,no_declarado,sin efecto declarado,no vegana,False,no libre de crueldad animal,False,2,Perfil dominado por ingredientes mal calificados y carga de perfume,30,False,https://inkeedecoder.com/products/revlon-kiss-lip-balm,revlon::kiss-lip-balm,True
F0534,Revlon,revlon,Super Lustrous Lipgloss,economica,gloss,no_declarado,sin efecto declarado,no vegana,False,no libre de crueldad animal,False,5,Perfil dominado por ingredientes destacados y diversidad de funciones,19,False,https://inkeedecoder.com/products/revlon-super-lustrous-lipgloss,revlon::super-lustrous-lipgloss,True
F0535,Revlon,revlon,Colorstay Lip Liner,economica,delineador,no_declarado,sin efecto declarado,depende del tono,False,no libre de crueldad animal,False,0,Perfil dominado por ingredientes sin calificación favorable y control de viscosidad,12,False,https://inkeedecoder.com/products/revlon-colorstay-lip-liner,revlon::colorstay-lip-liner,True
F0536,Revlon,revlon,Kiss Baume,economica,balsamo,no_declarado,sin efecto declarado,no vegana,False,no libre de crueldad animal,False,2,Perfil dominado por ingredientes mal calificados y carga de perfume,21,True,https://inkeedecoder.com/products/revlon-kiss-baume,revlon::kiss-baume,True
F0537,Revlon,revlon,Moon Drops Moisturizing Lip Conditioner,economica,balsamo,no_declarado,hidratante,no vegana,False,no libre de crueldad animal,False,2,Perfil dominado por ingredientes mal calificados y carga de perfume,18,False,https://inkeedecoder.com/products/revlon-moon-drops-moisturizing-lip-conditioner,revlon::moon-drops-moisturizing-lip-conditioner,True
F0538,Revlon,revlon,Jelly Tint Lipcolor,economica,tinte,jelly,sin efecto declarado,origen incierto,False,no libre de crueldad animal,False,6,Perfil dominado por carga de solventes y carga humectante,23,False,https://inkeedecoder.com/products/revlon-jelly-tint-lipcolor,revlon::jelly-tint-lipcolor,True
F0539,Revlon,revlon,Kiss Glow Lip Oil,economica,aceite,brillante,sin efecto declarado,no vegana,False,no libre de crueldad animal,False,0,Perfil dominado por ingredientes sin calificación favorable y control de viscosidad,15,False,https://inkeedecoder.com/products/revlon-kiss-glow-lip-oil-tm,revlon::kiss-glow-lip-oil-tm,True
F0540,Revlon,revlon,Colorstay Satin Ink Lipstick,economica,barra,satinado,sin efecto declarado,no vegana,False,no libre de crueldad animal,False,2,Perfil dominado por ingredientes mal calificados y carga de perfume,23,False,https://inkeedecoder.com/products/revlon-colorstay-satin-ink-lipstick,revlon::colorstay-satin-ink-lipstick,True
F0541,Revlon,revlon,ColorStay Suede Ink Lipstick,economica,barra,mate,sin efecto declarado,vegana por fórmula,True,no libre de crueldad animal,False,2,Perfil dominado por ingredientes mal calificados y carga de perfume,16,False,https://inkeedecoder.com/products/revlon-colorstay-suede-ink-tm-lipstick,revlon::colorstay-suede-ink-tm-lipstick,True
F0542,Revlon,revlon,Super Lustrous Glimmer Lip Oil,economica,aceite,no_declarado,sin efecto declarado,no vegana,False,no libre de crueldad animal,False,0,Perfil dominado por ingredientes sin calificación favorable y control de viscosidad,18,False,https://inkeedecoder.com/products/revlon-super-lustrous-glimmer-lip-oil-2,revlon::super-lustrous-glimmer-lip-oil,True
F0543,Revlon,revlon,Super Lustrous Glimmer Gloss,economica,gloss,brillante,sin efecto declarado,no vegana,False,no libre de crueldad animal,False,5,Perfil dominado por ingredientes destacados y diversidad de funciones,25,False,https://inkeedecoder.com/products/revlon-super-lustrous-glimmer-gloss,revlon::super-lustrous-glimmer-gloss,True
F0544,Revlon,revlon,Super Lustrous Glimmer Lip Oil,economica,aceite,no_declarado,sin efecto declarado,no vegana,False,no libre de crueldad animal,False,0,Perfil dominado por ingredientes sin calificación favorable y control de viscosidad,18,False,https://inkeedecoder.com/products/revlon-super-lustrous-glimmer-lip-oil,revlon::super-lustrous-glimmer-lip-oil,False
F0545,Revlon,revlon,Colorstay Moisture Stain,economica,tinte,no_declarado,sin efecto declarado,vegana por fórmula,True,no libre de crueldad animal,False,6,Perfil dominado por carga de solventes y carga humectante,30,False,https://inkeedecoder.com/products/revlon-colorstay-moisture-stain,revlon::colorstay-moisture-stain,True
F0546,Revlon,revlon,Super Lustrous The Lip Gloss,economica,gloss,brillante,sin efecto declarado,no vegana,False,no libre de crueldad animal,False,5,Perfil dominado por ingredientes destacados y diversidad de funciones,22,False,https://inkeedecoder.com/products/revlon-super-lustrous-the-lip-gloss-tm,revlon::super-lustrous-the-lip-gloss-tm,True
F0547,Revlon,revlon,Super Lustrous Ultra Lipstick,economica,barra,no_declarado,sin efecto declarado,origen incierto,False,no libre de crueldad animal,False,0,Perfil dominado por ingredientes sin calificación favorable y control de viscosidad,31,False,https://inkeedecoder.com/products/revlon-super-lustrous-ultra-lipstick,revlon::super-lustrous-ultra-lipstick,True
F0548,Revolution,revolution,Candy Haze Lip Balm,economica,balsamo,no_declarado,sin efecto declarado,vegana por fórmula,True,libre de crueldad animal,True,0,Perfil dominado por ingredientes sin calificación favorable y control de viscosidad,19,False,https://inkeedecoder.com/products/revolution-candy-haze-lip-balm,revolution::candy-haze-lip-balm,True
F0549,Revolution,revolution,Pout Lip Gloss Stick,economica,gloss,brillante,sin efecto declarado,origen incierto,False,libre de crueldad animal,True,5,Perfil dominado por ingredientes destacados y diversidad de funciones,24,False,https://inkeedecoder.com/products/revolution-pout-lip-gloss-stick,revolution::pout-lip-gloss-stick,False
F0550,Revolution,revolution,So Balm Lip Balm Mango,economica,balsamo,no_declarado,sin efecto declarado,vegana por fórmula,True,libre de crueldad animal,True,2,Perfil dominado por ingredientes mal calificados y carga de perfume,15,False,https://inkeedecoder.com/products/revolution-so-balm-lip-balm-mango,revolution::so-balm-lip-balm-mango,True
F0551,Revolution,revolution,Relove Euphoric Roll Baby Lip Oil,economica,aceite,no_declarado,sin efecto declarado,vegana por fórmula,True,libre de crueldad animal,True,0,Perfil dominado por ingredientes sin calificación favorable y control de viscosidad,7,False,https://inkeedecoder.com/products/revolution-relove-euphoric-roll-baby-lip-oil,revolution::relove-euphoric-roll-baby-lip-oil,True
F0552,Revolution,revolution,Hot Shot Plumping Lip Gloss,economica,gloss,brillante,voluminizador,vegana por fórmula,True,libre de crueldad animal,True,2,Perfil dominado por ingredientes mal calificados y carga de perfume,14,False,https://inkeedecoder.com/products/revolution-hot-shot-plumping-lip-gloss,revolution::hot-shot-plumping-lip-gloss,True
F0553,Revolution,revolution,Lasting Kiss Liquid Matte Stain,economica,tinte,mate,larga duración,vegana por fórmula,True,libre de crueldad animal,True,0,Perfil dominado por ingredientes sin calificación favorable y control de viscosidad,8,False,https://inkeedecoder.com/products/revolution-lasting-kiss-liquid-matte-stain,revolution::lasting-kiss-liquid-matte-stain,True
F0554,Revolution,revolution,Protect Conditioning Lip Balm SPF,economica,balsamo,no_declarado,protección solar,vegana por fórmula,True,libre de crueldad animal,True,0,Perfil dominado por ingredientes sin calificación favorable y control de viscosidad,9,False,https://inkeedecoder.com/products/revolution-pro-protect-conditioning-lip-balm-spf-15,revolution::pro-protect-conditioning-lip-balm-spf,True
F0555,Revolution,revolution,Rehab Lip Plump Maximiser Conditioning Gloss,economica,gloss,brillante,voluminizador,vegana por fórmula,True,libre de crueldad animal,True,2,Perfil dominado por ingredientes mal calificados y carga de perfume,25,False,https://inkeedecoder.com/products/revolution-rehab-lip-plump-maximiser-conditioning-gloss,revolution::rehab-lip-plump-maximiser-conditioning-gloss,True
F0556,Revolution,revolution,Relove Glam Balm Lip Balm,economica,balsamo,no_declarado,sin efecto declarado,vegana por fórmula,True,libre de crueldad animal,True,2,Perfil dominado por ingredientes mal calificados y carga de perfume,18,False,https://inkeedecoder.com/products/revolution-relove-glam-balm-lip-balm,revolution::relove-glam-balm-lip-balm,True
F0557,Revolution,revolution,Lip Nourishing Tint With Cannabis Sativa,economica,tinte,no_declarado,hidratante,no vegana,False,libre de crueldad animal,True,0,Perfil dominado por ingredientes sin calificación favorable y control de viscosidad,12,False,https://inkeedecoder.com/products/revolution-lip-nourishing-tint-with-cannabis-sativa-energy,revolution::lip-nourishing-tint-with-cannabis-sativa-energy,True
F0558,Revolution,revolution,Hydra Bright Plumping Lip Gloss Clear,economica,gloss,brillante,"voluminizador, hidratante",vegana por fórmula,True,libre de crueldad animal,True,2,Perfil dominado por ingredientes mal calificados y carga de perfume,18,False,https://inkeedecoder.com/products/revolution-pro-hydra-bright-plumping-lip-gloss-clear,revolution::pro-hydra-bright-plumping-lip-gloss-clear,True
F0559,Revolution,revolution,Juicy Pout Lip Gloss,economica,gloss,brillante,hidratante,vegana por fórmula,True,libre de crueldad animal,True,3,Perfil dominado por ingredientes bien calificados y carga antioxidante,13,False,https://inkeedecoder.com/products/revolution-juicy-pout-lip-gloss-grapefruit,revolution::juicy-pout-lip-gloss-grapefruit,True
F0560,Revolution,revolution,New Neutral Lip Liner,economica,delineador,no_declarado,sin efecto declarado,vegana por fórmula,True,libre de crueldad animal,True,2,Perfil dominado por ingredientes mal calificados y carga de perfume,16,False,https://inkeedecoder.com/products/revolution-pro-new-neutral-lip-liner,revolution::pro-new-neutral-lip-liner,True
F0561,Revolution,revolution,Pout Balm,economica,balsamo,brillante,sin efecto declarado,vegana por fórmula,True,libre de crueldad animal,True,0,Perfil dominado por ingredientes sin calificación favorable y control de viscosidad,21,False,https://inkeedecoder.com/products/makeup-revolution-pout-balm,revolution::pout-balm,True
F0562,Revolution,revolution,Lip Oil,economica,aceite,no_declarado,sin efecto declarado,vegana por fórmula,True,libre de crueldad animal,True,0,Perfil dominado por ingredientes sin calificación favorable y control de viscosidad,8,False,https://inkeedecoder.com/products/makeup-revolution-lip-oil-2,revolution::lip-oil-2,True
F0563,Revolution,revolution,Relove Baby Gloss Lip Gloss,economica,gloss,brillante,sin efecto declarado,vegana por fórmula,True,libre de crueldad animal,True,2,Perfil dominado por ingredientes mal calificados y carga de perfume,13,False,https://inkeedecoder.com/products/revolution-relove-baby-gloss-lip-gloss,revolution::relove-baby-gloss-lip-gloss,True
F0564,Revolution,revolution,Planet Revolution Coconut Lip Butter,economica,balsamo,cremoso,sin efecto declarado,origen incierto,False,libre de crueldad animal,True,5,Perfil dominado por ingredientes destacados y diversidad de funciones,20,False,https://inkeedecoder.com/products/revolution-skincare-planet-revolution-coconut-lip-butter,revolution::planet-revolution-coconut-lip-butter,True
F0565,Revolution,revolution,Hylaboost Hyaluronic Lip Fix,economica,balsamo,no_declarado,larga duración,vegana por fórmula,True,libre de crueldad animal,True,1,Perfil dominado por carga exfoliante y diversidad de funciones,38,True,https://inkeedecoder.com/products/revolution-skincare-hylaboost-hyaluronic-lip-fix,revolution::hylaboost-hyaluronic-lip-fix,True
F0566,Revolution,revolution,Pout Bomb Shimmer Gloss,economica,gloss,perlado,sin efecto declarado,vegana por fórmula,True,libre de crueldad animal,True,4,Perfil dominado por ingredientes de calificación superior y agentes quelantes,19,False,https://inkeedecoder.com/products/revolution-pout-bomb-shimmer-gloss,revolution::pout-bomb-shimmer-gloss,True
F0567,Revolution,revolution,Shimmer Lip Gloss,economica,gloss,perlado,sin efecto declarado,vegana por fórmula,True,libre de crueldad animal,True,0,Perfil dominado por ingredientes sin calificación favorable y control de viscosidad,11,False,https://inkeedecoder.com/products/makeup-revolution-shimmer-lip-gloss,revolution::shimmer-lip-gloss,True
F0568,Revolution,revolution,I Heart Revolution Shimmer Spritz Lip Gloss Lemonade,economica,gloss,perlado,sin efecto declarado,origen incierto,False,libre de crueldad animal,True,2,Perfil dominado por ingredientes mal calificados y carga de perfume,17,False,https://inkeedecoder.com/products/revolution-i-heart-revolution-shimmer-spritz-lip-gloss-lemonade,revolution::i-heart-revolution-shimmer-spritz-lip-gloss-lemonade,True
F0569,Revolution,revolution,Pout Lip Oil,economica,aceite,no_declarado,sin efecto declarado,vegana por fórmula,True,libre de crueldad animal,True,1,Perfil dominado por carga exfoliante y diversidad de funciones,27,False,https://inkeedecoder.com/products/revolution-pout-lip-oil,revolution::pout-lip-oil,True
F0570,Revolution,revolution,Pout Bomb Plumping Gloss,economica,gloss,brillante,voluminizador,vegana por fórmula,True,libre de crueldad animal,True,3,Perfil dominado por ingredientes bien calificados y carga antioxidante,19,False,https://inkeedecoder.com/products/revolution-pout-bomb-plumping-gloss,revolution::pout-bomb-plumping-gloss,True
F0571,Revolution,revolution,I Heart Revolution Tropical Lip Oil Kiwi,economica,aceite,no_declarado,sin efecto declarado,vegana por fórmula,True,libre de crueldad animal,True,3,Perfil dominado por ingredientes bien calificados y carga antioxidante,15,False,https://inkeedecoder.com/products/revolution-i-heart-revolution-tropical-lip-oil-kiwi,revolution::i-heart-revolution-tropical-lip-oil-kiwi,True
F0572,Revolution,revolution,Rescue Lip Oil,economica,aceite,no_declarado,sin efecto declarado,vegana por fórmula,True,libre de crueldad animal,True,3,Perfil dominado por ingredientes bien calificados y carga antioxidante,14,False,https://inkeedecoder.com/products/revolution-pro-rescue-lip-oil,revolution::pro-rescue-lip-oil,True
F0573,Revolution,revolution,Relove By Revolution Baby Tint Lip & Cheek Tint,economica,tinte,no_declarado,sin efecto declarado,vegana por fórmula,True,libre de crueldad animal,True,0,Perfil dominado por ingredientes sin calificación favorable y control de viscosidad,18,False,https://inkeedecoder.com/products/revolution-relove-by-revolution-baby-tint-lip-cheek-tint,revolution::relove-by-revolution-baby-tint-lip-cheek-tint,True
F0574,Revolution,revolution,Rehab Overnight Lip Serum,economica,balsamo,no_declarado,reparador,vegana por fórmula,True,libre de crueldad animal,True,5,Perfil dominado por ingredientes destacados y diversidad de funciones,24,False,https://inkeedecoder.com/products/makeup-revolution-rehab-overnight-lip-serum,revolution::rehab-overnight-lip-serum,True
F0575,Revolution,revolution,Glaze Lip Oil Getaway Terracotta,economica,aceite,brillante,sin efecto declarado,vegana por fórmula,True,libre de crueldad animal,True,3,Perfil dominado por ingredientes bien calificados y carga antioxidante,19,False,https://inkeedecoder.com/products/makeup-revolution-glaze-lip-oil-getaway-terracotta,revolution::glaze-lip-oil-getaway-terracotta,True
F0576,Revolution,revolution,Rehab Plump Me Up Lip Serum Orange Glaze,economica,gloss,brillante,voluminizador,vegana por fórmula,True,libre de crueldad animal,True,2,Perfil dominado por ingredientes mal calificados y carga de perfume,12,False,https://inkeedecoder.com/products/revolution-rehab-plump-me-up-lip-serum-orange-glaze,revolution::rehab-plump-me-up-lip-serum-orange-glaze,True
F0577,Revolution,revolution,New Neutral Satin Matte Lipstick,economica,barra,mate,sin efecto declarado,vegana por fórmula,True,libre de crueldad animal,True,0,Perfil dominado por ingredientes sin calificación favorable y control de viscosidad,10,False,https://inkeedecoder.com/products/revolution-pro-new-neutral-satin-matte-lipstick,revolution::pro-new-neutral-satin-matte-lipstick,True
F0578,Revolution,revolution,Inflatable Glow Lip & Cheek Tint Tropical Creamsicle,economica,tinte,brillante,sin efecto declarado,vegana por fórmula,True,libre de crueldad animal,True,2,Perfil dominado por ingredientes mal calificados y carga de perfume,16,False,https://inkeedecoder.com/products/revolution-inflatable-glow-lip-cheek-tint-tropical-creamsicle,revolution::inflatable-glow-lip-cheek-tint-tropical-creamsicle,True
F0579,Revolution,revolution,Peptide Glaze Tinted Lip Serum,economica,gloss,brillante,sin efecto declarado,vegana por fórmula,True,libre de crueldad animal,True,2,Perfil dominado por ingredientes mal calificados y carga de perfume,22,False,https://inkeedecoder.com/products/revolution-peptide-glaze-tinted-lip-serum,revolution::peptide-glaze-tinted-lip-serum,True
F0580,Revolution,revolution,I Heart Revolution Metallic Unicorn Lips Whimsical,economica,liquido,metalico,sin efecto declarado,vegana por fórmula,True,libre de crueldad animal,True,0,Perfil dominado por ingredientes sin calificación favorable y control de viscosidad,8,True,https://inkeedecoder.com/products/revolution-beauty-london-i-heart-revolution-metallic-unicorn-lips-whimsical,revolution::london-i-heart-revolution-metallic-unicorn-lips-whimsical,True
F0581,Revolution,revolution,Lip Shift Peel Off Lip Stain,economica,tinte,no_declarado,sin efecto declarado,vegana por fórmula,True,libre de crueldad animal,True,6,Perfil dominado por carga de solventes y carga humectante,11,False,https://inkeedecoder.com/products/revolution-lip-shift-peel-off-lip-stain,revolution::lip-shift-peel-off-lip-stain,True
F0582,Revolution,revolution,Renew Lip Conditioner,economica,balsamo,no_declarado,sin efecto declarado,vegana por fórmula,True,libre de crueldad animal,True,2,Perfil dominado por ingredientes mal calificados y carga de perfume,16,False,https://inkeedecoder.com/products/revolution-pro-renew-lip-conditioner,revolution::pro-renew-lip-conditioner,True
F0583,Revolution,revolution,Lip Protector SPF,economica,balsamo,no_declarado,protección solar,vegana por fórmula,True,libre de crueldad animal,True,3,Perfil dominado por ingredientes bien calificados y carga antioxidante,18,False,https://inkeedecoder.com/products/revolution-skincare-lip-protector-spf-30-lip-balm,revolution::lip-protector-spf,True
F0584,Revolution,revolution,Peptide Pout Plumping Lip Balm,economica,balsamo,no_declarado,voluminizador,origen incierto,False,libre de crueldad animal,True,5,Perfil dominado por ingredientes destacados y diversidad de funciones,26,False,https://inkeedecoder.com/products/revolution-skincare-peptide-pout-plumping-lip-balm,revolution::peptide-pout-plumping-lip-balm,True
F0585,Revolution,revolution,I Heart Revolution Shimmer Spritz Lip Gloss Cherry Cola,economica,gloss,perlado,sin efecto declarado,origen incierto,False,libre de crueldad animal,True,2,Perfil dominado por ingredientes mal calificados y carga de perfume,16,False,https://inkeedecoder.com/products/revolution-i-heart-revolution-shimmer-spritz-lip-gloss-cherry-cola,revolution::i-heart-revolution-shimmer-spritz-lip-gloss-cherry-cola,True
F0586,Revolution,revolution,Pout Bomb Plumping Lip Liner,economica,delineador,no_declarado,voluminizador,vegana por fórmula,True,libre de crueldad animal,True,0,Perfil dominado por ingredientes sin calificación favorable y control de viscosidad,14,False,https://inkeedecoder.com/products/revolution-pout-bomb-plumping-lip-liner,revolution::pout-bomb-plumping-lip-liner,True
F0587,Revolution,revolution,Goddess Glow Lip Oil Soleil,economica,aceite,brillante,sin efecto declarado,vegana por fórmula,True,libre de crueldad animal,True,3,Perfil dominado por ingredientes bien calificados y carga antioxidante,12,False,https://inkeedecoder.com/products/revolution-pro-goddess-glow-lip-oil-soleil,revolution::pro-goddess-glow-lip-oil-soleil,True
F0588,Revolution,revolution,Pout Lip Gloss Stick,economica,gloss,brillante,sin efecto declarado,origen incierto,False,libre de crueldad animal,True,5,Perfil dominado por ingredientes destacados y diversidad de funciones,25,False,https://inkeedecoder.com/products/revolution-beauty-pout-lip-gloss-stick,revolution::pout-lip-gloss-stick,True
F0589,Revolution,revolution,Gym Lip Resist Hydrating Lip Balm Pink,economica,balsamo,no_declarado,hidratante,vegana por fórmula,True,libre de crueldad animal,True,2,Perfil dominado por ingredientes mal calificados y carga de perfume,13,False,https://inkeedecoder.com/products/revolution-gym-lip-resist-hydrating-lip-balm-pink,revolution::gym-lip-resist-hydrating-lip-balm-pink,True
F0590,Revolution,revolution,Satin Kiss Lipliner,economica,delineador,satinado,sin efecto declarado,vegana por fórmula,True,libre de crueldad animal,True,3,Perfil dominado por ingredientes bien calificados y carga antioxidante,18,False,https://inkeedecoder.com/products/revolution-satin-kiss-lipliner,revolution::satin-kiss-lipliner,True
F0591,Revolution,revolution,Hyaluronic Acid Hydrating Lip Patches,economica,tinte,no_declarado,hidratante,no vegana,False,libre de crueldad animal,True,6,Perfil dominado por carga de solventes y carga humectante,27,False,https://inkeedecoder.com/products/revolution-skincare-hyaluronic-acid-hydrating-lip-patches,revolution::hyaluronic-acid-hydrating-lip-patches,True
F0592,Revolution,revolution,Kiss Drip Water Lip Tint,economica,tinte,no_declarado,sin efecto declarado,vegana por fórmula,True,libre de crueldad animal,True,2,Perfil dominado por ingredientes mal calificados y carga de perfume,18,False,https://inkeedecoder.com/products/revolution-kiss-drip-water-lip-tint,revolution::kiss-drip-water-lip-tint,True
F0593,Revolution,revolution,Shimmer Bomb Lip Gloss,economica,gloss,perlado,sin efecto declarado,vegana por fórmula,True,libre de crueldad animal,True,0,Perfil dominado por ingredientes sin calificación favorable y control de viscosidad,12,False,https://inkeedecoder.com/products/makeup-revolution-shimmer-bomb-lip-gloss-2,revolution::shimmer-bomb-lip-gloss-2,True
F0594,Revolution,revolution,Aura Lip Balm,economica,balsamo,no_declarado,sin efecto declarado,vegana por fórmula,True,libre de crueldad animal,True,3,Perfil dominado por ingredientes bien calificados y carga antioxidante,20,False,https://inkeedecoder.com/products/makeup-revolution-aura-lip-balm,revolution::aura-lip-balm,True
F0595,Revolution,revolution,Roll Baby Lip Oil Papaya,economica,aceite,no_declarado,sin efecto declarado,vegana por fórmula,True,libre de crueldad animal,True,2,Perfil dominado por ingredientes mal calificados y carga de perfume,9,False,https://inkeedecoder.com/products/revolution-relove-roll-baby-lip-oil-papaya,revolution::relove-roll-baby-lip-oil-papaya,True
F0596,Revolution,revolution,Best Kept Secret Lip And Fine Line Filler,economica,barra,no_declarado,sin efecto declarado,vegana por fórmula,True,libre de crueldad animal,True,5,Perfil dominado por ingredientes destacados y diversidad de funciones,23,True,https://inkeedecoder.com/products/revolution-pro-x-amanda-holden-best-kept-secret-lip-and-fine-line-filler,revolution::pro-x-amanda-holden-best-kept-secret-lip-and-fine-line-filler,True
F0597,Revolution,revolution,Glaze Lip Oil Glam Pink,economica,aceite,brillante,sin efecto declarado,vegana por fórmula,True,libre de crueldad animal,True,3,Perfil dominado por ingredientes bien calificados y carga antioxidante,18,False,https://inkeedecoder.com/products/revolution-glaze-lip-oil-glam-pink,revolution::glaze-lip-oil-glam-pink,True
F0598,Revolution,revolution,Juicy Peptide Lip Balm,economica,balsamo,no_declarado,hidratante,origen incierto,False,libre de crueldad animal,True,1,Perfil dominado por carga exfoliante y diversidad de funciones,25,False,https://inkeedecoder.com/products/revolution-juicy-peptide-lip-balm,revolution::juicy-peptide-lip-balm,True
F0599,Revolution,revolution,Air Blur Matte Liquid Lipstick,economica,liquido,blur,sin efecto declarado,vegana por fórmula,True,libre de crueldad animal,True,0,Perfil dominado por ingredientes sin calificación favorable y control de viscosidad,9,False,https://inkeedecoder.com/products/revolution-air-blur-matte-liquid-lipstick,revolution::air-blur-matte-liquid-lipstick,True
F0600,Revolution,revolution,Relove Baby Lipstick,economica,barra,no_declarado,sin efecto declarado,vegana por fórmula,True,libre de crueldad animal,True,0,Perfil dominado por ingredientes sin calificación favorable y control de viscosidad,20,False,https://inkeedecoder.com/products/revolution-relove-baby-lipstick,revolution::relove-baby-lipstick,True
F0601,Revolution,revolution,Ceramide Lip Swirl Pure Gloss Clear,economica,gloss,brillante,sin efecto declarado,vegana por fórmula,True,libre de crueldad animal,True,0,Perfil dominado por ingredientes sin calificación favorable y control de viscosidad,12,False,https://inkeedecoder.com/products/revolution-ceramide-lip-swirl-pure-gloss-clear,revolution::ceramide-lip-swirl-pure-gloss-clear,True
F0602,Revolution,revolution,Poolside Aqua Drip Cooling Lip Oil,economica,aceite,no_declarado,sin efecto declarado,vegana por fórmula,True,libre de crueldad animal,True,2,Perfil dominado por ingredientes mal calificados y carga de perfume,18,False,https://inkeedecoder.com/products/revolution-poolside-aqua-drip-cooling-lip-oil,revolution::poolside-aqua-drip-cooling-lip-oil,True
F0603,Revolution,revolution,Blur Lip Shaper,economica,barra,blur,sin efecto declarado,vegana por fórmula,True,libre de crueldad animal,True,0,Perfil dominado por ingredientes sin calificación favorable y control de viscosidad,17,True,https://inkeedecoder.com/products/revolution-blur-lip-shaper,revolution::blur-lip-shaper,True
F0604,Revolution,revolution,Bouncy Pudding Lip & Cheek Tint,economica,tinte,no_declarado,sin efecto declarado,origen incierto,False,libre de crueldad animal,True,0,Perfil dominado por ingredientes sin calificación favorable y control de viscosidad,18,False,https://inkeedecoder.com/products/revolution-bouncy-pudding-lip-cheek-tint,revolution::bouncy-pudding-lip-cheek-tint,True
F0605,Revolution,revolution,Plex Bond Barrier Protecting Lip Cream,economica,liquido,cremoso,sin efecto declarado,origen incierto,False,libre de crueldad animal,True,5,Perfil dominado por ingredientes destacados y diversidad de funciones,30,False,https://inkeedecoder.com/products/revolution-skincare-plex-bond-barrier-protecting-lip-cream,revolution::plex-bond-barrier-protecting-lip-cream,True
F0606,Revolution,revolution,Lip Shake Lip Gloss,economica,gloss,brillante,sin efecto declarado,vegana por fórmula,True,libre de crueldad animal,True,0,Perfil dominado por ingredientes sin calificación favorable y control de viscosidad,21,False,https://inkeedecoder.com/products/revolution-lip-shake-lip-gloss,revolution::lip-shake-lip-gloss,True
F0607,Revolution,revolution,I Heart Revolution Shimmer Spritz Lip Gloss Grapefruit,economica,gloss,perlado,sin efecto declarado,origen incierto,False,libre de crueldad animal,True,2,Perfil dominado por ingredientes mal calificados y carga de perfume,19,False,https://inkeedecoder.com/products/revolution-i-heart-revolution-shimmer-spritz-lip-gloss-grapefruit,revolution::i-heart-revolution-shimmer-spritz-lip-gloss-grapefruit,True
F0608,Revolution,revolution,Lip Allure Soft Satin Lipstick,economica,barra,satinado,sin efecto declarado,vegana por fórmula,True,libre de crueldad animal,True,0,Perfil dominado por ingredientes sin calificación favorable y control de viscosidad,13,False,https://inkeedecoder.com/products/revolution-lip-allure-soft-satin-lipstick,revolution::lip-allure-soft-satin-lipstick,True
F0609,Too Faced,too-faced,Lip Injection Extreme,alta,aceite,no_declarado,voluminizador,no vegana,False,libre de crueldad animal,True,5,Perfil dominado por ingredientes destacados y diversidad de funciones,18,True,https://inkeedecoder.com/products/too-faced-lip-injection-extreme,too-faced::lip-injection-extreme,True
F0610,Too Faced,too-faced,Hangover Pillow Balm Lip Treatment,alta,balsamo,no_declarado,sin efecto declarado,depende del tono,False,libre de crueldad animal,True,5,Perfil dominado por ingredientes destacados y diversidad de funciones,39,False,https://inkeedecoder.com/products/benefit-hangover-pillow-balm-lip-treatment,too-faced::hangover-pillow-balm-lip-treatment,True
F0611,Too Faced,too-faced,Lip Injection Maximum Plump Extra Strength Lip Plumper,alta,gloss,no_declarado,voluminizador,no vegana,False,libre de crueldad animal,True,5,Perfil dominado por ingredientes destacados y diversidad de funciones,25,True,https://inkeedecoder.com/products/too-faced-lip-injection-maximum-plump-extra-strength-lip-plumper,too-faced::lip-injection-maximum-plump-extra-strength-lip-plumper,True
F0612,Too Faced,too-faced,Kissing Juicy Tint,alta,tinte,no_declarado,hidratante,origen incierto,False,libre de crueldad animal,True,0,Perfil dominado por ingredientes sin calificación favorable y control de viscosidad,27,False,https://inkeedecoder.com/products/too-faced-kissing-juicy-tint,too-faced::kissing-juicy-tint,True
F0613,Too Faced,too-faced,Lip Injection Extreme Plumping Clicks,alta,barra,no_declarado,voluminizador,origen incierto,False,libre de crueldad animal,True,0,Perfil dominado por ingredientes sin calificación favorable y control de viscosidad,28,True,https://inkeedecoder.com/products/too-faced-lip-injection-extreme-plumping-clicks,too-faced::lip-injection-extreme-plumping-clicks,True
F0614,Too Faced,too-faced,Lip Injection Liquid Lipstick,alta,liquido,no_declarado,voluminizador,vegana por fórmula,True,libre de crueldad animal,True,0,Perfil dominado por ingredientes sin calificación favorable y control de viscosidad,21,False,https://inkeedecoder.com/products/too-faced-lip-injection-liquid-lipstick,too-faced::lip-injection-liquid-lipstick,True
F0615,Too Faced,too-faced,Kissing Jelly Hydrating Lip Oil Gloss,alta,aceite,jelly,hidratante,vegana por fórmula,True,libre de crueldad animal,True,0,Perfil dominado por ingredientes sin calificación favorable y control de viscosidad,16,False,https://inkeedecoder.com/products/too-faced-kissing-jelly-hydrating-lip-oil-gloss,too-faced::kissing-jelly-hydrating-lip-oil-gloss,True
F0616,Too Faced,too-faced,Lip Injection Lip Gloss,alta,gloss,brillante,voluminizador,vegana por fórmula,True,libre de crueldad animal,True,1,Perfil dominado por carga exfoliante y diversidad de funciones,28,False,https://inkeedecoder.com/products/too-faced-lip-injection-lip-gloss,too-faced::lip-injection-lip-gloss,True
F0617,Too Faced,too-faced,Lip Injection Extreme Lip Plumper,alta,gloss,no_declarado,voluminizador,no vegana,False,libre de crueldad animal,True,5,Perfil dominado por ingredientes destacados y diversidad de funciones,25,True,https://inkeedecoder.com/products/too-faced-lip-injection-extreme-lip-plumper,too-faced::lip-injection-extreme-lip-plumper,True
F0618,Too Faced,too-faced,Kissing Juicy Tint Lip Balm,alta,balsamo,cremoso,hidratante,origen incierto,False,libre de crueldad animal,True,2,Perfil dominado por ingredientes mal calificados y carga de perfume,31,False,https://inkeedecoder.com/products/too-faced-kissing-juicy-tint-lip-balm-cream-soda,too-faced::kissing-juicy-tint-lip-balm-cream-soda,True
F0619,Too Faced,too-faced,Cloud Crush Whipped Lip & Cheek Color,alta,barra,no_declarado,sin efecto declarado,vegana por fórmula,True,libre de crueldad animal,True,6,Perfil dominado por carga de solventes y carga humectante,18,False,https://inkeedecoder.com/products/too-faced-cloud-crush-whipped-lip-cheek-color,too-faced::cloud-crush-whipped-lip-cheek-color,True
F0620,Wet n Wild,wet-n-wild,Lip Oil,economica,aceite,no_declarado,sin efecto declarado,vegana por fórmula,True,libre de crueldad animal,True,3,Perfil dominado por ingredientes bien calificados y carga antioxidante,25,False,https://inkeedecoder.com/products/wet-n-wild-lip-oil,wet-n-wild::lip-oil,True
F0621,Wet n Wild,wet-n-wild,Perfect Pout Lip Treatment,economica,balsamo,no_declarado,sin efecto declarado,vegana por fórmula,True,libre de crueldad animal,True,3,Perfil dominado por ingredientes bien calificados y carga antioxidante,25,False,https://inkeedecoder.com/products/wet-n-wild-perfect-pout-lip-treatment,wet-n-wild::perfect-pout-lip-treatment,True
F0622,Wet n Wild,wet-n-wild,Spongebob Squarepants Bikini Bottom Cooling Lip Oil,economica,aceite,no_declarado,sin efecto declarado,vegana por fórmula,True,libre de crueldad animal,True,3,Perfil dominado por ingredientes bien calificados y carga antioxidante,22,False,https://inkeedecoder.com/products/wet-n-wild-spongebob-squarepants-bikini-bottom-cooling-lip-oil,wet-n-wild::spongebob-squarepants-bikini-bottom-cooling-lip-oil,True
F0623,Wet n Wild,wet-n-wild,Megalast High Shine Lip Color,economica,barra,brillante,sin efecto declarado,no vegana,False,libre de crueldad animal,True,5,Perfil dominado por ingredientes destacados y diversidad de funciones,43,False,https://inkeedecoder.com/products/wet-n-wild-megalast-high-shine-lip-color,wet-n-wild::megalast-high-shine-lip-color,True
F0624,Wet n Wild,wet-n-wild,Mega Glo Lip & Cheek Color,economica,barra,no_declarado,sin efecto declarado,vegana por fórmula,True,libre de crueldad animal,True,0,Perfil dominado por ingredientes sin calificación favorable y control de viscosidad,14,False,https://inkeedecoder.com/products/wet-n-wild-mega-glo-lip-cheek-color,wet-n-wild::mega-glo-lip-cheek-color,True
F0625,Wet n Wild,wet-n-wild,Color Icon Lipliner,economica,delineador,no_declarado,sin efecto declarado,no vegana,False,libre de crueldad animal,True,0,Perfil dominado por ingredientes sin calificación favorable y control de viscosidad,7,False,https://inkeedecoder.com/products/wet-n-wild-color-icon-lipliner,wet-n-wild::color-icon-lipliner,True
F0626,Wet n Wild,wet-n-wild,Buzz Buzz Hunny Lip Gloss,economica,gloss,brillante,sin efecto declarado,vegana por fórmula,True,libre de crueldad animal,True,2,Perfil dominado por ingredientes mal calificados y carga de perfume,28,False,https://inkeedecoder.com/products/wet-n-wild-buzz-buzz-hunny-lip-gloss-bee-nice,wet-n-wild::buzz-buzz-hunny-lip-gloss-bee-nice,True
F0627,Wet n Wild,wet-n-wild,Perfect Pout Lip Liner Stain,economica,delineador,no_declarado,sin efecto declarado,vegana por fórmula,True,libre de crueldad animal,True,6,Perfil dominado por carga de solventes y carga humectante,14,False,https://inkeedecoder.com/products/wet-n-wild-perfect-pout-lip-liner-stain-spilled-wine,wet-n-wild::perfect-pout-lip-liner-stain-spilled-wine,True
F0628,Wet n Wild,wet-n-wild,Cloud Pout Marshmallow Lip Mousse,economica,liquido,no_declarado,sin efecto declarado,origen incierto,False,libre de crueldad animal,True,5,Perfil dominado por ingredientes destacados y diversidad de funciones,36,False,https://inkeedecoder.com/products/wet-n-wild-cloud-pout-marshmallow-lip-mousse,wet-n-wild::cloud-pout-marshmallow-lip-mousse,True
F0629,Wet n Wild,wet-n-wild,Megaslicks Lip Gloss,economica,gloss,brillante,sin efecto declarado,no vegana,False,libre de crueldad animal,True,3,Perfil dominado por ingredientes bien calificados y carga antioxidante,20,False,https://inkeedecoder.com/products/wet-n-wild-megaslicks-lip-gloss,wet-n-wild::megaslicks-lip-gloss,True
F0630,Wet n Wild,wet-n-wild,Perfect Pout Lip Color,economica,barra,no_declarado,sin efecto declarado,vegana por fórmula,True,libre de crueldad animal,True,3,Perfil dominado por ingredientes bien calificados y carga antioxidante,30,False,https://inkeedecoder.com/products/wet-n-wild-perfect-pout-lip-color,wet-n-wild::perfect-pout-lip-color,True
F0631,Wet n Wild,wet-n-wild,Lip Oil Injector Plumping Lip Oil,economica,aceite,perlado,voluminizador,vegana por fórmula,True,libre de crueldad animal,True,5,Perfil dominado por ingredientes destacados y diversidad de funciones,25,False,https://inkeedecoder.com/products/wet-n-wild-lip-oil-injector-plumping-lip-oil-shimmer-me-baby,wet-n-wild::lip-oil-injector-plumping-lip-oil-shimmer-me-baby,True
F0632,Wet n Wild,wet-n-wild,Megalast Lock ‘n’ Shine Lip Color + Gloss,economica,gloss,brillante,larga duración,vegana por fórmula,True,libre de crueldad animal,True,0,Perfil dominado por ingredientes sin calificación favorable y control de viscosidad,18,False,https://inkeedecoder.com/products/wet-n-wild-megalast-lock-n-shine-lip-color-gloss,wet-n-wild::megalast-lock-n-shine-lip-color-gloss,True
F0633,Wet n Wild,wet-n-wild,Perfect Pout Gel Lip Liner,economica,delineador,jelly,sin efecto declarado,vegana por fórmula,True,libre de crueldad animal,True,0,Perfil dominado por ingredientes sin calificación favorable y control de viscosidad,13,False,https://inkeedecoder.com/products/wet-n-wild-perfect-pout-gel-lip-liner,wet-n-wild::perfect-pout-gel-lip-liner,False
F0634,Wet n Wild,wet-n-wild,Soft Blur Matte Lipstick,economica,barra,blur,sin efecto declarado,vegana por fórmula,True,libre de crueldad animal,True,0,Perfil dominado por ingredientes sin calificación favorable y control de viscosidad,15,False,https://inkeedecoder.com/products/wet-n-wild-soft-blur-matte-lipstick,wet-n-wild::soft-blur-matte-lipstick,True
F0635,Wet n Wild,wet-n-wild,Mega Last Matte Lip Color,economica,barra,mate,larga duración,vegana por fórmula,True,libre de crueldad animal,True,5,Perfil dominado por ingredientes destacados y diversidad de funciones,42,False,https://inkeedecoder.com/products/wet-n-wild-mega-last-matte-lip-color,wet-n-wild::mega-last-matte-lip-color,True
F0636,Wet n Wild,wet-n-wild,Rose Comforting Lip Color,economica,barra,no_declarado,sin efecto declarado,vegana por fórmula,True,libre de crueldad animal,True,3,Perfil dominado por ingredientes bien calificados y carga antioxidante,19,False,https://inkeedecoder.com/products/wet-n-wild-rose-comforting-lip-color,wet-n-wild::rose-comforting-lip-color,True
F0637,Wet n Wild,wet-n-wild,Perfect Pout Gel Lip Liner,economica,delineador,jelly,sin efecto declarado,vegana por fórmula,True,libre de crueldad animal,True,3,Perfil dominado por ingredientes bien calificados y carga antioxidante,17,False,https://inkeedecoder.com/products/wet-n-wild-perfect-pout-gel-lip-liner-lay-down-the-mauves,wet-n-wild::perfect-pout-gel-lip-liner,True
F0638,Wet n Wild,wet-n-wild,Mega Glitter Shimmer Liquid Lipstick,economica,liquido,glitter,sin efecto declarado,vegana por fórmula,True,libre de crueldad animal,True,0,Perfil dominado por ingredientes sin calificación favorable y control de viscosidad,15,False,https://inkeedecoder.com/products/wet-n-wild-mega-glitter-shimmer-liquid-lipstick-hear-me-out,wet-n-wild::mega-glitter-shimmer-liquid-lipstick-hear-me-out,True
F0639,Wet n Wild,wet-n-wild,Mega Last Lip Color,economica,barra,no_declarado,larga duración,origen incierto,False,libre de crueldad animal,True,5,Perfil dominado por ingredientes destacados y diversidad de funciones,30,False,https://inkeedecoder.com/products/wet-n-wild-mega-last-lip-color,wet-n-wild::mega-last-lip-color,True
F0640,Wet n Wild,wet-n-wild,Chameleon Chrome Lip Foil,economica,aceite,metalico,sin efecto declarado,vegana por fórmula,True,libre de crueldad animal,True,3,Perfil dominado por ingredientes bien calificados y carga antioxidante,22,False,https://inkeedecoder.com/products/wet-n-wild-chameleon-chrome-lip-foil-halos-way,wet-n-wild::chameleon-chrome-lip-foil-halos-way,True
F0641,Wet n Wild,wet-n-wild,Silk Finish Lipstick,economica,barra,satinado,sin efecto declarado,no vegana,False,libre de crueldad animal,True,5,Perfil dominado por ingredientes destacados y diversidad de funciones,24,False,https://inkeedecoder.com/products/wet-n-wild-silk-finish-lipstick,wet-n-wild::silk-finish-lipstick,True
F0642,Wet n Wild,wet-n-wild,Lip Treatment,economica,balsamo,no_declarado,sin efecto declarado,origen incierto,False,libre de crueldad animal,True,6,Perfil dominado por carga de solventes y carga humectante,30,False,https://inkeedecoder.com/products/wet-n-wild-lip-treatment,wet-n-wild::lip-treatment,True
F0643,Wet n Wild,wet-n-wild,Mega Inky Lip Color,economica,barra,no_declarado,sin efecto declarado,vegana por fórmula,True,libre de crueldad animal,True,0,Perfil dominado por ingredientes sin calificación favorable y control de viscosidad,17,False,https://inkeedecoder.com/products/wet-n-wild-mega-inky-lip-color-bare-intentions,wet-n-wild::mega-inky-lip-color-bare-intentions,True
F0644,Wet n Wild,wet-n-wild,Megaslicks Balm Stain,economica,balsamo,no_declarado,sin efecto declarado,no vegana,False,libre de crueldad animal,True,0,Perfil dominado por ingredientes sin calificación favorable y control de viscosidad,17,False,https://inkeedecoder.com/products/wet-n-wild-megaslicks-balm-stain,wet-n-wild::megaslicks-balm-stain,True
F0645,Wet n Wild,wet-n-wild,Megalast Liquid Catsuit High-shine Lipstick,economica,liquido,brillante,sin efecto declarado,vegana por fórmula,True,libre de crueldad animal,True,3,Perfil dominado por ingredientes bien calificados y carga antioxidante,28,False,https://inkeedecoder.com/products/wet-n-wild-megalast-liquid-catsuit-high-shine-lipstick,wet-n-wild::megalast-liquid-catsuit-high-shine-lipstick,True
