id_formula,rango_base,ingrediente,nombre_ingrediente,calificacion,formulas_del_catalogo,poco_comun
F0001,1,water,Aqua (Water),no-take,106,False
F0001,2,ethylhexyl-stearate,Ethylhexyl Stearate,no-take,17,True
F0001,3,pentylene-glycol,Pentylene Glycol,no-take,26,True
F0001,4,butylene-glycol,Butylene Glycol,no-take,61,False
F0001,5,diisostearyl-malate,Diisostearyl Malate,no-take,228,False
F0001,6,hydroxyethyl-acrylate-sodium-acryloyldimethyl-taurate-copolymer,Hydroxyethyl Acrylate/​Sodium Acryloyldimethyl Taurate Copolymer,no-take,20,True
F0001,7,phenoxyethanol,Phenoxyethanol,no-take,286,False
F0001,8,squalane,Squalane,goodie,82,False
F0001,9,lecithin,Lecithin,goodie,47,False
F0001,10,polysorbate-60,Polysorbate 60,no-take,18,True
F0001,11,disodium-edta,Disodium EDTA,no-take,8,True
F0001,13,sorbitan-isostearate,Sorbitan Isostearate,no-take,86,False
F0001,14,propyl-gallate,Propyl Gallate,no-take,27,True
F0002,1,water,Aqua (Water),no-take,106,False
F0002,2,ethylhexyl-stearate,Ethylhexyl Stearate,no-take,17,True
F0002,3,diisostearyl-malate,Diisostearyl Malate,no-take,228,False
F0002,4,pentylene-glycol,Pentylene Glycol,no-take,26,True
F0002,5,butylene-glycol,Butylene Glycol,no-take,61,False
F0002,6,hydroxyethyl-acrylate-sodium-acryloyldimethyl-taurate-copolymer,Hydroxyethyl Acrylate/​Sodium Acryloyldimethyl Taurate Copolymer,no-take,20,True
F0002,7,phenoxyethanol,Phenoxyethanol,no-take,286,False
F0002,8,squalane,Squalane,goodie,82,False
F0002,9,lecithin,Lecithin,goodie,47,False
F0002,10,polysorbate-60,Polysorbate 60,no-take,18,True
F0002,11,sodium-citrate,Sodium Citrate,no-take,10,True
F0002,12,sorbitan-isostearate,Sorbitan Isostearate,no-take,86,False
F0002,13,citric-acid,Citric Acid,no-take,85,False
F0002,14,propyl-gallate,Propyl Gallate,no-take,27,True
F0003,1,water,Aqua (Water),no-take,106,False
F0003,2,ethylhexyl-stearate,Ethylhexyl Stearate,no-take,17,True
F0003,3,butylene-glycol,Butylene Glycol,no-take,61,False
F0003,4,hydroxyethyl-acrylate-sodium-acryloyldimethyl-taurate-copolymer,Hydroxyethyl Acrylate/​Sodium Acryloyldimethyl Taurate Copolymer,no-take,20,True
F0003,5,pentylene-glycol,Pentylene Glycol,no-take,26,True
F0003,6,phenoxyethanol,Phenoxyethanol,no-take,286,False
F0003,7,squalane,Squalane,goodie,82,False
F0003,8,polysorbate-60,Polysorbate 60,no-take,18,True
F0003,9,disodium-edta,Disodium EDTA,no-take,8,True
F0003,11,sorbitan-isostearate,Sorbitan Isostearate,no-take,86,False
F0004,1,water,Aqua (Water),no-take,106,False
F0004,2,butylene-glycol,Butylene Glycol,no-take,61,False
F0004,3,glycerin,Glycerin,superstar,102,False
F0004,4,polysorbate-20,Polysorbate 20,no-take,6,True
F0004,6,hydroxyacetophenone,Hydroxyacetophenone,no-take,11,True
F0004,7,1-2-hexanediol,"1,2-Hexanediol",no-take,28,True
F0004,8,caprylyl-glycol,Caprylyl Glycol,no-take,167,False
F0004,9,parfum,Parfum (Fragrance),icky,331,False
F0004,10,sodium-hydroxide,Sodium Hydroxide,no-take,6,True
F0004,12,maltodextrin,Maltodextrin,no-take,7,True
F0004,13,citric-acid,Citric Acid,no-take,85,False
F0004,14,geraniol,Geraniol,icky,43,False
F0004,15,citronellol,Citronellol,icky,45,False
F0005,1,water,Aqua (Water),no-take,106,False
F0005,2,ethylhexyl-stearate,Ethylhexyl Stearate,no-take,17,True
F0005,3,pentylene-glycol,Pentylene Glycol,no-take,26,True
F0005,4,butylene-glycol,Butylene Glycol,no-take,61,False
F0005,5,hydroxyethyl-acrylate-sodium-acryloyldimethyl-taurate-copolymer,Hydroxyethyl Acrylate/​Sodium Acryloyldimethyl Taurate Copolymer,no-take,20,True
F0005,6,diisostearyl-malate,Diisostearyl Malate,no-take,228,False
F0005,7,squalane,Squalane,goodie,82,False
F0005,8,phenoxyethanol,Phenoxyethanol,no-take,286,False
F0005,9,lecithin,Lecithin,goodie,47,False
F0005,10,polysorbate-60,Polysorbate 60,no-take,18,True
F0005,11,sodium-citrate,Sodium Citrate,no-take,10,True
F0005,12,sorbitan-isostearate,Sorbitan Isostearate,no-take,86,False
F0005,13,citric-acid,Citric Acid,no-take,85,False
F0005,14,propyl-gallate,Propyl Gallate,no-take,27,True
F0006,1,polyglyceryl-2-isostearate-dimer-dilinoleate-copolymer,Polyglyceryl-2 Isostearate/​Dimer Dilinoleate Copolymer,no-take,27,True
F0006,2,polyglyceryl-2-triisostearate,Polyglyceryl-2 Triisostearate,no-take,101,False
F0006,3,bis-behenyl-isostearyl-phytosteryl-dimer-dilinoleyl-dimer-dilinoleate,Bis-Behenyl/​Isostearyl/​Phytosteryl Dimer Dilinoleyl Dimer Dilinoleate,no-take,42,False
F0006,4,caprylic-capric-triglyceride,Caprylic/​Capric Triglyceride,no-take,215,False
F0006,5,bis-diglyceryl-polyacyladipate-2,Bis-Diglyceryl Polyacyladipate-2,no-take,169,False
F0006,6,silica,Silica,no-take,267,False
F0006,7,menthol,Menthol,icky,47,False
F0006,8,hydrolyzed-sodium-hyaluronate,Hydrolyzed Sodium Hyaluronate,no-take,21,True
F0006,9,limnanthes-alba-seed-oil,Limnanthes Alba (Meadowfoam) Seed Oil,goodie,36,False
F0006,10,ethyl-vanillin,Ethyl Vanillin,no-take,38,False
F0006,11,pentaerythrityl-tetra-di-t-butyl-hydroxyhydrocinnamate,Pentaerythrityl Tetra-Di-T-Butyl Hydroxyhydrocinnamate,no-take,222,False
F0006,12,glyceryl-behenate,Glyceryl Behenate,no-take,24,True
F0007,1,ricinus-communis-seed-oil,Ricinus Communis (Castor) Seed Oil,no-take,145,False
F0007,2,polyglyceryl-2-isostearate-dimer-dilinoleate-copolymer,Polyglyceryl-2 Isostearate/​Dimer Dilinoleate Copolymer,no-take,27,True
F0007,3,octyldodecanol,Octyldodecanol,no-take,208,False
F0007,4,silica,Silica,no-take,267,False
F0007,5,menthol,Menthol,icky,47,False
F0007,6,menthone-glycerin-acetal,Menthone Glycerin Acetal,no-take,15,True
F0007,7,aroma,Aroma (Flavor),sin_calificacion,150,False
F0007,8,simmondsia-chinensis-seed-oil,Simmondsia Chinensis (Jojoba) Seed Oil,goodie,134,False
F0007,9,tocopheryl-acetate,Tocopheryl Acetate,no-take,357,False
F0007,10,propylene-carbonate,Propylene Carbonate,no-take,95,False
F0007,11,glyceryl-caprylate,Glyceryl Caprylate,no-take,20,True
F0007,12,pentaerythrityl-tetra-di-t-butyl-hydroxyhydrocinnamate,Pentaerythrityl Tetra-Di-T-Butyl Hydroxyhydrocinnamate,no-take,222,False
F0008,1,bis-diglyceryl-polyacyladipate-2,Bis-Diglyceryl Polyacyladipate-2,no-take,169,False
F0008,2,caprylic-capric-triglyceride,Caprylic/​Capric Triglyceride,no-take,215,False
F0008,3,stearalkonium-bentonite,Stearalkonium Bentonite,no-take,8,True
F0008,4,hydrogenated-vegetable-oil,Hydrogenated Vegetable Oil,no-take,26,True
F0008,5,silica-silylate,Silica Silylate,no-take,26,True
F0008,6,helianthus-annuus-seed-wax,Helianthus Annuus (Sunflower) Seed Wax,no-take,47,False
F0008,7,cocoyl-hydrolyzed-collagen,Cocoyl Hydrolyzed Collagen,no-take,9,True
F0008,8,butyrospermum-parkii-butter,Butyrospermum Parkii (Shea) Butter,goodie,149,False
F0008,9,hydrogenated-coconut-oil,Hydrogenated Coconut Oil,no-take,9,True
F0008,10,prunus-persica-kernel-oil,Prunus Persica (Peach) Kernel Oil,no-take,7,True
F0008,11,portulaca-pilosa-extract,Portulaca Pilosa Extract,sin_calificacion,12,True
F0008,12,cocos-nucifera-oil,Cocos Nucifera (Coconut) Oil,goodie,57,False
F0008,15,tocopherol,Tocopherol,goodie,289,False
F0009,1,polyisobutene,Polyisobutene,no-take,121,False
F0009,2,ethylhexyl-palmitate,Ethylhexyl Palmitate,no-take,205,False
F0009,3,hydrogenated-polyisobutene,Hydrogenated Polyisobutene,no-take,165,False
F0009,4,polyglyceryl-3-diisostearate,Polyglyceryl-3 Diisostearate,no-take,35,False
F0009,5,silica-dimethyl-silylate,Silica Dimethyl Silylate,no-take,160,False
F0009,6,menthol,Menthol,icky,47,False
F0009,7,persea-gratissima-oil,Persea Gratissima (Avocado) Oil,goodie,45,False
F0009,8,punica-granatum-sterols,Punica Granatum (Pomegranate) Sterols,sin_calificacion,5,True
F0009,9,tocopheryl-acetate,Tocopheryl Acetate,no-take,357,False
F0009,10,sodium-hyaluronate,Sodium Hyaluronate,goodie,132,False
F0009,11,ethylene-propylene-styrene-copolymer,Ethylene/​Propylene/​Styrene Copolymer,no-take,70,False
F0009,12,caprylyl-glycol,Caprylyl Glycol,no-take,167,False
F0009,13,zingiber-officinale-root-extract,Zingiber Officinale (Ginger) Root Extract,goodie,10,True
F0009,14,ricinus-communis-seed-oil,Ricinus Communis (Castor) Seed Oil,no-take,145,False
F0009,15,glycerin,Glycerin,superstar,102,False
F0010,1,diisostearyl-malate,Diisostearyl Malate,no-take,228,False
F0010,2,polybutene,Polybutene,no-take,212,False
F0010,3,polyglyceryl-2-isostearate-dimer-dilinoleate-copolymer,Polyglyceryl-2 Isostearate/​Dimer Dilinoleate Copolymer,no-take,27,True
F0010,4,silica,Silica,no-take,267,False
F0010,5,prunus-avium-seed-oil,Prunus Avium (Sweet Cherry) Seed Oil,no-take,23,True
F0010,6,punica-granatum-seed-oil,Punica Granatum Seed Oil,goodie,13,True
F0010,7,pentaerythrityl-tetra-di-t-butyl-hydroxyhydrocinnamate,Pentaerythrityl Tetra-Di-T-Butyl Hydroxyhydrocinnamate,no-take,222,False
F0010,8,kaolin,Kaolin,goodie,40,False
F0010,9,ethylhexyl-salicylate,Ethylhexyl Salicylate,no-take,7,True
F0010,10,citric-acid,Citric Acid,no-take,85,False
F0010,11,aroma,Aroma (Flavor),sin_calificacion,150,False
F0011,1,ricinus-communis-seed-oil,Ricinus Communis (Castor) Seed Oil,no-take,145,False
F0011,2,bis-diglyceryl-polyacyladipate-2,Bis-Diglyceryl Polyacyladipate-2,no-take,169,False
F0011,3,octyldodecanol,Octyldodecanol,no-take,208,False
F0011,4,caprylic-capric-triglyceride,Caprylic/​Capric Triglyceride,no-take,215,False
F0011,5,euphorbia-cerifera-cera,Euphorbia Cerifera (Candelilla) Wax,no-take,73,False
F0011,6,synthetic-wax,Synthetic Wax,no-take,176,False
F0011,7,talc,Talc,no-take,35,False
F0011,8,cetyl-alcohol,Cetyl Alcohol,no-take,20,True
F0011,9,copernicia-cerifera-wax,Copernicia Cerifera (Carnauba) Wax,no-take,67,False
F0011,10,butyrospermum-parkii-butter,Butyrospermum Parkii (Shea) Butter,goodie,149,False
F0011,11,vanillyl-butyl-ether,Vanillyl Butyl Ether,sin_calificacion,33,False
F0011,12,rosmarinus-officinalis-flower-extract,Rosmarinus Officinalis (Rosemary) Flower Extract,no-take,12,True
F0011,13,tocopherol,Tocopherol,goodie,289,False
F0011,14,helianthus-annuus-seed-oil,Helianthus Annuus (Sunflower) Seed Oil,goodie,123,False
F0011,15,silica,Silica,no-take,267,False
F0012,1,ricinus-communis-seed-oil,Ricinus Communis (Castor) Seed Oil,no-take,145,False
F0012,2,polyglyceryl-2-isostearate-dimer-dilinoleate-copolymer,Polyglyceryl-2 Isostearate/​Dimer Dilinoleate Copolymer,no-take,27,True
F0012,3,silica-dimethyl-silylate,Silica Dimethyl Silylate,no-take,160,False
F0012,4,octyldodecanol,Octyldodecanol,no-take,208,False
F0012,5,menthol,Menthol,icky,47,False
F0012,6,parfum,Parfum (Fragrance),icky,331,False
F0012,7,simmondsia-chinensis-seed-oil,Simmondsia Chinensis (Jojoba) Seed Oil,goodie,134,False
F0012,8,tocopheryl-acetate,Tocopheryl Acetate,no-take,357,False
F0012,9,propylene-carbonate,Propylene Carbonate,no-take,95,False
F0012,10,glyceryl-caprylate,Glyceryl Caprylate,no-take,20,True
F0012,11,capsicum-frutescens-fruit-extract,Capsicum Frutescens Fruit Extract,icky,24,True
F0012,12,pentaerythrityl-tetra-di-t-butyl-hydroxyhydrocinnamate,Pentaerythrityl Tetra-Di-T-Butyl Hydroxyhydrocinnamate,no-take,222,False
F0012,13,limonene,Limonene,icky,138,False
F0012,14,aluminum-hydroxide,Aluminum Hydroxide,no-take,112,False
F0013,1,ricinus-communis-seed-oil,Ricinus Communis (Castor) Seed Oil,no-take,145,False
F0013,2,bis-diglyceryl-polyacyladipate-1,Bis-Diglyceryl Polyacyladipate-1,no-take,20,True
F0013,3,octyldodecanol,Octyldodecanol,no-take,208,False
F0013,4,caprylic-capric-triglyceride,Caprylic/​Capric Triglyceride,no-take,215,False
F0013,5,euphorbia-cerifera-cera,Euphorbia Cerifera (Candelilla) Wax,no-take,73,False
F0013,6,synthetic-wax,Synthetic Wax,no-take,176,False
F0013,7,cetyl-alcohol,Cetyl Alcohol,no-take,20,True
F0013,8,copernicia-cerifera-wax,Copernicia Cerifera (Carnauba) Wax,no-take,67,False
F0013,9,silica,Silica,no-take,267,False
F0013,10,methyl-diisopropyl-propionamide,Methyl Diisopropyl Propionamide,no-take,6,True
F0013,11,menthol,Menthol,icky,47,False
F0013,12,caprylyl-glycol,Caprylyl Glycol,no-take,167,False
F0013,13,menthyl-lactate,Menthyl Lactate,icky,12,True
F0013,14,hexylene-glycol,Hexylene Glycol,no-take,51,False
F0013,15,phenoxyethanol,Phenoxyethanol,no-take,286,False
F0014,1,ricinus-communis-seed-oil,Ricinus Communis (Castor) Seed Oil,no-take,145,False
F0014,2,triethylhexanoin,Triethylhexanoin,no-take,21,True
F0014,3,sucrose-tetrastearate-triacetate,Sucrose Tetrastearate Triacetate,no-take,22,True
F0014,4,silica,Silica,no-take,267,False
F0014,5,tocopheryl-acetate,Tocopheryl Acetate,no-take,357,False
F0014,6,persea-gratissima-oil,Persea Gratissima (Avocado) Oil,goodie,45,False
F0014,8,caprylic-capric-triglyceride,Caprylic/​Capric Triglyceride,no-take,215,False
F0014,9,caprylyl-glycol,Caprylyl Glycol,no-take,167,False
F0014,10,glycerin,Glycerin,superstar,102,False
F0014,11,caprylhydroxamic-acid,Caprylhydroxamic Acid,no-take,42,False
F0014,12,stevia-rebaudiana-extract,Stevia Rebaudiana Extract,sin_calificacion,21,True
F0014,15,alumina,Alumina,no-take,91,False
F0015,1,pentaerythrityl-tetraisostearate,Pentaerythrityl Tetraisostearate,no-take,100,False
F0015,2,polybutene,Polybutene,no-take,212,False
F0015,3,octyldodecanol,Octyldodecanol,no-take,208,False
F0015,4,ricinus-communis-seed-oil,Ricinus Communis (Castor) Seed Oil,no-take,145,False
F0015,5,silica-dimethyl-silylate,Silica Dimethyl Silylate,no-take,160,False
F0015,6,shorea-robusta-resin,Shorea Robusta Resin,sin_calificacion,19,True
F0015,7,helianthus-annuus-seed-oil,Helianthus Annuus (Sunflower) Seed Oil,goodie,123,False
F0015,8,menthol,Menthol,icky,47,False
F0015,9,simmondsia-chinensis-seed-oil,Simmondsia Chinensis (Jojoba) Seed Oil,goodie,134,False
F0015,10,prunus-amygdalus-dulcis-oil,Prunus Amygdalus Dulcis (Sweet Almond) Oil,goodie,66,False
F0015,11,tocopheryl-acetate,Tocopheryl Acetate,no-take,357,False
F0015,12,tocopherol,Tocopherol,goodie,289,False
F0015,13,sodium-hyaluronate,Sodium Hyaluronate,goodie,132,False
F0015,14,benzyl-nicotinate,Benzyl Nicotinate,sin_calificacion,11,True
F0015,15,octyldodecyl-stearoyl-stearate,Octyldodecyl Stearoyl Stearate,no-take,20,True
F0016,1,ricinus-communis-seed-oil,Ricinus Communis (Castor) Seed Oil,no-take,145,False
F0016,2,prunus-amygdalus-dulcis-oil,Prunus Amygdalus Dulcis (Sweet Almond) Oil,goodie,66,False
F0016,3,bis-diglyceryl-polyacyladipate-2,Bis-Diglyceryl Polyacyladipate-2,no-take,169,False
F0016,4,silica-dimethyl-silylate,Silica Dimethyl Silylate,no-take,160,False
F0016,5,parfum,Parfum (Fragrance),icky,331,False
F0016,6,synthetic-wax,Synthetic Wax,no-take,176,False
F0016,7,ethylhexyl-palmitate,Ethylhexyl Palmitate,no-take,205,False
F0016,8,cocos-nucifera-oil,Cocos Nucifera (Coconut) Oil,goodie,57,False
F0016,9,mangifera-indica-seed-oil,Mangifera Indica (Mango) Seed Butter,goodie,38,False
F0016,10,tocopheryl-acetate,Tocopheryl Acetate,no-take,357,False
F0016,11,butyrospermum-parkii-butter,Butyrospermum Parkii (Shea) Butter,goodie,149,False
F0016,12,caprylic-capric-triglyceride,Caprylic/​Capric Triglyceride,no-take,215,False
F0016,13,sodium-hyaluronate,Sodium Hyaluronate,goodie,132,False
F0016,14,pentaerythrityl-tetraisostearate,Pentaerythrityl Tetraisostearate,no-take,100,False
F0016,15,caprylyl-glycol,Caprylyl Glycol,no-take,167,False
F0017,1,polyisobutene,Polyisobutene,no-take,121,False
F0017,3,isostearyl-isostearate,Isostearyl Isostearate,no-take,16,True
F0017,4,diisostearyl-malate,Diisostearyl Malate,no-take,228,False
F0017,5,isononyl-isononanoate,Isononyl Isononanoate,no-take,37,False
F0017,6,hydrogenated-styrene-isoprene-copolymer,Hydrogenated Styrene/​Isoprene Copolymer,no-take,44,False
F0017,7,hydrogenated-polycyclopentadiene,Hydrogenated Polycyclopentadiene,sin_calificacion,18,True
F0017,8,hydrogenated-polyisobutene,Hydrogenated Polyisobutene,no-take,165,False
F0017,9,polyglyceryl-2-triisostearate,Polyglyceryl-2 Triisostearate,no-take,101,False
F0017,10,bis-diglyceryl-polyacyladipate-2,Bis-Diglyceryl Polyacyladipate-2,no-take,169,False
F0017,11,microcrystalline-wax,Cera Microcristallina (Microcrystalline Wax),no-take,140,False
F0017,12,limnanthes-alba-seed-oil,Limnanthes Alba (Meadowfoam) Seed Oil,goodie,36,False
F0017,13,tocopheryl-acetate,Tocopheryl Acetate,no-take,357,False
F0017,14,tocopherol,Tocopherol,goodie,289,False
F0017,15,synthetic-wax,Synthetic Wax,no-take,176,False
F0018,1,dimer-dilinoleyl-dimer-dilinoleate,Dimer Dilinoleyl Dimer Dilinoleate,no-take,22,True
F0018,2,polyisobutene,Polyisobutene,no-take,121,False
F0018,3,tridecyl-trimellitate,Tridecyl Trimellitate,no-take,126,False
F0018,4,ethylhexyl-palmitate,Ethylhexyl Palmitate,no-take,205,False
F0018,5,triethylhexanoin,Triethylhexanoin,no-take,21,True
F0018,6,silica-dimethyl-silylate,Silica Dimethyl Silylate,no-take,160,False
F0018,7,aloe-barbadensis-leaf-extract,Aloe Barbadensis Leaf Extract,goodie,25,True
F0018,8,caprylic-capric-triglyceride,Caprylic/​Capric Triglyceride,no-take,215,False
F0018,9,tocopheryl-acetate,Tocopheryl Acetate,no-take,357,False
F0018,10,rosa-canina-fruit-oil,Rosa Canina Fruit Oil,no-take,28,True
F0018,11,phenoxyethanol,Phenoxyethanol,no-take,286,False
F0018,12,limonene,Limonene,icky,138,False
F0018,13,parfum,Parfum (Fragrance),icky,331,False
F0019,1,diisostearyl-malate,Diisostearyl Malate,no-take,228,False
F0019,2,bis-diglyceryl-polyacyladipate-2,Bis-Diglyceryl Polyacyladipate-2,no-take,169,False
F0019,3,polyisobutene,Polyisobutene,no-take,121,False
F0019,4,octyldodecanol,Octyldodecanol,no-take,208,False
F0019,5,ricinus-communis-seed-oil,Ricinus Communis (Castor) Seed Oil,no-take,145,False
F0019,7,helianthus-annuus-seed-wax,Helianthus Annuus (Sunflower) Seed Wax,no-take,47,False
F0019,8,olea-europaea-fruit-oil,Olea Europaea (Olive) Fruit Oil,goodie,16,True
F0019,9,menthol,Menthol,icky,47,False
F0019,10,olea-europaea-oil-unsaponifiables,Olea Europaea (Olive) Oil Unsaponifiables,sin_calificacion,6,True
F0019,11,tocopherol,Tocopherol,goodie,289,False
F0019,12,helianthus-annuus-seed-oil,Helianthus Annuus (Sunflower) Seed Oil,goodie,123,False
F0019,13,ethylhexyl-palmitate,Ethylhexyl Palmitate,no-take,205,False
F0019,14,tribehenin,Tribehenin,no-take,82,False
F0019,15,sorbitan-isostearate,Sorbitan Isostearate,no-take,86,False
F0020,1,polybutene,Polybutene,no-take,212,False
F0020,2,octyldodecanol,Octyldodecanol,no-take,208,False
F0020,3,bis-diglyceryl-polyacyladipate-2,Bis-Diglyceryl Polyacyladipate-2,no-take,169,False
F0020,4,polyglyceryl-2-triisostearate,Polyglyceryl-2 Triisostearate,no-take,101,False
F0020,5,euphorbia-cerifera-cera,Euphorbia Cerifera Cera (Euphorbia Cerifera (Candelilla) Wax),no-take,73,False
F0020,6,synthetic-wax,Synthetic Wax,no-take,176,False
F0020,7,vp-eicosene-copolymer,Vp/​Eicosene Copolymer,no-take,11,True
F0020,8,hydrogenated-polycyclopentadiene,Hydrogenated Polycyclopentadiene,sin_calificacion,18,True
F0020,9,ethylene-propylene-copolymer,Ethylene/​Propylene Copolymer,no-take,33,False
F0020,10,dicalcium-phosphate,Dicalcium Phosphate,no-take,50,False
F0020,11,silica,Silica,no-take,267,False
F0020,12,caprylic-capric-triglyceride,Caprylic/​Capric Triglyceride,no-take,215,False
F0020,13,tocopherol,Tocopherol,goodie,289,False
F0020,14,undaria-pinnatifida-extract,Undaria Pinnatifida Extract,sin_calificacion,7,True
F0020,15,polyethylene,Polyethylene,no-take,122,False
F0021,1,bis-diglyceryl-polyacyladipate-2,Bis-Diglyceryl Polyacyladipate-2,no-take,169,False
F0021,2,diisostearyl-malate,Diisostearyl Malate,no-take,228,False
F0021,3,polybutene,Polybutene,no-take,212,False
F0021,4,octyldodecanol,Octyldodecanol,no-take,208,False
F0021,5,synthetic-wax,Synthetic Wax,no-take,176,False
F0021,6,synthetic-beeswax,Synthetic Beeswax,no-take,25,True
F0021,7,tocopherol,Tocopherol,goodie,289,False
F0021,8,helianthus-annuus-seed-oil,Helianthus Annuus (Sunflower) Seed Oil,goodie,123,False
F0021,9,ricinus-communis-seed-oil,Ricinus Communis (Castor) Seed Oil,no-take,145,False
F0021,10,sodium-hyaluronate,Sodium Hyaluronate,goodie,132,False
F0021,11,disteardimonium-hectorite,Disteardimonium Hectorite,no-take,82,False
F0021,12,dicalcium-phosphate,Dicalcium Phosphate,no-take,50,False
F0021,13,squalane,Squalane,goodie,82,False
F0021,14,ethyl-vanillin,Ethyl Vanillin,no-take,38,False
F0021,15,propylene-carbonate,Propylene Carbonate,no-take,95,False
F0022,1,polybutene,Polybutene,no-take,212,False
F0022,2,octyldodecanol,Octyldodecanol,no-take,208,False
F0022,3,trimethylolpropane-triisostearate,Trimethylolpropane Triisostearate,no-take,34,False
F0022,4,silica-dimethyl-silylate,Silica Dimethyl Silylate,no-take,160,False
F0022,5,caprylic-capric-triglyceride,Caprylic/​Capric Triglyceride,no-take,215,False
F0022,6,macadamia-ternifolia-seed-oil,Macadamia Ternifolia Seed Oil,goodie,14,True
F0022,7,tocopheryl-acetate,Tocopheryl Acetate,no-take,357,False
F0022,8,astrocaryum-murumuru-seed-butter,Astrocaryum Murumuru Seed Butter,no-take,25,True
F0022,9,octyldodecyl-stearoyl-stearate,Octyldodecyl Stearoyl Stearate,no-take,20,True
F0022,10,ethyl-vanillin,Ethyl Vanillin,no-take,38,False
F0022,11,polyglyceryl-3-diisostearate,Polyglyceryl-3 Diisostearate,no-take,35,False
F0023,1,tridecyl-trimellitate,Tridecyl Trimellitate,no-take,126,False
F0023,2,ethylhexyl-palmitate,Ethylhexyl Palmitate,no-take,205,False
F0023,3,c12-15-alkyl-benzoate,C12-15 Alkyl Benzoate,no-take,29,True
F0023,4,ceresin,Ceresin,no-take,12,True
F0023,5,polyethylene,Polyethylene,no-take,122,False
F0023,6,aluminum-starch-octenylsuccinate,Aluminum Starch Octenylsuccinate,no-take,12,True
F0023,7,diisostearyl-malate,Diisostearyl Malate,no-take,228,False
F0023,8,talc,Talc,no-take,35,False
F0023,9,hydrogenated-microcrystalline-wax,Hydrogenated Microcrystalline Wax,no-take,12,True
F0023,10,tocopheryl-acetate,Tocopheryl Acetate,no-take,357,False
F0023,12,phenoxyethanol,Phenoxyethanol,no-take,286,False
F0023,13,parfum,Parfum (Fragrance),icky,331,False
F0024,1,hydrogenated-polydecene,Hydrogenated Polydecene,no-take,30,True
F0024,2,diisostearyl-malate,Diisostearyl Malate,no-take,228,False
F0024,3,polybutene,Polybutene,no-take,212,False
F0024,4,caprylic-capric-triglyceride,Caprylic/​Capric Triglyceride,no-take,215,False
F0024,5,hydrogenated-styrene-isoprene-copolymer,Hydrogenated Styrene/​Isoprene Copolymer,no-take,44,False
F0024,6,tridecyl-trimellitate,Tridecyl Trimellitate,no-take,126,False
F0024,7,dipentaerythrityl-hexahydroxystearate-hexastearate-hexarosinate,Dipentaerythrityl Hexahydroxystearate/​Hexastearate/​Hexarosinate,no-take,10,True
F0024,8,polyglyceryl-2-triisostearate,Polyglyceryl-2 Triisostearate,no-take,101,False
F0024,9,parfum,Parfum (Fragrance),icky,331,False
F0025,1,ricinus-communis-seed-oil,Ricinus Communis (Castor) Seed Oil,no-take,145,False
F0025,2,bis-diglyceryl-polyacyladipate-2,Bis-Diglyceryl Polyacyladipate-2,no-take,169,False
F0025,3,polyglyceryl-2-triisostearate,Polyglyceryl-2 Triisostearate,no-take,101,False
F0025,4,polybutene,Polybutene,no-take,212,False
F0025,5,tribehenin,Tribehenin,no-take,82,False
F0025,6,silica,Silica,no-take,267,False
F0025,7,butyrospermum-parkii-butter,Butyrospermum Parkii (Shea) Butter,goodie,149,False
F0025,8,caprylic-capric-triglyceride,Caprylic/​Capric Triglyceride,no-take,215,False
F0025,9,helianthus-annuus-seed-wax,Helianthus Annuus (Sunflower) Seed Wax,no-take,47,False
F0025,10,tocopherol,Tocopherol,goodie,289,False
F0025,11,cocos-nucifera-oil,Cocos Nucifera (Coconut) Oil,goodie,57,False
F0025,12,mangifera-indica-seed-oil,Mangifera Indica (Mango) Seed Butter,goodie,38,False
F0025,13,pentaerythrityl-tetra-di-t-butyl-hydroxyhydrocinnamate,Pentaerythrityl Tetra-Di-T-Butyl Hydroxyhydrocinnamate,no-take,222,False
F0025,14,ascorbyl-palmitate,Ascorbyl Palmitate,icky,67,False
F0025,15,psidium-guajava-fruit-extract,Psidium Guajava Fruit Extract,sin_calificacion,6,True
F0026,1,ricinus-communis-seed-oil,Ricinus Communis (Castor) Seed Oil,no-take,145,False
F0026,2,bis-diglyceryl-polyacyladipate-1,Bis-Diglyceryl Polyacyladipate-1,no-take,20,True
F0026,3,octyldodecanol,Octyldodecanol,no-take,208,False
F0026,4,caprylic-capric-triglyceride,Caprylic/​Capric Triglyceride,no-take,215,False
F0026,5,euphorbia-cerifera-cera,Euphorbia Cerifera (Candelilla) Wax,no-take,73,False
F0026,6,butyrospermum-parkii-butter,Butyrospermum Parkii (Shea) Butter,goodie,149,False
F0026,7,cetyl-alcohol,Cetyl Alcohol,no-take,20,True
F0026,8,copernicia-cerifera-wax,Copernicia Cerifera (Carnauba) Wax,no-take,67,False
F0026,9,parfum,Parfum (Fragrance),icky,331,False
F0026,10,citrullus-lanatus-seed-oil,Citrullus Lanatus (Watermelon) Seed Oil,no-take,5,True
F0026,11,synthetic-wax,Synthetic Wax,no-take,176,False
F0026,12,caprylyl-glycol,Caprylyl Glycol,no-take,167,False
F0026,13,hexylene-glycol,Hexylene Glycol,no-take,51,False
F0026,14,phenoxyethanol,Phenoxyethanol,no-take,286,False
F0027,1,isododecane,Isododecane,no-take,59,False
F0027,2,synthetic-wax,Synthetic Wax,no-take,176,False
F0027,3,polybutene,Polybutene,no-take,212,False
F0027,4,trimethylsiloxysilicate,Trimethylsiloxysilicate,no-take,48,False
F0027,5,silica,Silica,no-take,267,False
F0027,6,sucrose-tetrastearate-triacetate,Sucrose Tetrastearate Triacetate,no-take,22,True
F0027,7,hydrogenated-jojoba-oil,Hydrogenated Jojoba Oil,no-take,13,True
F0027,8,cetearyl-behenate,Cetearyl Behenate,sin_calificacion,6,True
F0027,9,isoamyl-laurate,Isoamyl Laurate,no-take,8,True
F0027,10,mentha-piperita-oil,Mentha Piperita (Peppermint) Oil,icky,16,True
F0027,11,ethylhexyl-palmitate,Ethylhexyl Palmitate,no-take,205,False
F0027,12,pentaerythrityl-tetra-di-t-butyl-hydroxyhydrocinnamate,Pentaerythrityl Tetra-Di-T-Butyl Hydroxyhydrocinnamate,no-take,222,False
F0027,13,tribehenin,Tribehenin,no-take,82,False
F0027,14,sorbitan-isostearate,Sorbitan Isostearate,no-take,86,False
F0027,15,palmitoyl-tripeptide-1,Palmitoyl Tripeptide-1,goodie,50,False
F0028,1,dimethicone,Dimethicone,no-take,103,False
F0028,2,trimethylsiloxysilicate,Trimethylsiloxysilicate,no-take,48,False
F0028,3,isohexadecane,Isohexadecane,no-take,18,True
F0028,4,synthetic-wax,Synthetic Wax,no-take,176,False
F0028,5,microcrystalline-wax,Cera Microcristallina (Microcrystalline Wax),no-take,140,False
F0028,6,ethylene-propylene-copolymer,Ethylene/​Propylene Copolymer,no-take,33,False
F0028,7,silica,Silica,no-take,267,False
F0028,9,diisostearyl-malate,Diisostearyl Malate,no-take,228,False
F0028,10,copernicia-cerifera-wax,Copernicia Cerifera Cera (Copernicia Cerifera (Carnauba) Wax),no-take,67,False
F0028,11,silica-dimethyl-silylate,Silica Dimethyl Silylate,no-take,160,False
F0029,1,dimethicone,Dimethicone,no-take,103,False
F0029,2,polyglyceryl-2-triisostearate,Polyglyceryl-2 Triisostearate,no-take,101,False
F0029,3,hydrogenated-polydecene,Hydrogenated Polydecene,no-take,30,True
F0029,4,hydrogenated-polyisobutene,Hydrogenated Polyisobutene,no-take,165,False
F0029,5,aluminum-starch-octenylsuccinate,Aluminum Starch Octenylsuccinate,no-take,12,True
F0029,6,synthetic-wax,Synthetic Wax,no-take,176,False
F0029,7,silica,Silica,no-take,267,False
F0029,8,microcrystalline-wax,Cera Microcristallina (Microcrystalline Wax),no-take,140,False
F0029,9,ethylene-propylene-copolymer,Ethylene/​Propylene Copolymer,no-take,33,False
F0029,10,cocoyl-hydrolyzed-collagen,Cocoyl Hydrolyzed Collagen,no-take,9,True
F0029,11,helianthus-annuus-seed-oil,Helianthus Annuus (Sunflower) Seed Oil,goodie,123,False
F0029,12,ricinus-communis-seed-oil,Ricinus Communis (Castor) Seed Oil,no-take,145,False
F0029,13,sodium-hyaluronate,Sodium Hyaluronate,goodie,132,False
F0029,14,tocopherol,Tocopherol,goodie,289,False
F0029,15,dicalcium-phosphate,Dicalcium Phosphate,no-take,50,False
F0030,1,dimethicone,Dimethicone,no-take,103,False
F0030,2,dimethicone-crosspolymer,Dimethicone Crosspolymer,no-take,30,True
F0030,3,tridecyl-trimellitate,Tridecyl Trimellitate,no-take,126,False
F0030,4,tribehenin,Tribehenin,no-take,82,False
F0030,5,diisostearyl-malate,Diisostearyl Malate,no-take,228,False
F0030,6,cetyl-peg-ppg-10-1-dimethicone,Cetyl PEG/​PPG-10/​1 Dimethicone,no-take,26,True
F0030,7,sorbitan-isostearate,Sorbitan Isostearate,no-take,86,False
F0030,8,vp-hexadecene-copolymer,VP/​Hexadecene Copolymer,no-take,45,False
F0030,9,polyglyceryl-2-triisostearate,Polyglyceryl-2 Triisostearate,no-take,101,False
F0030,10,ethylhexylglycerin,Ethylhexylglycerin,no-take,134,False
F0030,11,triethoxycaprylylsilane,Triethoxycaprylylsilane,no-take,28,True
F0030,12,silica,Silica,no-take,267,False
F0030,13,phenoxyethanol,Phenoxyethanol,no-take,286,False
F0030,14,parfum,Parfum (Fragrance),icky,331,False
F0030,15,vanillin,Vanillin,sin_calificacion,52,False
F0031,1,ricinus-communis-seed-oil,Ricinus Communis (Castor) Seed Oil,no-take,145,False
F0031,2,prunus-amygdalus-dulcis-oil,Prunus Amygdalus Dulcis (Sweet Almond) Oil,goodie,66,False
F0031,3,bis-diglyceryl-polyacyladipate-2,Bis-Diglyceryl Polyacyladipate-2,no-take,169,False
F0031,4,silica-dimethyl-silylate,Silica Dimethyl Silylate,no-take,160,False
F0031,5,synthetic-wax,Synthetic Wax,no-take,176,False
F0031,6,parfum,Parfum (Fragrance),icky,331,False
F0031,7,ethylhexyl-palmitate,Ethylhexyl Palmitate,no-take,205,False
F0031,8,cocos-nucifera-oil,Cocos Nucifera (Coconut) Oil,goodie,57,False
F0031,9,mangifera-indica-seed-oil,Mangifera Indica (Mango) Seed Butter,goodie,38,False
F0031,10,tocopheryl-acetate,Tocopheryl Acetate,no-take,357,False
F0031,11,butyrospermum-parkii-butter,Butyrospermum Parkii (Shea) Butter,goodie,149,False
F0031,12,caprylic-capric-triglyceride,Caprylic/​Capric Triglyceride,no-take,215,False
F0031,13,sodium-hyaluronate,Sodium Hyaluronate,goodie,132,False
F0031,14,pentaerythrityl-tetraisostearate,Pentaerythrityl Tetraisostearate,no-take,100,False
F0031,15,caprylyl-glycol,Caprylyl Glycol,no-take,167,False
F0032,1,ricinus-communis-seed-oil,Ricinus Communis (Castor) Seed Oil,no-take,145,False
F0032,2,bis-diglyceryl-polyacyladipate-1,Bis-Diglyceryl Polyacyladipate-1,no-take,20,True
F0032,3,octyldodecanol,Octyldodecanol,no-take,208,False
F0032,4,caprylic-capric-triglyceride,Caprylic/​Capric Triglyceride,no-take,215,False
F0032,5,euphorbia-cerifera-cera,Euphorbia Cerifera Cera (Euphorbia Cerifera (Candelilla) Wax),no-take,73,False
F0032,6,synthetic-wax,Synthetic Wax,no-take,176,False
F0032,7,cetyl-alcohol,Cetyl Alcohol,no-take,20,True
F0032,8,copernicia-cerifera-wax,Copernicia Cerifera Cera (Copernicia Cerifera (Carnauba) Wax),no-take,67,False
F0032,9,butyrospermum-parkii-butter,Butyrospermum Parkii (Shea) Butter,goodie,149,False
F0032,10,silica,Silica,no-take,267,False
F0032,11,tocopherol,Tocopherol,goodie,289,False
F0032,12,helianthus-annuus-seed-oil,Helianthus Annuus (Sunflower) Seed Oil,goodie,123,False
F0032,13,rosmarinus-officinalis-flower-extract,Rosmarinus Officinalis (Rosemary) Flower Extract,no-take,12,True
F0032,14,caprylyl-glycol,Caprylyl Glycol,no-take,167,False
F0032,15,hexylene-glycol,Hexylene Glycol,no-take,51,False
F0033,1,octyldodecanol,Octyldodecanol,no-take,208,False
F0033,2,ricinus-communis-seed-oil,Ricinus Communis (Castor) Seed Oil,no-take,145,False
F0033,3,pentaerythrityl-tetraisostearate,Pentaerythrityl Tetraisostearate,no-take,100,False
F0033,4,squalane,Squalane,goodie,82,False
F0033,5,caprylic-capric-triglyceride,Caprylic/​Capric Triglyceride,no-take,215,False
F0033,6,synthetic-wax,Synthetic Wax,no-take,176,False
F0033,7,polyglyceryl-3-diisostearate,Polyglyceryl-3 Diisostearate,no-take,35,False
F0033,8,euphorbia-cerifera-cera,Euphorbia Cerifera Cera (Euphorbia Cerifera (Candelilla) Wax),no-take,73,False
F0033,9,diisostearyl-malate,Diisostearyl Malate,no-take,228,False
F0033,10,shorea-robusta-resin,Shorea Robusta Resin,sin_calificacion,19,True
F0033,11,aluminum-hydroxide,Aluminum Hydroxide,no-take,112,False
F0033,12,helianthus-annuus-seed-oil,Helianthus Annuus (Sunflower) Seed Oil,goodie,123,False
F0033,13,tocopherol,Tocopherol,goodie,289,False
F0033,14,synthetic-beeswax,Synthetic Beeswax,no-take,25,True
F0033,15,microcrystalline-wax,Cera Microcristallina (Microcrystalline Wax),no-take,140,False
F0034,1,polybutene,Polybutene,no-take,212,False
F0034,2,caprylic-capric-triglyceride,Caprylic/​Capric Triglyceride,no-take,215,False
F0034,3,polyethylene,Polyethylene,no-take,122,False
F0034,4,dicalcium-phosphate,Dicalcium Phosphate,no-take,50,False
F0034,5,microcrystalline-wax,Cera Microcristallina (Microcrystalline Wax),no-take,140,False
F0034,6,helianthus-annuus-seed-oil,Helianthus Annuus (Sunflower) Seed Oil,goodie,123,False
F0034,7,citrullus-lanatus-seed-oil,Citrullus Lanatus (Watermelon) Seed Oil,no-take,5,True
F0034,8,sodium-hyaluronate,Sodium Hyaluronate,goodie,132,False
F0034,11,tocopherol,Tocopherol,goodie,289,False
F0034,12,tocopheryl-acetate,Tocopheryl Acetate,no-take,357,False
F0034,13,stearalkonium-hectorite,Stearalkonium Hectorite,no-take,26,True
F0034,14,propylene-carbonate,Propylene Carbonate,no-take,95,False
F0034,15,ricinus-communis-seed-oil,Ricinus Communis (Castor) Seed Oil,no-take,145,False
F0035,1,polybutene,Polybutene,no-take,212,False
F0035,2,octyldodecanol,Octyldodecanol,no-take,208,False
F0035,3,bis-diglyceryl-polyacyladipate-2,Bis-Diglyceryl Polyacyladipate-2,no-take,169,False
F0035,4,polyglyceryl-2-triisostearate,Polyglyceryl-2 Triisostearate,no-take,101,False
F0035,5,euphorbia-cerifera-cera,Euphorbia Cerifera Cera (Euphorbia Cerifera (Candelilla) Wax),no-take,73,False
F0035,6,synthetic-wax,Synthetic Wax,no-take,176,False
F0035,7,vp-eicosene-copolymer,Vp/​Eicosene Copolymer,no-take,11,True
F0035,8,hydrogenated-polycyclopentadiene,Hydrogenated Polycyclopentadiene,sin_calificacion,18,True
F0035,9,ethylene-propylene-copolymer,Ethylene/​Propylene Copolymer,no-take,33,False
F0035,10,silica,Silica,no-take,267,False
F0035,11,caprylic-capric-triglyceride,Caprylic/​Capric Triglyceride,no-take,215,False
F0035,12,tocopherol,Tocopherol,goodie,289,False
F0035,13,undaria-pinnatifida-extract,Undaria Pinnatifida Extract,sin_calificacion,7,True
F0035,14,polyethylene,Polyethylene,no-take,122,False
F0035,15,pentaerythrityl-tetra-di-t-butyl-hydroxyhydrocinnamate,Pentaerythrityl Tetra-Di-T-Butyl Hydroxyhydrocinnamate,no-take,222,False
F0036,1,isododecane,Isododecane,no-take,59,False
F0036,2,synthetic-wax,Synthetic Wax,no-take,176,False
F0036,3,polybutene,Polybutene,no-take,212,False
F0036,4,trimethylsiloxysilicate,Trimethylsiloxysilicate,no-take,48,False
F0036,5,silica,Silica,no-take,267,False
F0036,6,sucrose-tetrastearate-triacetate,Sucrose Tetrastearate Triacetate,no-take,22,True
F0036,7,hydrogenated-jojoba-oil,Hydrogenated Jojoba Oil,no-take,13,True
F0036,8,cetearyl-behenate,Cetearyl Behenate,sin_calificacion,6,True
F0036,9,isoamyl-laurate,Isoamyl Laurate,no-take,8,True
F0036,10,ethylhexyl-palmitate,Ethylhexyl Palmitate,no-take,205,False
F0036,11,tribehenin,Tribehenin,no-take,82,False
F0036,12,pentaerythrityl-tetra-di-t-butyl-hydroxyhydrocinnamate,Pentaerythrityl Tetra-Di-T-Butyl Hydroxyhydrocinnamate,no-take,222,False
F0036,13,sorbitan-isostearate,Sorbitan Isostearate,no-take,86,False
F0036,14,palmitoyl-tripeptide-1,Palmitoyl Tripeptide-1,goodie,50,False
F0036,15,lactic-acid,Lactic Acid,superstar,44,False
F0037,1,diisostearyl-malate,Diisostearyl Malate,no-take,228,False
F0037,2,tridecyl-trimellitate,Tridecyl Trimellitate,no-take,126,False
F0037,3,octyldodecanol,Octyldodecanol,no-take,208,False
F0037,4,c12-15-alkyl-benzoate,C12-15 Alkyl Benzoate,no-take,29,True
F0037,5,dibutyl-lauroyl-glutamide,Dibutyl Lauroyl Glutamide,no-take,13,True
F0037,6,dibutyl-ethylhexanoyl-glutamide,Dibutyl Ethylhexanoyl Glutamide,no-take,18,True
F0037,7,pentaerythrityl-tetra-di-t-butyl-hydroxyhydrocinnamate,Pentaerythrityl Tetra-Di-T-Butyl Hydroxyhydrocinnamate,no-take,222,False
F0037,8,citric-acid,Citric Acid,no-take,85,False
F0037,9,benzyl-benzoate,Benzyl Benzoate,icky,73,False
F0037,10,aroma,Aroma (Flavor),sin_calificacion,150,False
F0038,1,diisostearyl-malate,Diisostearyl Malate,no-take,228,False
F0038,2,polybutene,Polybutene,no-take,212,False
F0038,3,polyglyceryl-2-isostearate-dimer-dilinoleate-copolymer,Polyglyceryl-2 Isostearate/​Dimer Dilinoleate Copolymer,no-take,27,True
F0038,4,silica,Silica,no-take,267,False
F0038,5,prunus-avium-seed-oil,Prunus Avium (Sweet Cherry) Seed Oil,no-take,23,True
F0038,6,punica-granatum-seed-oil,Punica Granatum Seed Oil,goodie,13,True
F0038,7,pentaerythrityl-tetra-di-t-butyl-hydroxyhydrocinnamate,Pentaerythrityl Tetra-Di-T-Butyl Hydroxyhydrocinnamate,no-take,222,False
F0038,8,ethylhexyl-salicylate,Ethylhexyl Salicylate,no-take,7,True
F0038,9,citric-acid,Citric Acid,no-take,85,False
F0038,10,aroma,Aroma (Flavor),sin_calificacion,150,False
F0038,11,limonene,Limonene,icky,138,False
F0039,1,hydrogenated-vegetable-oil,Hydrogenated Vegetable Oil,no-take,26,True
F0039,2,ricinus-communis-seed-oil,Ricinus Communis (Castor) Seed Oil,no-take,145,False
F0039,3,helianthus-annuus-seed-wax,Helianthus Annuus (Sunflower) Seed Wax,no-take,47,False
F0039,4,butyrospermum-parkii-butter,Butyrospermum Parkii (Shea) Butter,goodie,149,False
F0039,5,theobroma-cacao-seed-butter,Theobroma Cacao (Cocoa) Seed Butter,goodie,18,True
F0039,6,tocopherol,Tocopherol,goodie,289,False
F0039,7,helianthus-annuus-seed-oil,Helianthus Annuus (Sunflower) Seed Oil,goodie,123,False
F0039,8,ethyl-vanillin,Ethyl Vanillin,no-take,38,False
F0039,9,dicalcium-phosphate,Dicalcium Phosphate,no-take,50,False
F0040,1,polyisobutene,Polyisobutene,no-take,121,False
F0040,2,isononyl-isononanoate,Isononyl Isononanoate,no-take,37,False
F0040,3,silica-dimethyl-silylate,Silica Dimethyl Silylate,no-take,160,False
F0040,4,polyglyceryl-3-diisostearate,Polyglyceryl-3 Diisostearate,no-take,35,False
F0040,5,prunus-amygdalus-dulcis-oil,Prunus Amygdalus Dulcis (Sweet Almond) Oil,goodie,66,False
F0040,7,simmondsia-chinensis-seed-oil,Simmondsia Chinensis (Jojoba) Seed Oil,goodie,134,False
F0040,8,tocopheryl-acetate,Tocopheryl Acetate,no-take,357,False
F0040,9,macadamia-ternifolia-seed-oil,Macadamia Ternifolia Seed Oil,goodie,14,True
F0040,10,argania-spinosa-kernel-oil,Argania Spinosa Kernel Oil,goodie,36,False
F0040,11,ricinus-communis-seed-oil,Ricinus Communis (Castor) Seed Oil,no-take,145,False
F0040,12,tocopherol,Tocopherol,goodie,289,False
F0040,13,ethylhexyl-palmitate,Ethylhexyl Palmitate,no-take,205,False
F0040,14,vegetable-oil,Olus Oil (Vegetable Oil),no-take,14,True
F0040,15,caprylyl-glycol,Caprylyl Glycol,no-take,167,False
F0041,1,pentaerythrityl-tetraisostearate,Pentaerythrityl Tetraisostearate,no-take,100,False
F0041,2,polybutene,Polybutene,no-take,212,False
F0041,3,octyldodecanol,Octyldodecanol,no-take,208,False
F0041,4,ricinus-communis-seed-oil,Ricinus Communis (Castor) Seed Oil,no-take,145,False
F0041,5,silica-dimethyl-silylate,Silica Dimethyl Silylate,no-take,160,False
F0041,6,shorea-robusta-resin,Shorea Robusta Resin,sin_calificacion,19,True
F0041,7,helianthus-annuus-seed-oil,Helianthus Annuus (Sunflower) Seed Oil,goodie,123,False
F0041,8,menthol,Menthol,icky,47,False
F0041,9,tocopheryl-acetate,Tocopheryl Acetate,no-take,357,False
F0041,10,simmondsia-chinensis-seed-oil,Simmondsia Chinensis (Jojoba) Seed Oil,goodie,134,False
F0041,11,prunus-amygdalus-dulcis-oil,Prunus Amygdalus Dulcis (Sweet Almond) Oil,goodie,66,False
F0041,12,tocopherol,Tocopherol,goodie,289,False
F0041,13,sodium-hyaluronate,Sodium Hyaluronate,goodie,132,False
F0041,14,octyldodecyl-stearoyl-stearate,Octyldodecyl Stearoyl Stearate,no-take,20,True
F0041,15,benzyl-nicotinate,Benzyl Nicotinate,sin_calificacion,11,True
F0042,1,polyglyceryl-2-isostearate-dimer-dilinoleate-copolymer,Polyglyceryl-2 Isostearate/​Dimer Dilinoleate Copolymer,no-take,27,True
F0042,2,octyldodecyl-stearoyl-stearate,Octyldodecyl Stearoyl Stearate,no-take,20,True
F0042,3,polybutene,Polybutene,no-take,212,False
F0042,5,citrullus-lanatus-seed-oil,Citrullus Lanatus Seed Oil,no-take,5,True
F0042,6,persea-gratissima-oil,Persea Gratissima (Avocado) Oil,goodie,45,False
F0042,7,ethyl-vanillin,Ethyl Vanillin,no-take,38,False
F0043,1,pentaerythrityl-tetraisostearate,Pentaerythrityl Tetraisostearate,no-take,100,False
F0043,2,polybutene,Polybutene,no-take,212,False
F0043,3,octyldodecanol,Octyldodecanol,no-take,208,False
F0043,4,silica-dimethyl-silylate,Silica Dimethyl Silylate,no-take,160,False
F0043,5,ricinus-communis-seed-oil,Ricinus Communis (Castor) Seed Oil,no-take,145,False
F0043,6,shorea-robusta-resin,Shorea Robusta Resin,sin_calificacion,19,True
F0043,7,helianthus-annuus-seed-oil,Helianthus Annuus (Sunflower) Seed Oil,goodie,123,False
F0043,8,menthol,Menthol,icky,47,False
F0043,9,simmondsia-chinensis-seed-oil,Simmondsia Chinensis (Jojoba) Seed Oil,goodie,134,False
F0043,10,prunus-amygdalus-dulcis-oil,Prunus Amygdalus Dulcis (Sweet Almond) Oil,goodie,66,False
F0043,11,tocopheryl-acetate,Tocopheryl Acetate,no-take,357,False
F0043,12,tocopherol,Tocopherol,goodie,289,False
F0043,13,sodium-hyaluronate,Sodium Hyaluronate,goodie,132,False
F0043,14,benzyl-nicotinate,Benzyl Nicotinate,sin_calificacion,11,True
F0043,15,octyldodecyl-stearoyl-stearate,Octyldodecyl Stearoyl Stearate,no-take,20,True
F0044,1,ricinus-communis-seed-oil,Ricinus Communis (Castor) Seed Oil,no-take,145,False
F0044,2,bis-diglyceryl-polyacyladipate-1,Bis-Diglyceryl Polyacyladipate-1,no-take,20,True
F0044,3,octyldodecanol,Octyldodecanol,no-take,208,False
F0044,4,caprylic-capric-triglyceride,Caprylic/​Capric Triglyceride,no-take,215,False
F0044,5,euphorbia-cerifera-cera,Euphorbia Cerifera (Candelilla) Wax,no-take,73,False
F0044,6,synthetic-wax,Synthetic Wax,no-take,176,False
F0044,7,cetyl-alcohol,Cetyl Alcohol,no-take,20,True
F0044,8,copernicia-cerifera-wax,Copernicia Cerifera (Carnauba) Wax,no-take,67,False
F0044,9,silica,Silica,no-take,267,False
F0044,10,zingiber-officinale-root-oil,Zingiber Officinale (Ginger) Root Oil,no-take,13,True
F0044,11,vanillyl-butyl-ether,Vanillyl Butyl Ether,sin_calificacion,33,False
F0044,12,methyl-diisopropyl-propionamide,Methyl Diisopropyl Propionamide,no-take,6,True
F0044,13,menthol,Menthol,icky,47,False
F0044,14,caprylyl-glycol,Caprylyl Glycol,no-take,167,False
F0044,15,menthyl-lactate,Menthyl Lactate,icky,12,True
F0045,1,caprylic-capric-triglyceride,Caprylic/​Capric Triglyceride,no-take,215,False
F0045,2,helianthus-annuus-hybrid-oil,Helianthus Annuus Hybrid Oil (Helianthus Annuus (Sunflower) Seed Oil),no-take,8,True
F0045,3,talc,Talc,no-take,35,False
F0045,5,euphorbia-cerifera-cera,Euphorbia Cerifera Cera (Euphorbia Cerifera (Candelilla) Wax),no-take,73,False
F0045,6,helianthus-annuus-seed-wax,Helianthus Annuus (Sunflower) Seed Wax,no-take,47,False
F0045,7,squalane,Squalane,goodie,82,False
F0045,8,tribehenin,Tribehenin,no-take,82,False
F0045,9,polyglyceryl-2-isostearate-dimer-dilinoleate-copolymer,Polyglyceryl-2 Isostearate/​Dimer Dilinoleate Copolymer,no-take,27,True
F0045,10,copernicia-cerifera-wax,Copernicia Cerifera Cera (Copernicia Cerifera (Carnauba) Wax),no-take,67,False
F0045,12,butyrospermum-parkii-butter,Butyrospermum Parkii (Shea) Butter,goodie,149,False
F0045,13,aluminum-hydroxide,Aluminum Hydroxide,no-take,112,False
F0045,14,ricinus-communis-seed-oil,Ricinus Communis (Castor) Seed Oil,no-take,145,False
F0045,15,tocopheryl-acetate,Tocopheryl Acetate,no-take,357,False
F0046,1,ricinus-communis-seed-oil,Ricinus Communis (Castor) Seed Oil,no-take,145,False
F0046,2,caprylic-capric-triglyceride,Caprylic/​Capric Triglyceride,no-take,215,False
F0046,3,bis-diglyceryl-polyacyladipate-2,Bis-Diglyceryl Polyacyladipate-2,no-take,169,False
F0046,4,cannabis-sativa-seed-oil,Cannabis Sativa Seed Oil,no-take,8,True
F0046,5,silica,Silica,no-take,267,False
F0046,7,helianthus-annuus-seed-wax,Helianthus Annuus (Sunflower) Seed Wax,no-take,47,False
F0046,8,olea-europaea-oil-unsaponifiables,Olea Europaea (Olive) Oil Unsaponifiables,sin_calificacion,6,True
F0046,10,tocopherol,Tocopherol,goodie,289,False
F0046,11,helianthus-annuus-seed-oil,Helianthus Annuus (Sunflower) Seed Oil,goodie,123,False
F0046,12,sclerocarya-birrea-seed-oil,Sclerocarya Birrea Seed Oil,goodie,8,True
F0046,13,shorea-robusta-resin,Shorea Robusta Resin,sin_calificacion,19,True
F0046,14,rhus-verniciflua-peel-wax,Rhus Verniciflua Peel Cera (Rhus Verniciflua Peel Wax),no-take,5,True
F0046,15,talc,Talc,no-take,35,False
F0047,1,pentaerythrityl-tetraisostearate,Pentaerythrityl Tetraisostearate,no-take,100,False
F0047,2,polybutene,Polybutene,no-take,212,False
F0047,3,octyldodecanol,Octyldodecanol,no-take,208,False
F0047,4,ricinus-communis-seed-oil,Ricinus Communis (Castor) Seed Oil,no-take,145,False
F0047,5,silica-dimethyl-silylate,Silica Dimethyl Silylate,no-take,160,False
F0047,6,shorea-robusta-resin,Shorea Robusta Resin,sin_calificacion,19,True
F0047,7,helianthus-annuus-seed-oil,Helianthus Annuus (Sunflower) Seed Oil,goodie,123,False
F0047,8,menthol,Menthol,icky,47,False
F0047,9,tocopheryl-acetate,Tocopheryl Acetate,no-take,357,False
F0047,10,prunus-amygdalus-dulcis-oil,Prunus Amygdalus Dulcis (Sweet Almond) Oil,goodie,66,False
F0047,11,simmondsia-chinensis-seed-oil,Simmondsia Chinensis (Jojoba) Seed Oil,goodie,134,False
F0047,12,tocopherol,Tocopherol,goodie,289,False
F0047,13,sodium-hyaluronate,Sodium Hyaluronate,goodie,132,False
F0047,14,silica,Silica,no-take,267,False
F0047,15,benzyl-nicotinate,Benzyl Nicotinate,sin_calificacion,11,True
F0048,1,ricinus-communis-seed-oil,Ricinus Communis (Castor) Seed Oil,no-take,145,False
F0048,2,bis-diglyceryl-polyacyladipate-1,Bis-Diglyceryl Polyacyladipate-1,no-take,20,True
F0048,3,octyldodecanol,Octyldodecanol,no-take,208,False
F0048,4,caprylic-capric-triglyceride,Caprylic/​Capric Triglyceride,no-take,215,False
F0048,5,euphorbia-cerifera-cera,Euphorbia Cerifera Cera (Euphorbia Cerifera (Candelilla) Wax),no-take,73,False
F0048,6,synthetic-wax,Synthetic Wax,no-take,176,False
F0048,7,cetyl-alcohol,Cetyl Alcohol,no-take,20,True
F0048,8,copernicia-cerifera-wax,Copernicia Cerifera Cera (Copernicia Cerifera (Carnauba) Wax),no-take,67,False
F0048,9,butyrospermum-parkii-butter,Butyrospermum Parkii (Shea) Butter,goodie,149,False
F0048,10,mangifera-indica-seed-oil,Mangifera Indica (Mango) Seed Oil,goodie,38,False
F0048,11,tocopheryl-acetate,Tocopheryl Acetate,no-take,357,False
F0048,12,silica,Silica,no-take,267,False
F0048,13,tocopherol,Tocopherol,goodie,289,False
F0048,14,portulaca-pilosa-extract,Portulaca Pilosa Extract,sin_calificacion,12,True
F0048,15,helianthus-annuus-seed-oil,Helianthus Annuus (Sunflower) Seed Oil,goodie,123,False
F0049,1,ricinus-communis-seed-oil,Ricinus Communis (Castor) Seed Oil,no-take,145,False
F0049,2,vegetable-oil,Olus Oil (Vegetable Oil),no-take,14,True
F0049,3,bis-diglyceryl-polyacyladipate-2,Bis-Diglyceryl Polyacyladipate-2,no-take,169,False
F0049,4,silica,Silica,no-take,267,False
F0049,5,cannabis-sativa-seed-oil,Cannabis Sativa Seed Oil,no-take,8,True
F0049,6,helianthus-annuus-seed-wax,Helianthus Annuus (Sunflower) Seed Wax,no-take,47,False
F0049,7,olea-europaea-oil-unsaponifiables,Olea Europaea (Olive) Oil Unsaponifiables,sin_calificacion,6,True
F0049,8,cocos-nucifera-oil,Cocos Nucifera (Coconut) Oil,goodie,57,False
F0049,9,tocopherol,Tocopherol,goodie,289,False
F0049,10,helianthus-annuus-seed-oil,Helianthus Annuus (Sunflower) Seed Oil,goodie,123,False
F0049,11,shorea-robusta-resin,Shorea Robusta Resin,sin_calificacion,19,True
F0049,12,rhus-verniciflua-peel-wax,Rhus Verniciflua Peel Cera (Rhus Verniciflua Peel Wax),no-take,5,True
F0049,13,talc,Talc,no-take,35,False
F0049,14,lecithin,Lecithin,goodie,47,False
F0049,15,ascorbyl-palmitate,Ascorbyl Palmitate,icky,67,False
F0050,1,polyisobutene,Polyisobutene,no-take,121,False
F0050,2,isononyl-isononanoate,Isononyl Isononanoate,no-take,37,False
F0050,3,silica-dimethyl-silylate,Silica Dimethyl Silylate,no-take,160,False
F0050,4,polyglyceryl-3-diisostearate,Polyglyceryl-3 Diisostearate,no-take,35,False
F0050,5,ethylhexyl-palmitate,Ethylhexyl Palmitate,no-take,205,False
F0050,6,prunus-amygdalus-dulcis-oil,Prunus Amygdalus Dulcis (Sweet Almond) Oil,goodie,66,False
F0050,8,simmondsia-chinensis-seed-oil,Simmondsia Chinensis (Jojoba) Seed Oil,goodie,134,False
F0050,9,tocopheryl-acetate,Tocopheryl Acetate,no-take,357,False
F0050,10,macadamia-ternifolia-seed-oil,Macadamia Ternifolia Seed Oil,goodie,14,True
F0050,11,argania-spinosa-kernel-oil,Argania Spinosa Kernel Oil,goodie,36,False
F0050,12,ricinus-communis-seed-oil,Ricinus Communis (Castor) Seed Oil,no-take,145,False
F0050,13,tocopherol,Tocopherol,goodie,289,False
F0050,14,vegetable-oil,Olus Oil (Vegetable Oil),no-take,14,True
F0050,15,caprylyl-glycol,Caprylyl Glycol,no-take,167,False
F0051,1,octyldodecanol,Octyldodecanol,no-take,208,False
F0051,2,ricinus-communis-seed-oil,Ricinus Communis (Castor) Seed Oil,no-take,145,False
F0051,3,pentaerythrityl-tetraisostearate,Pentaerythrityl Tetraisostearate,no-take,100,False
F0051,4,squalane,Squalane,goodie,82,False
F0051,5,caprylic-capric-triglyceride,Caprylic/​Capric Triglyceride,no-take,215,False
F0051,6,synthetic-wax,Synthetic Wax,no-take,176,False
F0051,7,polyglyceryl-3-diisostearate,Polyglyceryl-3 Diisostearate,no-take,35,False
F0051,8,euphorbia-cerifera-cera,Euphorbia Cerifera Cera (Euphorbia Cerifera (Candelilla) Wax),no-take,73,False
F0051,9,diisostearyl-malate,Diisostearyl Malate,no-take,228,False
F0051,10,shorea-robusta-resin,Shorea Robusta Resin,sin_calificacion,19,True
F0051,11,helianthus-annuus-seed-oil,Helianthus Annuus (Sunflower) Seed Oil,goodie,123,False
F0051,12,aluminum-hydroxide,Aluminum Hydroxide,no-take,112,False
F0051,13,tocopherol,Tocopherol,goodie,289,False
F0051,14,synthetic-beeswax,Synthetic Beeswax,no-take,25,True
F0051,15,microcrystalline-wax,Cera Microcristallina (Microcrystalline Wax),no-take,140,False
F0052,1,isododecane,Isododecane,no-take,59,False
F0052,2,octyldodecanol,Octyldodecanol,no-take,208,False
F0052,3,alcohol,Alcohol,icky,23,True
F0052,5,ethylcellulose,Ethylcellulose,no-take,13,True
F0052,6,aroma,Aroma (Flavor),sin_calificacion,150,False
F0052,7,glyceryl-behenate,Glyceryl Behenate,no-take,24,True
F0052,8,caprylyl-glycol,Caprylyl Glycol,no-take,167,False
F0052,9,water,Aqua (Water),no-take,106,False
F0052,10,hexylene-glycol,Hexylene Glycol,no-take,51,False
F0052,11,phenoxyethanol,Phenoxyethanol,no-take,286,False
F0053,1,isostearyl-isostearate,Isostearyl Isostearate,no-take,16,True
F0053,2,water,Aqua (Water),no-take,106,False
F0053,3,glycerin,Glycerin,superstar,102,False
F0053,4,propylene-glycol,Propylene Glycol,no-take,13,True
F0053,7,tocopherol,Tocopherol,goodie,289,False
F0053,8,sodium-hyaluronate,Sodium Hyaluronate,goodie,132,False
F0053,9,helianthus-annuus-seed-oil,Helianthus Annuus (Sunflower) Seed Oil,goodie,123,False
F0053,10,portulaca-pilosa-extract,Portulaca Pilosa Extract,sin_calificacion,12,True
F0053,11,hydroxyethyl-acrylate-sodium-acryloyldimethyl-taurate-copolymer,Hydroxyethyl Acrylate/​Sodium Acryloyldimethyl Taurate Copolymer,no-take,20,True
F0053,12,cetearyl-ethylhexanoate,Cetearyl Ethylhexanoate,no-take,14,True
F0053,15,sorbitan-isostearate,Sorbitan Isostearate,no-take,86,False
F0054,1,ricinus-communis-seed-oil,Ricinus Communis (Castor) Seed Oil,no-take,145,False
F0054,2,polyglyceryl-3-diisostearate,Polyglyceryl-3 Diisostearate,no-take,35,False
F0054,3,c12-15-alkyl-benzoate,C12-15 Alkyl Benzoate,no-take,29,True
F0054,4,pentaerythrityl-tetraisostearate,Pentaerythrityl Tetraisostearate,no-take,100,False
F0054,5,euphorbia-cerifera-cera,Euphorbia Cerifera Cera (Euphorbia Cerifera (Candelilla) Wax),no-take,73,False
F0054,7,synthetic-wax,Synthetic Wax,no-take,176,False
F0054,8,shorea-robusta-resin,Shorea Robusta Resin,sin_calificacion,19,True
F0054,9,ethylhexyl-triazone,Ethylhexyl Triazone,goodie,5,True
F0054,10,helianthus-annuus-seed-oil,Helianthus Annuus (Sunflower) Seed Oil,goodie,123,False
F0054,11,synthetic-beeswax,Synthetic Beeswax,no-take,25,True
F0054,12,cocos-nucifera-oil,Cocos Nucifera (Coconut) Oil,goodie,57,False
F0054,13,disteardimonium-hectorite,Disteardimonium Hectorite,no-take,82,False
F0054,14,tocopherol,Tocopherol,goodie,289,False
F0054,15,aloe-barbadensis-leaf-extract,Aloe Barbadensis Leaf Extract,goodie,25,True
F0055,1,pentaerythrityl-tetraisostearate,Pentaerythrityl Tetraisostearate,no-take,100,False
F0055,2,polybutene,Polybutene,no-take,212,False
F0055,3,octyldodecanol,Octyldodecanol,no-take,208,False
F0055,4,silica-dimethyl-silylate,Silica Dimethyl Silylate,no-take,160,False
F0055,5,ricinus-communis-seed-oil,Ricinus Communis (Castor) Seed Oil,no-take,145,False
F0055,6,shorea-robusta-resin,Shorea Robusta Resin,sin_calificacion,19,True
F0055,7,helianthus-annuus-seed-oil,Helianthus Annuus (Sunflower) Seed Oil,goodie,123,False
F0055,8,menthol,Menthol,icky,47,False
F0055,9,simmondsia-chinensis-seed-oil,Simmondsia Chinensis (Jojoba) Seed Oil,goodie,134,False
F0055,10,tocopheryl-acetate,Tocopheryl Acetate,no-take,357,False
F0055,11,prunus-amygdalus-dulcis-oil,Prunus Amygdalus Dulcis (Sweet Almond) Oil,goodie,66,False
F0055,12,tocopherol,Tocopherol,goodie,289,False
F0055,13,sodium-hyaluronate,Sodium Hyaluronate,goodie,132,False
F0055,14,benzyl-nicotinate,Benzyl Nicotinate,sin_calificacion,11,True
F0055,15,octyldodecyl-stearoyl-stearate,Octyldodecyl Stearoyl Stearate,no-take,20,True
F0056,1,ricinus-communis-seed-oil,Ricinus Communis (Castor) Seed Oil,no-take,145,False
F0056,2,caprylic-capric-triglyceride,Caprylic/​Capric Triglyceride,no-take,215,False
F0056,4,euphorbia-cerifera-cera,Euphorbia Cerifera Cera (Euphorbia Cerifera (Candelilla) Wax),no-take,73,False
F0056,5,copernicia-cerifera-wax,Copernicia Cerifera Cera (Copernicia Cerifera (Carnauba) Wax),no-take,67,False
F0056,7,butyrospermum-parkii-butter,Butyrospermum Parkii (Shea) Butter,goodie,149,False
F0056,8,cetyl-alcohol,Cetyl Alcohol,no-take,20,True
F0056,9,tocopheryl-acetate,Tocopheryl Acetate,no-take,357,False
F0056,10,tocopherol,Tocopherol,goodie,289,False
F0056,11,benzyl-alcohol,Benzyl Alcohol,no-take,85,False
F0057,1,diisostearyl-malate,Diisostearyl Malate,no-take,228,False
F0057,2,polybutene,Polybutene,no-take,212,False
F0057,3,polyglyceryl-2-isostearate-dimer-dilinoleate-copolymer,Polyglyceryl-2 Isostearate/​Dimer Dilinoleate Copolymer,no-take,27,True
F0057,4,silica,Silica,no-take,267,False
F0057,5,prunus-avium-seed-oil,Prunus Avium (Sweet Cherry) Seed Oil,no-take,23,True
F0057,6,punica-granatum-seed-oil,Punica Granatum Seed Oil,goodie,13,True
F0057,7,pentaerythrityl-tetra-di-t-butyl-hydroxyhydrocinnamate,Pentaerythrityl Tetra-Di-T-Butyl Hydroxyhydrocinnamate,no-take,222,False
F0057,8,ethylhexyl-salicylate,Ethylhexyl Salicylate,no-take,7,True
F0057,9,citric-acid,Citric Acid,no-take,85,False
F0057,10,aroma,Aroma (Flavor),sin_calificacion,150,False
F0058,1,polyisobutene,Polyisobutene,no-take,121,False
F0058,2,ethylhexyl-palmitate,Ethylhexyl Palmitate,no-take,205,False
F0058,3,simmondsia-chinensis-seed-oil,Simmondsia Chinensis (Jojoba) Seed Oil,goodie,134,False
F0058,4,hydrogenated-polycyclopentadiene,Hydrogenated Polycyclopentadiene,sin_calificacion,18,True
F0058,5,silica,Silica,no-take,267,False
F0058,6,limnanthes-alba-seed-oil,Limnanthes Alba (Meadowfoam) Seed Oil,goodie,36,False
F0058,7,tocopheryl-acetate,Tocopheryl Acetate,no-take,357,False
F0058,8,hydrolyzed-sodium-hyaluronate,Hydrolyzed Sodium Hyaluronate,no-take,21,True
F0058,9,isododecane,Isododecane,no-take,59,False
F0058,10,glyceryl-behenate,Glyceryl Behenate,no-take,24,True
F0058,11,ethylhexylglycerin,Ethylhexylglycerin,no-take,134,False
F0058,12,phenoxyethanol,Phenoxyethanol,no-take,286,False
F0058,13,parfum,Parfum (Fragrance),icky,331,False
F0059,1,water,Aqua (Water),no-take,106,False
F0059,2,glycerin,Glycerin,superstar,102,False
F0059,4,sodium-hyaluronate,Sodium Hyaluronate,goodie,132,False
F0059,5,isostearyl-isostearate,Isostearyl Isostearate,no-take,16,True
F0059,6,caprylyl-glycol,Caprylyl Glycol,no-take,167,False
F0059,9,hexylene-glycol,Hexylene Glycol,no-take,51,False
F0059,12,ethylhexylglycerin,Ethylhexylglycerin,no-take,134,False
F0059,13,phenoxyethanol,Phenoxyethanol,no-take,286,False
F0060,1,ricinus-communis-seed-oil,Ricinus Communis (Castor) Seed Oil,no-take,145,False
F0060,2,bis-diglyceryl-polyacyladipate-1,Bis-Diglyceryl Polyacyladipate-1,no-take,20,True
F0060,3,octyldodecanol,Octyldodecanol,no-take,208,False
F0060,4,caprylic-capric-triglyceride,Caprylic/​Capric Triglyceride,no-take,215,False
F0060,5,euphorbia-cerifera-cera,Euphorbia Cerifera (Candelilla) Wax,no-take,73,False
F0060,6,synthetic-wax,Synthetic Wax,no-take,176,False
F0060,7,cetyl-alcohol,Cetyl Alcohol,no-take,20,True
F0060,8,copernicia-cerifera-wax,Copernicia Cerifera (Carnauba) Wax,no-take,67,False
F0060,9,talc,Talc,no-take,35,False
F0060,10,butyrospermum-parkii-butter,Butyrospermum Parkii (Shea) Butter,goodie,149,False
F0060,11,silica,Silica,no-take,267,False
F0060,12,tocopheryl-acetate,Tocopheryl Acetate,no-take,357,False
F0060,13,mangifera-indica-seed-oil,Mangifera Indica (Mango) Seed Oil,goodie,38,False
F0060,14,tocopherol,Tocopherol,goodie,289,False
F0060,15,portulaca-pilosa-extract,Portulaca Pilosa Extract,sin_calificacion,12,True
F0061,1,ricinus-communis-seed-oil,Ricinus Communis (Castor) Seed Oil,no-take,145,False
F0061,2,bis-diglyceryl-polyacyladipate-2,Bis-Diglyceryl Polyacyladipate-2,no-take,169,False
F0061,3,polyglyceryl-2-triisostearate,Polyglyceryl-2 Triisostearate,no-take,101,False
F0061,4,polybutene,Polybutene,no-take,212,False
F0061,5,tribehenin,Tribehenin,no-take,82,False
F0061,6,silica,Silica,no-take,267,False
F0061,7,butyrospermum-parkii-butter,Butyrospermum Parkii (Shea) Butter,goodie,149,False
F0061,8,cocos-nucifera-oil,Cocos Nucifera (Coconut) Oil,goodie,57,False
F0061,9,mangifera-indica-seed-oil,Mangifera Indica (Mango) Seed Butter,goodie,38,False
F0061,10,caprylic-capric-triglyceride,Caprylic/​Capric Triglyceride,no-take,215,False
F0061,11,helianthus-annuus-seed-wax,Helianthus Annuus (Sunflower) Seed Wax,no-take,47,False
F0061,12,tocopherol,Tocopherol,goodie,289,False
F0061,13,helianthus-annuus-seed-oil,Helianthus Annuus (Sunflower) Seed Oil,goodie,123,False
F0061,14,psidium-guajava-fruit-extract,Psidium Guajava Fruit Extract,sin_calificacion,6,True
F0061,15,pentaerythrityl-tetra-di-t-butyl-hydroxyhydrocinnamate,Pentaerythrityl Tetra-Di-T-Butyl Hydroxyhydrocinnamate,no-take,222,False
F0062,1,water,Aqua (Water),no-take,106,False
F0062,2,isostearyl-alcohol,Isostearyl Alcohol,no-take,5,True
F0062,3,octyldodecanol,Octyldodecanol,no-take,208,False
F0062,4,glycerin,Glycerin,superstar,102,False
F0062,5,hydrogenated-polyisobutene,Hydrogenated Polyisobutene,no-take,165,False
F0062,6,magnesium-sulfate,Magnesium Sulfate,no-take,7,True
F0062,9,bis-diglyceryl-polyacyladipate-2,Bis-Diglyceryl Polyacyladipate-2,no-take,169,False
F0062,11,dimethicone,Dimethicone,no-take,103,False
F0062,12,panthenol,Panthenol,goodie,8,True
F0062,13,propylene-glycol,Propylene Glycol,no-take,13,True
F0062,14,shorea-robusta-resin,Shorea Robusta Resin,sin_calificacion,19,True
F0062,15,disteardimonium-hectorite,Disteardimonium Hectorite,no-take,82,False
F0063,1,octyldodecanol,Octyldodecanol,no-take,208,False
F0063,2,hydrogenated-polyisobutene,Hydrogenated Polyisobutene,no-take,165,False
F0063,3,triethylhexanoin,Triethylhexanoin,no-take,21,True
F0063,4,cocos-nucifera-oil,Cocos Nucifera (Coconut) Oil,goodie,57,False
F0063,5,polyisobutene,Polyisobutene,no-take,121,False
F0063,6,caprylic-capric-triglyceride,Caprylic/​Capric Triglyceride,no-take,215,False
F0063,7,hydrogenated-polydecene,Hydrogenated Polydecene,no-take,30,True
F0063,8,microcrystalline-wax,Cera Microcristallina (Microcrystalline Wax),no-take,140,False
F0063,9,silica-dimethyl-silylate,Silica Dimethyl Silylate,no-take,160,False
F0063,10,butyrospermum-parkii-butter,Butyrospermum Parkii (Shea) Butter,goodie,149,False
F0063,11,tocopheryl-acetate,Tocopheryl Acetate,no-take,357,False
F0063,12,mentha-piperita-oil,Mentha Piperita (Peppermint) Oil,icky,16,True
F0063,13,ethylene-propylene-styrene-copolymer,Ethylene/​Propylene/​Styrene Copolymer,no-take,70,False
F0063,14,caprylyl-glycol,Caprylyl Glycol,no-take,167,False
F0063,15,zingiber-officinale-root-extract,Zingiber Officinale (Ginger) Root Extract,goodie,10,True
F0064,1,ricinus-communis-seed-oil,Ricinus Communis (Castor) Seed Oil,no-take,145,False
F0064,2,polybutene,Polybutene,no-take,212,False
F0064,3,ethylhexyl-palmitate,Ethylhexyl Palmitate,no-take,205,False
F0064,4,octyldodecanol,Octyldodecanol,no-take,208,False
F0064,5,euphorbia-cerifera-cera,Euphorbia Cerifera (Candelilla) Wax,no-take,73,False
F0064,6,polyethylene,Polyethylene,no-take,122,False
F0064,7,microcrystalline-wax,Cera Microcristallina (Microcrystalline Wax),no-take,140,False
F0064,8,macadamia-ternifolia-seed-oil,Macadamia Ternifolia Seed Oil,goodie,14,True
F0064,9,butylene-glycol,Butylene Glycol,no-take,61,False
F0064,10,pentaerythrityl-tetra-di-t-butyl-hydroxyhydrocinnamate,Pentaerythrityl Tetra-Di-T-Butyl Hydroxyhydrocinnamate,no-take,222,False
F0064,11,rosa-canina-fruit-oil,Rosa Canina Fruit Oil,no-take,28,True
F0064,12,hydrogenated-vegetable-oil,Hydrogenated Vegetable Oil,no-take,26,True
F0064,13,citric-acid,Citric Acid,no-take,85,False
F0064,14,benzyl-alcohol,Benzyl Alcohol,no-take,85,False
F0064,15,aroma,Aroma (Flavor),sin_calificacion,150,False
F0065,1,hydrogenated-vegetable-oil,Hydrogenated Vegetable Oil,no-take,26,True
F0065,2,ricinus-communis-seed-oil,Ricinus Communis (Castor) Seed Oil,no-take,145,False
F0065,3,helianthus-annuus-seed-wax,Helianthus Annuus (Sunflower) Seed Wax,no-take,47,False
F0065,4,butyrospermum-parkii-butter,Butyrospermum Parkii (Shea) Butter,goodie,149,False
F0065,5,theobroma-cacao-seed-butter,Theobroma Cacao (Cocoa) Seed Butter,goodie,18,True
F0065,6,dicalcium-phosphate,Dicalcium Phosphate,no-take,50,False
F0065,7,tocopherol,Tocopherol,goodie,289,False
F0065,8,helianthus-annuus-seed-oil,Helianthus Annuus (Sunflower) Seed Oil,goodie,123,False
F0065,9,ethyl-vanillin,Ethyl Vanillin,no-take,38,False
F0066,1,isododecane,Isododecane,no-take,59,False
F0066,2,isoamyl-laurate,Isoamyl Laurate,no-take,8,True
F0066,3,disteardimonium-hectorite,Disteardimonium Hectorite,no-take,82,False
F0066,4,ethylene-propylene-copolymer,Ethylene/​Propylene Copolymer,no-take,33,False
F0066,6,propylene-carbonate,Propylene Carbonate,no-take,95,False
F0066,7,talc,Talc,no-take,35,False
F0066,8,aroma,Aroma (Flavor),sin_calificacion,150,False
F0066,9,tocopherol,Tocopherol,goodie,289,False
F0066,10,caprylyl-glycol,Caprylyl Glycol,no-take,167,False
F0066,11,1-2-hexanediol,"1,2-Hexanediol",no-take,28,True
F0066,12,lecithin,Lecithin,goodie,47,False
F0066,13,ascorbyl-palmitate,Ascorbyl Palmitate,icky,67,False
F0066,15,citric-acid,Citric Acid,no-take,85,False
F0067,1,octyldodecanol,Octyldodecanol,no-take,208,False
F0067,2,tridecyl-trimellitate,Tridecyl Trimellitate,no-take,126,False
F0067,3,diisostearyl-malate,Diisostearyl Malate,no-take,228,False
F0067,5,prunus-armeniaca-kernel-oil,Prunus Armeniaca (Apricot) Kernel Oil,goodie,19,True
F0067,6,silica,Silica,no-take,267,False
F0067,7,ethylcellulose,Ethylcellulose,no-take,13,True
F0067,8,argania-spinosa-kernel-oil,Argania Spinosa Kernel Oil,goodie,36,False
F0067,9,simmondsia-chinensis-seed-oil,Simmondsia Chinensis (Jojoba) Seed Oil,goodie,134,False
F0067,10,helianthus-annuus-seed-oil,Helianthus Annuus (Sunflower) Seed Oil,goodie,123,False
F0067,11,caprylyl-glycol,Caprylyl Glycol,no-take,167,False
F0067,12,hexylene-glycol,Hexylene Glycol,no-take,51,False
F0067,13,water,Aqua (Water),no-take,106,False
F0067,14,pentaerythrityl-tetra-di-t-butyl-hydroxyhydrocinnamate,Pentaerythrityl Tetra-Di-T-Butyl Hydroxyhydrocinnamate,no-take,222,False
F0068,1,polyglyceryl-2-triisostearate,Polyglyceryl-2 Triisostearate,no-take,101,False
F0068,2,caprylic-capric-triglyceride,Caprylic/​Capric Triglyceride,no-take,215,False
F0068,3,polyglyceryl-2-isostearate-dimer-dilinoleate-copolymer,Polyglyceryl-2 Isostearate/​Dimer Dilinoleate Copolymer,no-take,27,True
F0068,4,bis-diglyceryl-polyacyladipate-2,Bis-Diglyceryl Polyacyladipate-2,no-take,169,False
F0068,5,synthetic-wax,Synthetic Wax,no-take,176,False
F0068,6,euphorbia-cerifera-cera,Euphorbia Cerifera (Candelilla) Wax,no-take,73,False
F0068,7,ethyl-vanillin,Ethyl Vanillin,no-take,38,False
F0068,8,silica,Silica,no-take,267,False
F0068,9,polyhydroxystearic-acid,Polyhydroxystearic Acid,no-take,36,False
F0068,10,pentaerythrityl-tetra-di-t-butyl-hydroxyhydrocinnamate,Pentaerythrityl Tetra-Di-T-Butyl Hydroxyhydrocinnamate,no-take,222,False
F0068,11,disteardimonium-hectorite,Disteardimonium Hectorite,no-take,82,False
F0068,12,dicalcium-phosphate,Dicalcium Phosphate,no-take,50,False
F0068,13,aroma,Aroma (Flavor),sin_calificacion,150,False
F0069,1,ethylhexyl-palmitate,Ethylhexyl Palmitate,no-take,205,False
F0069,2,polyisobutene,Polyisobutene,no-take,121,False
F0069,3,microcrystalline-wax,Cera Microcristallina (Microcrystalline Wax),no-take,140,False
F0069,4,bis-diglyceryl-polyacyladipate-2,Bis-Diglyceryl Polyacyladipate-2,no-take,169,False
F0069,5,hydrogenated-coco-glycerides,Hydrogenated Coco-Glycerides,no-take,11,True
F0069,6,cocos-nucifera-oil,Cocos Nucifera (Coconut) Oil,goodie,57,False
F0069,8,tocopheryl-acetate,Tocopheryl Acetate,no-take,357,False
F0069,9,argania-spinosa-kernel-oil,Argania Spinosa Kernel Oil,goodie,36,False
F0069,10,glycine-soja-oil,Glycine Soja (Soybean) Oil,goodie,41,False
F0069,11,tocopherol,Tocopherol,goodie,289,False
F0069,14,silica-dimethyl-silylate,Silica Dimethyl Silylate,no-take,160,False
F0069,15,caprylhydroxamic-acid,Caprylhydroxamic Acid,no-take,42,False
F0070,1,diisostearyl-malate,Diisostearyl Malate,no-take,228,False
F0070,2,tridecyl-trimellitate,Tridecyl Trimellitate,no-take,126,False
F0070,3,ethylhexyl-palmitate,Ethylhexyl Palmitate,no-take,205,False
F0070,4,isononyl-isononanoate,Isononyl Isononanoate,no-take,37,False
F0070,5,bis-diglyceryl-polyacyladipate-2,Bis-Diglyceryl Polyacyladipate-2,no-take,169,False
F0070,6,dibutyl-lauroyl-glutamide,Dibutyl Lauroyl Glutamide,no-take,13,True
F0070,7,dibutyl-ethylhexanoyl-glutamide,Dibutyl Ethylhexanoyl Glutamide,no-take,18,True
F0070,8,tocopheryl-acetate,Tocopheryl Acetate,no-take,357,False
F0070,9,ethylhexylglycerin,Ethylhexylglycerin,no-take,134,False
F0070,10,lactic-acid,Lactic Acid,superstar,44,False
F0070,11,phenoxyethanol,Phenoxyethanol,no-take,286,False
F0070,12,parfum,Parfum (Fragrance),icky,331,False
F0070,13,linalool,Linalool,icky,91,False
F0071,1,polybutene,Polybutene,no-take,212,False
F0071,2,polyglyceryl-2-triisostearate,Polyglyceryl-2 Triisostearate,no-take,101,False
F0071,3,isostearyl-isostearate,Isostearyl Isostearate,no-take,16,True
F0071,4,pentaerythrityl-tetraisostearate,Pentaerythrityl Tetraisostearate,no-take,100,False
F0071,5,diisostearyl-malate,Diisostearyl Malate,no-take,228,False
F0071,6,synthetic-beeswax,Synthetic Beeswax,no-take,25,True
F0071,7,polyglyceryl-2-isostearate-dimer-dilinoleate-copolymer,Polyglyceryl-2 Isostearate/​Dimer Dilinoleate Copolymer,no-take,27,True
F0071,8,disteardimonium-hectorite,Disteardimonium Hectorite,no-take,82,False
F0071,9,propylene-carbonate,Propylene Carbonate,no-take,95,False
F0071,11,cocos-nucifera-oil,Cocos Nucifera (Coconut) Oil,goodie,57,False
F0071,12,parfum,Parfum (Fragrance),icky,331,False
F0071,13,ricinus-communis-seed-oil,Ricinus Communis (Castor) Seed Oil,no-take,145,False
F0072,1,hydrogenated-polyisobutene,Hydrogenated Polyisobutene,no-take,165,False
F0072,2,tridecyl-trimellitate,Tridecyl Trimellitate,no-take,126,False
F0072,3,trimethylsiloxysilicate,Trimethylsiloxysilicate,no-take,48,False
F0072,4,octyldodecanol,Octyldodecanol,no-take,208,False
F0072,5,c12-15-alkyl-benzoate,C12-15 Alkyl Benzoate,no-take,29,True
F0072,6,hydrogenated-polycyclopentadiene,Hydrogenated Polycyclopentadiene,sin_calificacion,18,True
F0072,7,dibutyl-lauroyl-glutamide,Dibutyl Lauroyl Glutamide,no-take,13,True
F0072,8,dibutyl-ethylhexanoyl-glutamide,Dibutyl Ethylhexanoyl Glutamide,no-take,18,True
F0072,9,ethylhexyl-palmitate,Ethylhexyl Palmitate,no-take,205,False
F0072,10,tocopheryl-acetate,Tocopheryl Acetate,no-take,357,False
F0072,11,tocopherol,Tocopherol,goodie,289,False
F0072,12,isostearic-acid,Isostearic Acid,no-take,17,True
F0072,13,ethylhexylglycerin,Ethylhexylglycerin,no-take,134,False
F0072,14,lactic-acid,Lactic Acid,superstar,44,False
F0072,15,phenoxyethanol,Phenoxyethanol,no-take,286,False
F0073,1,hydrogenated-polydecene,Hydrogenated Polydecene,no-take,30,True
F0073,2,hydrogenated-polyisobutene,Hydrogenated Polyisobutene,no-take,165,False
F0073,3,polyglyceryl-2-triisostearate,Polyglyceryl-2 Triisostearate,no-take,101,False
F0073,4,euphorbia-cerifera-cera,Euphorbia Cerifera (Candelilla) Wax,no-take,73,False
F0073,5,silica,Silica,no-take,267,False
F0073,6,ethylhexyl-palmitate,Ethylhexyl Palmitate,no-take,205,False
F0073,7,polyethylene,Polyethylene,no-take,122,False
F0073,8,kaolin,Kaolin,goodie,40,False
F0073,9,ozokerite,Ozokerite,no-take,42,False
F0073,10,tocopherol,Tocopherol,goodie,289,False
F0073,12,tetrahexyldecyl-ascorbate,Ascorbyl Tetraisopalmitate,goodie,22,True
F0073,13,rosa-canina-fruit-oil,Rosa Canina Fruit Oil,no-take,28,True
F0073,14,pentaerythrityl-tetra-di-t-butyl-hydroxyhydrocinnamate,Pentaerythrityl Tetra-Di-T-Butyl Hydroxyhydrocinnamate,no-take,222,False
F0073,15,polyhydroxystearic-acid,Polyhydroxystearic Acid,no-take,36,False
F0074,1,ricinus-communis-seed-oil,Ricinus Communis (Castor) Seed Oil,no-take,145,False
F0074,2,bis-diglyceryl-polyacyladipate-1,Bis-Diglyceryl Polyacyladipate-1,no-take,20,True
F0074,3,octyldodecanol,Octyldodecanol,no-take,208,False
F0074,4,caprylic-capric-triglyceride,Caprylic/​Capric Triglyceride,no-take,215,False
F0074,5,euphorbia-cerifera-cera,Euphorbia Cerifera Cera (Euphorbia Cerifera (Candelilla) Wax),no-take,73,False
F0074,6,synthetic-wax,Synthetic Wax,no-take,176,False
F0074,7,cetyl-alcohol,Cetyl Alcohol,no-take,20,True
F0074,8,copernicia-cerifera-wax,Copernicia Cerifera Cera (Copernicia Cerifera (Carnauba) Wax),no-take,67,False
F0074,9,butyrospermum-parkii-butter,Butyrospermum Parkii (Shea) Butter,goodie,149,False
F0074,10,silica,Silica,no-take,267,False
F0074,11,mangifera-indica-seed-oil,Mangifera Indica (Mango) Seed Oil,goodie,38,False
F0074,12,tocopheryl-acetate,Tocopheryl Acetate,no-take,357,False
F0074,13,tocopherol,Tocopherol,goodie,289,False
F0074,14,portulaca-pilosa-extract,Portulaca Pilosa Extract,sin_calificacion,12,True
F0074,15,helianthus-annuus-seed-oil,Helianthus Annuus (Sunflower) Seed Oil,goodie,123,False
F0075,1,polybutene,Polybutene,no-take,212,False
F0075,2,octyldodecanol,Octyldodecanol,no-take,208,False
F0075,3,silica-dimethyl-silylate,Silica Dimethyl Silylate,no-take,160,False
F0075,4,octyldodecyl-stearoyl-stearate,Octyldodecyl Stearoyl Stearate,no-take,20,True
F0075,5,menthol,Menthol,icky,47,False
F0075,6,menthoxypropanediol,Menthoxypropanediol,sin_calificacion,16,True
F0075,7,butylene-glycol,Butylene Glycol,no-take,61,False
F0075,8,benzyl-nicotinate,Benzyl Nicotinate,sin_calificacion,11,True
F0075,9,capsicum-frutescens-fruit-extract,Capsicum Frutescens Fruit Extract,icky,24,True
F0075,10,aroma,Aroma (Flavor),sin_calificacion,150,False
F0075,11,linalool,Linalool,icky,91,False
F0075,12,geraniol,Geraniol,icky,43,False
F0075,13,anise-alcohol,Anise Alcohol,no-take,7,True
F0076,1,prunus-amygdalus-dulcis-oil,Prunus Amygdalus Dulcis (Sweet Almond) Oil,goodie,66,False
F0076,2,ricinus-communis-seed-oil,Ricinus Communis (Castor) Seed Oil,no-take,145,False
F0076,3,bis-diglyceryl-polyacyladipate-2,Bis-Diglyceryl Polyacyladipate-2,no-take,169,False
F0076,4,silica-dimethyl-silylate,Silica Dimethyl Silylate,no-take,160,False
F0076,5,synthetic-wax,Synthetic Wax,no-take,176,False
F0076,6,cocos-nucifera-oil,Cocos Nucifera (Coconut) Oil,goodie,57,False
F0076,7,mangifera-indica-seed-oil,Mangifera Indica (Mango) Seed Butter,goodie,38,False
F0076,8,tocopheryl-acetate,Tocopheryl Acetate,no-take,357,False
F0076,9,butyrospermum-parkii-butter,Butyrospermum Parkii (Shea) Butter,goodie,149,False
F0076,10,caprylic-capric-triglyceride,Caprylic/​Capric Triglyceride,no-take,215,False
F0076,11,sodium-hyaluronate,Sodium Hyaluronate,goodie,132,False
F0076,12,pentaerythrityl-tetraisostearate,Pentaerythrityl Tetraisostearate,no-take,100,False
F0076,13,ethylhexyl-palmitate,Ethylhexyl Palmitate,no-take,205,False
F0076,14,caprylyl-glycol,Caprylyl Glycol,no-take,167,False
F0076,15,glycerin,Glycerin,superstar,102,False
F0077,1,ricinus-communis-seed-oil,Ricinus Communis (Castor) Seed Oil,no-take,145,False
F0077,2,bis-diglyceryl-polyacyladipate-1,Bis-Diglyceryl Polyacyladipate-1,no-take,20,True
F0077,3,octyldodecanol,Octyldodecanol,no-take,208,False
F0077,4,caprylic-capric-triglyceride,Caprylic/​Capric Triglyceride,no-take,215,False
F0077,5,euphorbia-cerifera-cera,Euphorbia Cerifera (Candelilla) Wax,no-take,73,False
F0077,6,synthetic-wax,Synthetic Wax,no-take,176,False
F0077,7,cetyl-alcohol,Cetyl Alcohol,no-take,20,True
F0077,8,copernicia-cerifera-wax,Copernicia Cerifera (Carnauba) Wax,no-take,67,False
F0077,10,butyrospermum-parkii-butter,Butyrospermum Parkii (Shea) Butter,goodie,149,False
F0077,11,silica,Silica,no-take,267,False
F0077,12,tocopherol,Tocopherol,goodie,289,False
F0077,13,helianthus-annuus-seed-oil,Helianthus Annuus (Sunflower) Seed Oil,goodie,123,False
F0077,15,caprylyl-glycol,Caprylyl Glycol,no-take,167,False
F0078,1,ricinus-communis-seed-oil,Ricinus Communis (Castor) Seed Oil,no-take,145,False
F0078,2,bis-diglyceryl-polyacyladipate-2,Bis-Diglyceryl Polyacyladipate-2,no-take,169,False
F0078,3,polyglyceryl-2-triisostearate,Polyglyceryl-2 Triisostearate,no-take,101,False
F0078,4,polybutene,Polybutene,no-take,212,False
F0078,5,tribehenin,Tribehenin,no-take,82,False
F0078,6,silica,Silica,no-take,267,False
F0078,7,butyrospermum-parkii-butter,Butyrospermum Parkii (Shea) Butter,goodie,149,False
F0078,8,caprylic-capric-triglyceride,Caprylic/​Capric Triglyceride,no-take,215,False
F0078,9,helianthus-annuus-seed-wax,Helianthus Annuus (Sunflower) Seed Wax,no-take,47,False
F0078,10,tocopherol,Tocopherol,goodie,289,False
F0078,11,cocos-nucifera-oil,Cocos Nucifera (Coconut) Oil,goodie,57,False
F0078,12,mangifera-indica-seed-oil,Mangifera Indica (Mango) Seed Butter,goodie,38,False
F0078,13,pentaerythrityl-tetra-di-t-butyl-hydroxyhydrocinnamate,Pentaerythrityl Tetra-Di-T-Butyl Hydroxyhydrocinnamate,no-take,222,False
F0078,14,ascorbyl-palmitate,Ascorbyl Palmitate,icky,67,False
F0078,15,psidium-guajava-fruit-extract,Psidium Guajava Fruit Extract,sin_calificacion,6,True
F0079,1,polyisobutene,Polyisobutene,no-take,121,False
F0079,2,hydrogenated-polyisobutene,Hydrogenated Polyisobutene,no-take,165,False
F0079,3,hydrogenated-polydecene,Hydrogenated Polydecene,no-take,30,True
F0079,4,caprylic-capric-triglyceride,Caprylic/​Capric Triglyceride,no-take,215,False
F0079,5,ethylhexyl-palmitate,Ethylhexyl Palmitate,no-take,205,False
F0079,6,silica-dimethyl-silylate,Silica Dimethyl Silylate,no-take,160,False
F0079,7,ethylene-propylene-styrene-copolymer,Ethylene/​Propylene/​Styrene Copolymer,no-take,70,False
F0079,8,menthol,Menthol,icky,47,False
F0079,9,prunus-amygdalus-dulcis-oil,Prunus Amygdalus Dulcis (Sweet Almond) Oil,goodie,66,False
F0079,10,punica-granatum-sterols,Punica Granatum (Pomegranate) Sterols,sin_calificacion,5,True
F0079,11,tocopheryl-acetate,Tocopheryl Acetate,no-take,357,False
F0079,12,sodium-hyaluronate,Sodium Hyaluronate,goodie,132,False
F0079,13,ricinus-communis-seed-oil,Ricinus Communis (Castor) Seed Oil,no-take,145,False
F0079,14,octyldodecanol,Octyldodecanol,no-take,208,False
F0079,15,caprylyl-glycol,Caprylyl Glycol,no-take,167,False
F0080,1,ricinus-communis-seed-oil,Ricinus Communis (Castor) Seed Oil,no-take,145,False
F0080,2,oryza-sativa-cera,Oryza Sativa (Rice) Cera,no-take,7,True
F0080,4,prunus-amygdalus-dulcis-oil,Prunus Amygdalus Dulcis (Sweet Almond) Oil,goodie,66,False
F0080,5,c10-18-triglycerides,C10-18 Triglycerides,no-take,14,True
F0080,6,butyrospermum-parkii-butter,Butyrospermum Parkii (Shea) Butter,goodie,149,False
F0080,7,cannabis-sativa-seed-oil,Cannabis Sativa Seed Oil,no-take,8,True
F0080,8,polyglyceryl-2-isostearate-dimer-dilinoleate-copolymer,Polyglyceryl-2 Isostearate/​Dimer Dilinoleate Copolymer,no-take,27,True
F0080,9,theobroma-cacao-seed-butter,Theobroma Cacao (Cocoa) Seed Butter,goodie,18,True
F0080,10,copernicia-cerifera-wax,Copernicia Cerifera (Carnauba) Wax,no-take,67,False
F0080,11,octyldodecanol,Octyldodecanol,no-take,208,False
F0080,12,phenylpropanol,Phenylpropanol,no-take,6,True
F0080,14,citric-acid,Citric Acid,no-take,85,False
F0080,15,parfum,Parfum (Fragrance),icky,331,False
F0081,1,diisostearoyl-polyglyceryl-3-dimer-dilinoleate,Diisostearoyl Polyglyceryl-3 Dimer Dilinoleate,no-take,5,True
F0081,2,diisostearyl-malate,Diisostearyl Malate,no-take,228,False
F0081,3,helianthus-annuus-hybrid-oil,Helianthus Annuus Hybrid Oil,no-take,8,True
F0081,4,ricinus-communis-seed-oil,Ricinus Communis (Castor) Seed Oil,no-take,145,False
F0081,5,polyglyceryl-2-isostearate-dimer-dilinoleate-copolymer,Polyglyceryl-2 Isostearate/​Dimer Dilinoleate Copolymer,no-take,27,True
F0081,6,silica,Silica,no-take,267,False
F0081,7,helianthus-annuus-seed-oil,Helianthus Annuus (Sunflower) Seed Oil,goodie,123,False
F0081,8,simmondsia-chinensis-seed-oil,Simmondsia Chinensis (Jojoba) Seed Oil,goodie,134,False
F0081,9,menthol,Menthol,icky,47,False
F0081,10,tocopheryl-acetate,Tocopheryl Acetate,no-take,357,False
F0081,12,aroma,Aroma (Flavor),sin_calificacion,150,False
F0082,1,ricinus-communis-seed-oil,Ricinus Communis (Castor) Seed Oil,no-take,145,False
F0082,2,bis-diglyceryl-polyacyladipate-1,Bis-Diglyceryl Polyacyladipate-1,no-take,20,True
F0082,3,octyldodecanol,Octyldodecanol,no-take,208,False
F0082,4,caprylic-capric-triglyceride,Caprylic/​Capric Triglyceride,no-take,215,False
F0082,5,euphorbia-cerifera-cera,Euphorbia Cerifera (Candelilla) Wax,no-take,73,False
F0082,6,synthetic-wax,Synthetic Wax,no-take,176,False
F0082,7,cetyl-alcohol,Cetyl Alcohol,no-take,20,True
F0082,8,copernicia-cerifera-wax,Copernicia Cerifera (Carnauba) Wax,no-take,67,False
F0082,9,butyrospermum-parkii-butter,Butyrospermum Parkii (Shea) Butter,goodie,149,False
F0082,10,tocopheryl-acetate,Tocopheryl Acetate,no-take,357,False
F0082,11,silica,Silica,no-take,267,False
F0082,12,mangifera-indica-seed-oil,Mangifera Indica (Mango) Seed Oil,goodie,38,False
F0082,13,tocopherol,Tocopherol,goodie,289,False
F0082,14,portulaca-pilosa-extract,Portulaca Pilosa Extract,sin_calificacion,12,True
F0082,15,helianthus-annuus-seed-oil,Helianthus Annuus (Sunflower) Seed Oil,goodie,123,False
F0083,1,ethylhexyl-stearate,Ethylhexyl Stearate,no-take,17,True
F0083,2,polyisobutene,Polyisobutene,no-take,121,False
F0083,3,bis-diglyceryl-polyacyladipate-2,Bis-Diglyceryl Polyacyladipate-2,no-take,169,False
F0083,4,silica-dimethyl-silylate,Silica Dimethyl Silylate,no-take,160,False
F0083,5,polyglyceryl-3-diisostearate,Polyglyceryl-3 Diisostearate,no-take,35,False
F0083,6,prunus-amygdalus-dulcis-oil,Prunus Amygdalus Dulcis (Sweet Almond) Oil,goodie,66,False
F0083,7,punica-granatum-sterols,Punica Granatum Sterols,sin_calificacion,5,True
F0083,8,simmondsia-chinensis-seed-oil,Simmondsia Chinensis (Jojoba) Seed Oil,goodie,134,False
F0083,9,tocopheryl-acetate,Tocopheryl Acetate,no-take,357,False
F0083,10,macadamia-ternifolia-seed-oil,Macadamia Ternifolia Seed Oil,goodie,14,True
F0083,11,argania-spinosa-kernel-oil,Argania Spinosa Kernel Oil,goodie,36,False
F0083,12,stevia-rebaudiana-extract,Stevia Rebaudiana Extract,sin_calificacion,21,True
F0083,13,ricinus-communis-seed-oil,Ricinus Communis (Castor) Seed Oil,no-take,145,False
F0083,14,tocopherol,Tocopherol,goodie,289,False
F0083,15,vegetable-oil,Olus Oil (Vegetable Oil),no-take,14,True
F0084,1,ricinus-communis-seed-oil,Ricinus Communis (Castor) Seed Oil,no-take,145,False
F0084,2,bis-diglyceryl-polyacyladipate-2,Bis-Diglyceryl Polyacyladipate-2,no-take,169,False
F0084,3,polyglyceryl-2-triisostearate,Polyglyceryl-2 Triisostearate,no-take,101,False
F0084,4,polybutene,Polybutene,no-take,212,False
F0084,5,tribehenin,Tribehenin,no-take,82,False
F0084,6,silica,Silica,no-take,267,False
F0084,7,butyrospermum-parkii-butter,Butyrospermum Parkii (Shea) Butter,goodie,149,False
F0084,8,cocos-nucifera-oil,Cocos Nucifera (Coconut) Oil,goodie,57,False
F0084,9,mangifera-indica-seed-oil,Mangifera Indica (Mango) Seed Butter,goodie,38,False
F0084,10,caprylic-capric-triglyceride,Caprylic/​Capric Triglyceride,no-take,215,False
F0084,11,helianthus-annuus-seed-wax,Helianthus Annuus (Sunflower) Seed Wax,no-take,47,False
F0084,12,tocopherol,Tocopherol,goodie,289,False
F0084,13,helianthus-annuus-seed-oil,Helianthus Annuus (Sunflower) Seed Oil,goodie,123,False
F0084,14,psidium-guajava-fruit-extract,Psidium Guajava Fruit Extract,sin_calificacion,6,True
F0084,15,pentaerythrityl-tetra-di-t-butyl-hydroxyhydrocinnamate,Pentaerythrityl Tetra-Di-T-Butyl Hydroxyhydrocinnamate,no-take,222,False
F0085,1,diisostearyl-malate,Diisostearyl Malate,no-take,228,False
F0085,2,tridecyl-trimellitate,Tridecyl Trimellitate,no-take,126,False
F0085,3,synthetic-wax,Synthetic Wax,no-take,176,False
F0085,4,triethylhexanoin,Triethylhexanoin,no-take,21,True
F0085,5,polyisobutene,Polyisobutene,no-take,121,False
F0085,6,bis-behenyl-isostearyl-phytosteryl-dimer-dilinoleyl-dimer-dilinoleate,Bis-Behenyl/​Isostearyl/​Phytosteryl Dimer Dilinoleyl Dimer Dilinoleate,no-take,42,False
F0085,7,bis-diglyceryl-polyacyladipate-2,Bis-Diglyceryl Polyacyladipate-2,no-take,169,False
F0085,8,pentaerythrityl-tetraisostearate,Pentaerythrityl Tetraisostearate,no-take,100,False
F0085,9,polyglyceryl-2-triisostearate,Polyglyceryl-2 Triisostearate,no-take,101,False
F0085,10,vitis-vinifera-seed-oil,Vitis Vinifera (Grape) Seed Oil,goodie,15,True
F0085,11,tocopheryl-acetate,Tocopheryl Acetate,no-take,357,False
F0085,12,butyrospermum-parkii-butter,Butyrospermum Parkii (Shea) Butter,goodie,149,False
F0085,13,cocos-nucifera-oil,Cocos Nucifera (Coconut) Oil,goodie,57,False
F0085,14,prunus-avium-seed-oil,Prunus Avium (Sweet Cherry) Seed Oil,no-take,23,True
F0085,15,tocopherol,Tocopherol,goodie,289,False
F0086,1,caprylic-capric-triglyceride,Caprylic/​Capric Triglyceride,no-take,215,False
F0086,2,polyisobutene,Polyisobutene,no-take,121,False
F0086,4,silica-dimethyl-silylate,Silica Dimethyl Silylate,no-take,160,False
F0086,5,citric-acid,Citric Acid,no-take,85,False
F0086,6,menthol,Menthol,icky,47,False
F0086,9,helianthus-annuus-seed-oil,Helianthus Annuus (Sunflower) Seed Oil,goodie,123,False
F0086,10,tocopheryl-acetate,Tocopheryl Acetate,no-take,357,False
F0086,11,octyldodecanol,Octyldodecanol,no-take,208,False
F0086,12,caprylyl-glycol,Caprylyl Glycol,no-take,167,False
F0086,13,ethylhexyl-palmitate,Ethylhexyl Palmitate,no-take,205,False
F0086,14,glycerin,Glycerin,superstar,102,False
F0086,15,caprylhydroxamic-acid,Caprylhydroxamic Acid,no-take,42,False
F0087,1,polybutene,Polybutene,no-take,212,False
F0087,2,octyldodecanol,Octyldodecanol,no-take,208,False
F0087,3,bis-diglyceryl-polyacyladipate-2,Bis-Diglyceryl Polyacyladipate-2,no-take,169,False
F0087,4,polyglyceryl-2-triisostearate,Polyglyceryl-2 Triisostearate,no-take,101,False
F0087,5,euphorbia-cerifera-cera,Euphorbia Cerifera Cera (Euphorbia Cerifera (Candelilla) Wax),no-take,73,False
F0087,6,synthetic-wax,Synthetic Wax,no-take,176,False
F0087,7,vp-eicosene-copolymer,Vp/​Eicosene Copolymer,no-take,11,True
F0087,8,hydrogenated-polycyclopentadiene,Hydrogenated Polycyclopentadiene,sin_calificacion,18,True
F0087,9,ethylene-propylene-copolymer,Ethylene/​Propylene Copolymer,no-take,33,False
F0087,10,silica,Silica,no-take,267,False
F0087,11,caprylic-capric-triglyceride,Caprylic/​Capric Triglyceride,no-take,215,False
F0087,12,tocopherol,Tocopherol,goodie,289,False
F0087,13,undaria-pinnatifida-extract,Undaria Pinnatifida Extract,sin_calificacion,7,True
F0087,14,polyethylene,Polyethylene,no-take,122,False
F0087,15,pentaerythrityl-tetra-di-t-butyl-hydroxyhydrocinnamate,Pentaerythrityl Tetra-Di-T-Butyl Hydroxyhydrocinnamate,no-take,222,False
F0088,1,diisostearyl-malate,Diisostearyl Malate,no-take,228,False
F0088,2,tridecyl-trimellitate,Tridecyl Trimellitate,no-take,126,False
F0088,3,polyisobutene,Polyisobutene,no-take,121,False
F0088,4,dimer-dilinoleyl-dimer-dilinoleate,Dimer Dilinoleyl Dimer Dilinoleate,no-take,22,True
F0088,5,silica-dimethyl-silylate,Silica Dimethyl Silylate,no-take,160,False
F0088,6,tocopheryl-acetate,Tocopheryl Acetate,no-take,357,False
F0088,7,limnanthes-alba-seed-oil,Limnanthes Alba (Meadowfoam) Seed Oil,goodie,36,False
F0088,8,hydrolyzed-sodium-hyaluronate,Hydrolyzed Sodium Hyaluronate,no-take,21,True
F0088,9,caprylyl-glycol,Caprylyl Glycol,no-take,167,False
F0088,10,ethylhexylglycerin,Ethylhexylglycerin,no-take,134,False
F0088,11,glyceryl-behenate,Glyceryl Behenate,no-take,24,True
F0088,12,phenoxyethanol,Phenoxyethanol,no-take,286,False
F0088,13,parfum,Parfum (Fragrance),icky,331,False
F0088,14,linalool,Linalool,icky,91,False
F0089,1,polyisobutene,Polyisobutene,no-take,121,False
F0089,2,isononyl-isononanoate,Isononyl Isononanoate,no-take,37,False
F0089,3,silica-dimethyl-silylate,Silica Dimethyl Silylate,no-take,160,False
F0089,4,polyglyceryl-3-diisostearate,Polyglyceryl-3 Diisostearate,no-take,35,False
F0089,5,prunus-amygdalus-dulcis-oil,Prunus Amygdalus Dulcis (Sweet Almond) Oil,goodie,66,False
F0089,6,prunus-persica-kernel-oil,Prunus Persica (Peach) Kernel Oil,no-take,7,True
F0089,7,simmondsia-chinensis-seed-oil,Simmondsia Chinensis (Jojoba) Seed Oil,goodie,134,False
F0089,8,tocopheryl-acetate,Tocopheryl Acetate,no-take,357,False
F0089,9,macadamia-ternifolia-seed-oil,Macadamia Ternifolia Seed Oil,goodie,14,True
F0089,10,argania-spinosa-kernel-oil,Argania Spinosa Kernel Oil,goodie,36,False
F0089,11,ricinus-communis-seed-oil,Ricinus Communis (Castor) Seed Oil,no-take,145,False
F0089,12,tocopherol,Tocopherol,goodie,289,False
F0089,13,ethylhexyl-palmitate,Ethylhexyl Palmitate,no-take,205,False
F0089,14,vegetable-oil,Olus Oil (Vegetable Oil),no-take,14,True
F0089,15,caprylyl-glycol,Caprylyl Glycol,no-take,167,False
F0090,1,bis-behenyl-isostearyl-phytosteryl-dimer-dilinoleyl-dimer-dilinoleate,Bis-Behenyl/​Isostearyl/​Phytosteryl Dimer Dilinoleyl Dimer Dilinoleate,no-take,42,False
F0090,2,polyisobutene,Polyisobutene,no-take,121,False
F0090,3,diisostearyl-malate,Diisostearyl Malate,no-take,228,False
F0090,4,hydrogenated-polyisobutene,Hydrogenated Polyisobutene,no-take,165,False
F0090,5,octyldodecanol,Octyldodecanol,no-take,208,False
F0090,6,ethylhexyl-palmitate,Ethylhexyl Palmitate,no-take,205,False
F0090,7,silica,Silica,no-take,267,False
F0090,8,cocos-nucifera-oil,Cocos Nucifera (Coconut) Oil,goodie,57,False
F0090,9,helianthus-annuus-seed-oil,Helianthus Annuus (Sunflower) Seed Oil,goodie,123,False
F0090,10,macadamia-integrifolia-seed-oil,Macadamia Integrifolia Seed Oil,goodie,6,True
F0090,11,prunus-amygdalus-dulcis-oil,Prunus Amygdalus Dulcis (Sweet Almond) Oil,goodie,66,False
F0090,12,ricinus-communis-seed-oil,Ricinus Communis (Castor) Seed Oil,no-take,145,False
F0090,13,tocopheryl-acetate,Tocopheryl Acetate,no-take,357,False
F0090,15,limnanthes-alba-seed-oil,Limnanthes Alba (Meadowfoam) Seed Oil,goodie,36,False
F0091,1,polybutene,Polybutene,no-take,212,False
F0091,2,hydrogenated-polydecene,Hydrogenated Polydecene,no-take,30,True
F0091,3,caprylic-capric-triglyceride,Caprylic/​Capric Triglyceride,no-take,215,False
F0091,4,octyldodecanol,Octyldodecanol,no-take,208,False
F0091,5,hydrogenated-styrene-isoprene-copolymer,Hydrogenated Styrene/​Isoprene Copolymer,no-take,44,False
F0091,6,diisostearyl-malate,Diisostearyl Malate,no-take,228,False
F0091,7,disteardimonium-hectorite,Disteardimonium Hectorite,no-take,82,False
F0091,8,dicalcium-phosphate,Dicalcium Phosphate,no-take,50,False
F0091,9,sodium-hyaluronate,Sodium Hyaluronate,goodie,132,False
F0091,10,tocopherol,Tocopherol,goodie,289,False
F0091,11,pentaerythrityl-tetraisostearate,Pentaerythrityl Tetraisostearate,no-take,100,False
F0091,12,glyceryl-behenate-eicosadioate,Glyceryl Behenate/​Eicosadioate,no-take,21,True
F0091,13,propylene-carbonate,Propylene Carbonate,no-take,95,False
F0091,14,pentaerythrityl-tetra-di-t-butyl-hydroxyhydrocinnamate,Pentaerythrityl Tetra-Di-T-Butyl Hydroxyhydrocinnamate,no-take,222,False
F0091,15,stearalkonium-hectorite,Stearalkonium Hectorite,no-take,26,True
F0092,1,ricinus-communis-seed-oil,Ricinus Communis (Castor) Seed Oil,no-take,145,False
F0092,2,polyglyceryl-3-diisostearate,Polyglyceryl-3 Diisostearate,no-take,35,False
F0092,3,c12-15-alkyl-benzoate,C12-15 Alkyl Benzoate,no-take,29,True
F0092,4,pentaerythrityl-tetraisostearate,Pentaerythrityl Tetraisostearate,no-take,100,False
F0092,6,euphorbia-cerifera-cera,Euphorbia Cerifera Cera (Euphorbia Cerifera (Candelilla) Wax),no-take,73,False
F0092,7,synthetic-wax,Synthetic Wax,no-take,176,False
F0092,8,shorea-robusta-resin,Shorea Robusta Resin,sin_calificacion,19,True
F0092,9,ethylhexyl-triazone,Ethylhexyl Triazone,goodie,5,True
F0092,10,helianthus-annuus-seed-oil,Helianthus Annuus (Sunflower) Seed Oil,goodie,123,False
F0092,11,synthetic-beeswax,Synthetic Beeswax,no-take,25,True
F0092,12,cocos-nucifera-oil,Cocos Nucifera (Coconut) Oil,goodie,57,False
F0092,13,tocopherol,Tocopherol,goodie,289,False
F0092,14,aloe-barbadensis-leaf-extract,Aloe Barbadensis Leaf Extract,goodie,25,True
F0092,15,disteardimonium-hectorite,Disteardimonium Hectorite,no-take,82,False
F0093,1,ricinus-communis-seed-oil,Ricinus Communis (Castor) Seed Oil,no-take,145,False
F0093,2,prunus-amygdalus-dulcis-oil,Prunus Amygdalus Dulcis (Sweet Almond) Oil,goodie,66,False
F0093,3,bis-diglyceryl-polyacyladipate-2,Bis-Diglyceryl Polyacyladipate-2,no-take,169,False
F0093,4,silica-dimethyl-silylate,Silica Dimethyl Silylate,no-take,160,False
F0093,5,synthetic-wax,Synthetic Wax,no-take,176,False
F0093,6,ethylhexyl-palmitate,Ethylhexyl Palmitate,no-take,205,False
F0093,7,parfum,Parfum (Fragrance),icky,331,False
F0093,8,cocos-nucifera-oil,Cocos Nucifera (Coconut) Oil,goodie,57,False
F0093,9,mangifera-indica-seed-oil,Mangifera Indica (Mango) Seed Butter,goodie,38,False
F0093,10,tocopheryl-acetate,Tocopheryl Acetate,no-take,357,False
F0093,11,sodium-hyaluronate,Sodium Hyaluronate,goodie,132,False
F0093,12,caprylic-capric-triglyceride,Caprylic/​Capric Triglyceride,no-take,215,False
F0093,13,butyrospermum-parkii-butter,Butyrospermum Parkii (Shea) Butter,goodie,149,False
F0093,14,palmitoyl-dipeptide-10,Palmitoyl Dipeptide-10,sin_calificacion,5,True
F0093,15,stearalkonium-hectorite,Stearalkonium Hectorite,no-take,26,True
F0094,2,caprylic-capric-triglyceride,Caprylic/​Capric Triglyceride,no-take,215,False
F0094,3,silica,Silica,no-take,267,False
F0094,4,polyethylene,Polyethylene,no-take,122,False
F0094,5,polysilicone-11,Polysilicone-11,no-take,6,True
F0094,6,synthetic-wax,Synthetic Wax,no-take,176,False
F0094,7,bis-diglyceryl-polyacyladipate-2,Bis-Diglyceryl Polyacyladipate-2,no-take,169,False
F0094,8,microcrystalline-wax,Cera Microcristallina (Microcrystalline Wax),no-take,140,False
F0094,9,ethylene-propylene-copolymer,Ethylene/​Propylene Copolymer,no-take,33,False
F0094,10,olea-europaea-fruit-oil,Olea Europaea (Olive) Fruit Oil,goodie,16,True
F0094,11,tocopherol,Tocopherol,goodie,289,False
F0094,12,persea-gratissima-oil,Persea Gratissima (Avocado) Oil,goodie,45,False
F0094,13,phytosterols,Phytosterols,sin_calificacion,6,True
F0094,14,pentaerythrityl-tetra-di-t-butyl-hydroxyhydrocinnamate,Pentaerythrityl Tetra-Di-T-Butyl Hydroxyhydrocinnamate,no-take,222,False
F0095,1,pentaerythrityl-tetraisostearate,Pentaerythrityl Tetraisostearate,no-take,100,False
F0095,2,polybutene,Polybutene,no-take,212,False
F0095,4,silica-dimethyl-silylate,Silica Dimethyl Silylate,no-take,160,False
F0095,5,ricinus-communis-seed-oil,Ricinus Communis (Castor) Seed Oil,no-take,145,False
F0095,6,shorea-robusta-resin,Shorea Robusta Resin,sin_calificacion,19,True
F0095,7,helianthus-annuus-seed-oil,Helianthus Annuus (Sunflower) Seed Oil,goodie,123,False
F0095,8,menthol,Menthol,icky,47,False
F0095,9,prunus-amygdalus-dulcis-oil,Prunus Amygdalus Dulcis (Sweet Almond) Oil,goodie,66,False
F0095,10,tocopheryl-acetate,Tocopheryl Acetate,no-take,357,False
F0095,11,simmondsia-chinensis-seed-oil,Simmondsia Chinensis (Jojoba) Seed Oil,goodie,134,False
F0095,12,tocopherol,Tocopherol,goodie,289,False
F0095,13,sodium-hyaluronate,Sodium Hyaluronate,goodie,132,False
F0095,14,silica,Silica,no-take,267,False
F0095,15,octyldodecyl-stearoyl-stearate,Octyldodecyl Stearoyl Stearate,no-take,20,True
F0096,1,prunus-amygdalus-dulcis-oil,Prunus Amygdalus Dulcis (Sweet Almond) Oil,goodie,66,False
F0096,2,ricinus-communis-seed-oil,Ricinus Communis (Castor) Seed Oil,no-take,145,False
F0096,3,bis-diglyceryl-polyacyladipate-2,Bis-Diglyceryl Polyacyladipate-2,no-take,169,False
F0096,4,silica-dimethyl-silylate,Silica Dimethyl Silylate,no-take,160,False
F0096,5,synthetic-wax,Synthetic Wax,no-take,176,False
F0096,6,cocos-nucifera-oil,Cocos Nucifera (Coconut) Oil,goodie,57,False
F0096,7,mangifera-indica-seed-oil,Mangifera Indica (Mango) Seed Butter,goodie,38,False
F0096,8,tocopheryl-acetate,Tocopheryl Acetate,no-take,357,False
F0096,9,butyrospermum-parkii-butter,Butyrospermum Parkii (Shea) Butter,goodie,149,False
F0096,10,caprylic-capric-triglyceride,Caprylic/​Capric Triglyceride,no-take,215,False
F0096,11,sodium-hyaluronate,Sodium Hyaluronate,goodie,132,False
F0096,12,pentaerythrityl-tetraisostearate,Pentaerythrityl Tetraisostearate,no-take,100,False
F0096,13,ethylhexyl-palmitate,Ethylhexyl Palmitate,no-take,205,False
F0096,14,caprylyl-glycol,Caprylyl Glycol,no-take,167,False
F0096,15,glycerin,Glycerin,superstar,102,False
F0097,1,isododecane,Isododecane,no-take,59,False
F0097,2,c9-12-alkane,C9-12 Alkane,no-take,5,True
F0097,3,isoamyl-laurate,Isoamyl Laurate,no-take,8,True
F0097,4,hydrogenated-vegetable-oil,Hydrogenated Vegetable Oil,no-take,26,True
F0097,5,disteardimonium-hectorite,Disteardimonium Hectorite,no-take,82,False
F0097,7,ethylene-propylene-copolymer,Ethylene/​Propylene Copolymer,no-take,33,False
F0097,8,propylene-carbonate,Propylene Carbonate,no-take,95,False
F0097,9,trimethylsiloxysilicate,Trimethylsiloxysilicate,no-take,48,False
F0097,10,silica,Silica,no-take,267,False
F0097,12,aroma,Aroma (Flavor),sin_calificacion,150,False
F0097,13,caprylic-capric-triglyceride,Caprylic/​Capric Triglyceride,no-take,215,False
F0097,14,tocopherol,Tocopherol,goodie,289,False
F0097,15,diethylhexyl-syringylidenemalonate,Diethylhexyl Syringylidenemalonate,no-take,30,True
F0098,1,ricinus-communis-seed-oil,Ricinus Communis (Castor) Seed Oil,no-take,145,False
F0098,2,polyglyceryl-2-isostearate-dimer-dilinoleate-copolymer,Polyglyceryl-2 Isostearate/​Dimer Dilinoleate Copolymer,no-take,27,True
F0098,3,octyldodecanol,Octyldodecanol,no-take,208,False
F0098,4,silica,Silica,no-take,267,False
F0098,5,menthol,Menthol,icky,47,False
F0098,6,menthone-glycerin-acetal,Menthone Glycerin Acetal,no-take,15,True
F0098,7,aroma,Aroma (Flavor),sin_calificacion,150,False
F0098,8,simmondsia-chinensis-seed-oil,Simmondsia Chinensis (Jojoba) Seed Oil,goodie,134,False
F0098,9,tocopheryl-acetate,Tocopheryl Acetate,no-take,357,False
F0098,11,propylene-carbonate,Propylene Carbonate,no-take,95,False
F0098,12,glyceryl-caprylate,Glyceryl Caprylate,no-take,20,True
F0098,13,pentaerythrityl-tetra-di-t-butyl-hydroxyhydrocinnamate,Pentaerythrityl Tetra-Di-T-Butyl Hydroxyhydrocinnamate,no-take,222,False
F0098,15,sodium-citrate,Sodium Citrate,no-take,10,True
F0099,1,dimer-dilinoleyl-dimer-dilinoleate,Dimer Dilinoleyl Dimer Dilinoleate,no-take,22,True
F0099,2,polyisobutene,Polyisobutene,no-take,121,False
F0099,3,tridecyl-trimellitate,Tridecyl Trimellitate,no-take,126,False
F0099,4,ethylhexyl-palmitate,Ethylhexyl Palmitate,no-take,205,False
F0099,5,triethylhexanoin,Triethylhexanoin,no-take,21,True
F0099,6,silica-dimethyl-silylate,Silica Dimethyl Silylate,no-take,160,False
F0099,7,aloe-barbadensis-leaf-extract,Aloe Barbadensis Leaf Extract,goodie,25,True
F0099,8,caprylic-capric-triglyceride,Caprylic/​Capric Triglyceride,no-take,215,False
F0099,9,tocopheryl-acetate,Tocopheryl Acetate,no-take,357,False
F0099,10,rosa-canina-fruit-oil,Rosa Canina Fruit Oil,no-take,28,True
F0099,11,phenoxyethanol,Phenoxyethanol,no-take,286,False
F0099,12,limonene,Limonene,icky,138,False
F0099,13,parfum,Parfum (Fragrance),icky,331,False
F0099,14,aluminum-hydroxide,Aluminum Hydroxide,no-take,112,False
F0100,1,dimethicone,Dimethicone,no-take,103,False
F0100,2,neopentyl-glycol-dicaprylate-dicaprate,Neopentyl Glycol Dicaprylate/​Dicaprate,no-take,5,True
F0100,5,kaolin,Kaolin,goodie,40,False
F0100,6,microcrystalline-wax,Cera Microcristallina (Microcrystalline Wax),no-take,140,False
F0100,7,caprylic-capric-triglyceride,Caprylic/​Capric Triglyceride,no-take,215,False
F0100,8,ozokerite,Ozokerite,no-take,42,False
F0100,10,dicalcium-phosphate,Dicalcium Phosphate,no-take,50,False
F0100,11,argania-spinosa-kernel-oil,Argania Spinosa Kernel Oil,goodie,36,False
F0100,12,helianthus-annuus-seed-oil,Helianthus Annuus (Sunflower) Seed Oil,goodie,123,False
F0100,15,tocopherol,Tocopherol,goodie,289,False
F0101,1,polybutene,Polybutene,no-take,212,False
F0101,2,octyldodecanol,Octyldodecanol,no-take,208,False
F0101,3,bis-diglyceryl-polyacyladipate-2,Bis-Diglyceryl Polyacyladipate-2,no-take,169,False
F0101,5,polyglyceryl-2-triisostearate,Polyglyceryl-2 Triisostearate,no-take,101,False
F0101,6,synthetic-wax,Synthetic Wax,no-take,176,False
F0101,7,dicalcium-phosphate,Dicalcium Phosphate,no-take,50,False
F0101,8,isohexadecane,Isohexadecane,no-take,18,True
F0101,9,ethylene-propylene-copolymer,Ethylene/​Propylene Copolymer,no-take,33,False
F0101,10,caprylic-capric-triglyceride,Caprylic/​Capric Triglyceride,no-take,215,False
F0101,11,helianthus-annuus-seed-oil,Helianthus Annuus (Sunflower) Seed Oil,goodie,123,False
F0101,12,rosmarinus-officinalis-leaf-extract,Rosmarinus Officinalis (Rosemary) Leaf Extract,goodie,5,True
F0101,13,sodium-hyaluronate,Sodium Hyaluronate,goodie,132,False
F0101,14,tocopherol,Tocopherol,goodie,289,False
F0101,15,tripeptide-1,Tripeptide-1,goodie,5,True
F0102,1,ricinus-communis-seed-oil,Ricinus Communis (Castor) Seed Oil,no-take,145,False
F0102,2,polyglyceryl-3-diisostearate,Polyglyceryl-3 Diisostearate,no-take,35,False
F0102,3,c12-15-alkyl-benzoate,C12-15 Alkyl Benzoate,no-take,29,True
F0102,4,pentaerythrityl-tetraisostearate,Pentaerythrityl Tetraisostearate,no-take,100,False
F0102,6,euphorbia-cerifera-cera,Euphorbia Cerifera Cera (Euphorbia Cerifera (Candelilla) Wax),no-take,73,False
F0102,7,synthetic-wax,Synthetic Wax,no-take,176,False
F0102,8,shorea-robusta-resin,Shorea Robusta Resin,sin_calificacion,19,True
F0102,9,ethylhexyl-triazone,Ethylhexyl Triazone,goodie,5,True
F0102,10,helianthus-annuus-seed-oil,Helianthus Annuus (Sunflower) Seed Oil,goodie,123,False
F0102,11,synthetic-beeswax,Synthetic Beeswax,no-take,25,True
F0102,12,cocos-nucifera-oil,Cocos Nucifera (Coconut) Oil,goodie,57,False
F0102,13,disteardimonium-hectorite,Disteardimonium Hectorite,no-take,82,False
F0102,14,tocopherol,Tocopherol,goodie,289,False
F0102,15,aloe-barbadensis-leaf-extract,Aloe Barbadensis Leaf Extract,goodie,25,True
F0103,1,polyisobutene,Polyisobutene,no-take,121,False
F0103,2,caprylic-capric-triglyceride,Caprylic/​Capric Triglyceride,no-take,215,False
F0103,3,microcrystalline-wax,Cera Microcristallina (Microcrystalline Wax),no-take,140,False
F0103,4,euphorbia-cerifera-cera,Euphorbia Cerifera (Candelilla) Wax,no-take,73,False
F0103,6,prunus-amygdalus-dulcis-oil,Prunus Amygdalus Dulcis (Sweet Almond) Oil,goodie,66,False
F0103,7,cannabis-sativa-seed-oil,Cannabis Sativa Seed Oil,no-take,8,True
F0103,8,menthol,Menthol,icky,47,False
F0103,9,tocopheryl-acetate,Tocopheryl Acetate,no-take,357,False
F0103,10,glycine-soja-oil,Glycine Soja (Soybean) Oil,goodie,41,False
F0103,11,tocopherol,Tocopherol,goodie,289,False
F0103,12,caprylyl-glycol,Caprylyl Glycol,no-take,167,False
F0103,13,ethylhexyl-palmitate,Ethylhexyl Palmitate,no-take,205,False
F0103,14,glycerin,Glycerin,superstar,102,False
F0103,15,caprylhydroxamic-acid,Caprylhydroxamic Acid,no-take,42,False
F0104,1,ricinus-communis-seed-oil,Ricinus Communis (Castor) Seed Oil,no-take,145,False
F0104,2,polyglyceryl-2-isostearate-dimer-dilinoleate-copolymer,Polyglyceryl-2 Isostearate/​Dimer Dilinoleate Copolymer,no-take,27,True
F0104,3,octyldodecanol,Octyldodecanol,no-take,208,False
F0104,4,silica,Silica,no-take,267,False
F0104,5,menthol,Menthol,icky,47,False
F0104,6,simmondsia-chinensis-seed-oil,Simmondsia Chinensis (Jojoba) Seed Oil,goodie,134,False
F0104,7,tocopheryl-acetate,Tocopheryl Acetate,no-take,357,False
F0104,9,propylene-carbonate,Propylene Carbonate,no-take,95,False
F0104,10,vanillyl-butyl-ether,Vanillyl Butyl Ether,sin_calificacion,33,False
F0104,11,glyceryl-caprylate,Glyceryl Caprylate,no-take,20,True
F0104,12,capsicum-frutescens-fruit-extract,Capsicum Frutescens Fruit Extract,icky,24,True
F0104,13,pentaerythrityl-tetra-di-t-butyl-hydroxyhydrocinnamate,Pentaerythrityl Tetra-Di-T-Butyl Hydroxyhydrocinnamate,no-take,222,False
F0104,14,maltodextrin,Maltodextrin,no-take,7,True
F0104,15,ascorbic-acid,Ascorbic Acid,superstar,13,True
F0105,1,polybutene,Polybutene,no-take,212,False
F0105,2,octyldodecanol,Octyldodecanol,no-take,208,False
F0105,3,bis-diglyceryl-polyacyladipate-2,Bis-Diglyceryl Polyacyladipate-2,no-take,169,False
F0105,4,polyglyceryl-2-triisostearate,Polyglyceryl-2 Triisostearate,no-take,101,False
F0105,5,euphorbia-cerifera-cera,Euphorbia Cerifera Cera (Euphorbia Cerifera (Candelilla) Wax),no-take,73,False
F0105,6,synthetic-wax,Synthetic Wax,no-take,176,False
F0105,7,vp-eicosene-copolymer,Vp/​Eicosene Copolymer,no-take,11,True
F0105,8,hydrogenated-polycyclopentadiene,Hydrogenated Polycyclopentadiene,sin_calificacion,18,True
F0105,9,ethylene-propylene-copolymer,Ethylene/​Propylene Copolymer,no-take,33,False
F0105,10,silica,Silica,no-take,267,False
F0105,11,caprylic-capric-triglyceride,Caprylic/​Capric Triglyceride,no-take,215,False
F0105,12,tocopherol,Tocopherol,goodie,289,False
F0105,13,undaria-pinnatifida-extract,Undaria Pinnatifida Extract,sin_calificacion,7,True
F0105,14,polyethylene,Polyethylene,no-take,122,False
F0105,15,pentaerythrityl-tetra-di-t-butyl-hydroxyhydrocinnamate,Pentaerythrityl Tetra-Di-T-Butyl Hydroxyhydrocinnamate,no-take,222,False
F0106,1,hydrogenated-polyisobutene,Hydrogenated Polyisobutene,no-take,165,False
F0106,2,octyldodecanol,Octyldodecanol,no-take,208,False
F0106,3,silica-dimethyl-silylate,Silica Dimethyl Silylate,no-take,160,False
F0106,4,hydrogenated-styrene-isoprene-copolymer,Hydrogenated Styrene/​Isoprene Copolymer,no-take,44,False
F0106,5,isohexadecane,Isohexadecane,no-take,18,True
F0106,6,caprylic-capric-triglyceride,Caprylic/​Capric Triglyceride,no-take,215,False
F0106,8,tocopheryl-acetate,Tocopheryl Acetate,no-take,357,False
F0106,9,butyrospermum-parkii-butter,Butyrospermum Parkii (Shea) Butter,goodie,149,False
F0106,10,helianthus-annuus-seed-oil,Helianthus Annuus (Sunflower) Seed Oil,goodie,123,False
F0106,11,camellia-sinensis-leaf-extract,Camellia Sinensis Leaf Extract,goodie,10,True
F0106,12,sodium-hyaluronate,Sodium Hyaluronate,goodie,132,False
F0106,13,tripeptide-1,Tripeptide-1,goodie,5,True
F0106,14,ethylene-propylene-styrene-copolymer,Ethylene/​Propylene/​Styrene Copolymer,no-take,70,False
F0106,15,butylene-ethylene-styrene-copolymer,Butylene/​Ethylene/​Styrene Copolymer,no-take,68,False
F0107,1,ricinus-communis-seed-oil,Ricinus Communis (Castor) Seed Oil,no-take,145,False
F0107,2,bis-diglyceryl-polyacyladipate-2,Bis-Diglyceryl Polyacyladipate-2,no-take,169,False
F0107,3,polyglyceryl-2-triisostearate,Polyglyceryl-2 Triisostearate,no-take,101,False
F0107,4,polybutene,Polybutene,no-take,212,False
F0107,5,tribehenin,Tribehenin,no-take,82,False
F0107,6,silica,Silica,no-take,267,False
F0107,7,butyrospermum-parkii-butter,Butyrospermum Parkii (Shea) Butter,goodie,149,False
F0107,8,caprylic-capric-triglyceride,Caprylic/​Capric Triglyceride,no-take,215,False
F0107,9,helianthus-annuus-seed-wax,Helianthus Annuus (Sunflower) Seed Wax,no-take,47,False
F0107,10,tocopherol,Tocopherol,goodie,289,False
F0107,11,cocos-nucifera-oil,Cocos Nucifera (Coconut) Oil,goodie,57,False
F0107,12,mangifera-indica-seed-oil,Mangifera Indica (Mango) Seed Butter,goodie,38,False
F0107,13,pentaerythrityl-tetra-di-t-butyl-hydroxyhydrocinnamate,Pentaerythrityl Tetra-Di-T-Butyl Hydroxyhydrocinnamate,no-take,222,False
F0107,14,ascorbyl-palmitate,Ascorbyl Palmitate,icky,67,False
F0107,15,psidium-guajava-fruit-extract,Psidium Guajava Fruit Extract,sin_calificacion,6,True
F0108,1,diisostearyl-malate,Diisostearyl Malate,no-take,228,False
F0108,2,helianthus-annuus-seed-oil,Helianthus Annuus (Sunflower) Seed Oil,goodie,123,False
F0108,3,ricinus-communis-seed-oil,Ricinus Communis (Castor) Seed Oil,no-take,145,False
F0108,4,diisostearoyl-polyglyceryl-3-dimer-dilinoleate,Diisostearoyl Polyglyceryl-3 Dimer Dilinoleate,no-take,5,True
F0108,5,silica,Silica,no-take,267,False
F0108,6,polyglyceryl-2-isostearate-dimer-dilinoleate-copolymer,Polyglyceryl-2 Isostearate/​Dimer Dilinoleate Copolymer,no-take,27,True
F0108,7,prunus-armeniaca-kernel-oil,Prunus Armeniaca (Apricot) Kernel Oil,goodie,19,True
F0108,8,argania-spinosa-kernel-oil,Argania Spinosa Kernel Oil,goodie,36,False
F0108,9,simmondsia-chinensis-seed-oil,Simmondsia Chinensis (Jojoba) Seed Oil,goodie,134,False
F0108,10,tocopheryl-acetate,Tocopheryl Acetate,no-take,357,False
F0108,11,benzyl-salicylate,Benzyl Salicylate,icky,14,True
F0108,12,aroma,Aroma (Flavor),sin_calificacion,150,False
F0108,13,benzyl-benzoate,Benzyl Benzoate,icky,73,False
F0109,1,hydrogenated-vegetable-oil,Hydrogenated Vegetable Oil,no-take,26,True
F0109,2,ricinus-communis-seed-oil,Ricinus Communis (Castor) Seed Oil,no-take,145,False
F0109,3,helianthus-annuus-seed-wax,Helianthus Annuus (Sunflower) Seed Wax,no-take,47,False
F0109,4,butyrospermum-parkii-butter,Butyrospermum Parkii (Shea) Butter,goodie,149,False
F0109,5,theobroma-cacao-seed-butter,Theobroma Cacao (Cocoa) Seed Butter,goodie,18,True
F0109,6,tocopherol,Tocopherol,goodie,289,False
F0109,7,helianthus-annuus-seed-oil,Helianthus Annuus (Sunflower) Seed Oil,goodie,123,False
F0109,8,dicalcium-phosphate,Dicalcium Phosphate,no-take,50,False
F0109,9,ethyl-vanillin,Ethyl Vanillin,no-take,38,False
F0110,1,ricinus-communis-seed-oil,Ricinus Communis (Castor) Seed Oil,no-take,145,False
F0110,2,polyglyceryl-2-isostearate-dimer-dilinoleate-copolymer,Polyglyceryl-2 Isostearate/​Dimer Dilinoleate Copolymer,no-take,27,True
F0110,3,silica-dimethyl-silylate,Silica Dimethyl Silylate,no-take,160,False
F0110,4,octyldodecanol,Octyldodecanol,no-take,208,False
F0110,5,menthol,Menthol,icky,47,False
F0110,6,aroma,Aroma (Flavor),sin_calificacion,150,False
F0110,7,simmondsia-chinensis-seed-oil,Simmondsia Chinensis (Jojoba) Seed Oil,goodie,134,False
F0110,8,tocopheryl-acetate,Tocopheryl Acetate,no-take,357,False
F0110,10,propylene-carbonate,Propylene Carbonate,no-take,95,False
F0110,11,glyceryl-caprylate,Glyceryl Caprylate,no-take,20,True
F0110,12,maltodextrin,Maltodextrin,no-take,7,True
F0110,13,diisostearyl-malate,Diisostearyl Malate,no-take,228,False
F0110,14,pentaerythrityl-tetra-di-t-butyl-hydroxyhydrocinnamate,Pentaerythrityl Tetra-Di-T-Butyl Hydroxyhydrocinnamate,no-take,222,False
F0110,15,ascorbic-acid,Ascorbic Acid,superstar,13,True
F0111,1,polybutene,Polybutene,no-take,212,False
F0111,2,octyldodecanol,Octyldodecanol,no-take,208,False
F0111,3,trimethylolpropane-triisostearate,Trimethylolpropane Triisostearate,no-take,34,False
F0111,4,silica-dimethyl-silylate,Silica Dimethyl Silylate,no-take,160,False
F0111,5,caprylic-capric-triglyceride,Caprylic/​Capric Triglyceride,no-take,215,False
F0111,6,cocos-nucifera-oil,Cocos Nucifera (Coconut) Oil,goodie,57,False
F0111,7,simmondsia-chinensis-seed-oil,Simmondsia Chinensis (Jojoba) Seed Oil,goodie,134,False
F0111,8,sodium-hyaluronate,Sodium Hyaluronate,goodie,132,False
F0111,9,prunus-amygdalus-dulcis-oil,Prunus Amygdalus Dulcis (Sweet Almond) Oil,goodie,66,False
F0111,10,persea-gratissima-oil,Persea Gratissima (Avocado) Oil,goodie,45,False
F0111,11,ricinus-communis-seed-oil,Ricinus Communis (Castor) Seed Oil,no-take,145,False
F0111,12,hydrogenated-castor-oil,Hydrogenated Castor Oil,no-take,55,False
F0111,13,octyldodecyl-stearoyl-stearate,Octyldodecyl Stearoyl Stearate,no-take,20,True
F0111,14,vp-hexadecene-copolymer,VP/​Hexadecene Copolymer,no-take,45,False
F0111,15,aroma,Aroma (Flavor),sin_calificacion,150,False
F0112,1,bis-diglyceryl-polyacyladipate-2,Bis-Diglyceryl Polyacyladipate-2,no-take,169,False
F0112,2,diisostearyl-malate,Diisostearyl Malate,no-take,228,False
F0112,3,polyisobutene,Polyisobutene,no-take,121,False
F0112,4,octyldodecanol,Octyldodecanol,no-take,208,False
F0112,5,ricinus-communis-seed-oil,Ricinus Communis (Castor) Seed Oil,no-take,145,False
F0112,7,helianthus-annuus-seed-wax,Helianthus Annuus (Sunflower) Seed Wax,no-take,47,False
F0112,8,olea-europaea-fruit-oil,Olea Europaea (Olive) Fruit Oil,goodie,16,True
F0112,9,menthol,Menthol,icky,47,False
F0112,10,olea-europaea-oil-unsaponifiables,Olea Europaea (Olive) Oil Unsaponifiables,sin_calificacion,6,True
F0112,11,tocopherol,Tocopherol,goodie,289,False
F0112,12,helianthus-annuus-seed-oil,Helianthus Annuus (Sunflower) Seed Oil,goodie,123,False
F0112,13,ethylhexyl-palmitate,Ethylhexyl Palmitate,no-take,205,False
F0112,14,tribehenin,Tribehenin,no-take,82,False
F0112,15,sorbitan-isostearate,Sorbitan Isostearate,no-take,86,False
F0113,1,ricinus-communis-seed-oil,Ricinus Communis (Castor) Seed Oil,no-take,145,False
F0113,2,bis-diglyceryl-polyacyladipate-1,Bis-Diglyceryl Polyacyladipate-1,no-take,20,True
F0113,3,octyldodecanol,Octyldodecanol,no-take,208,False
F0113,4,caprylic-capric-triglyceride,Caprylic/​Capric Triglyceride,no-take,215,False
F0113,5,euphorbia-cerifera-cera,Euphorbia Cerifera Cera (Euphorbia Cerifera (Candelilla) Wax),no-take,73,False
F0113,6,synthetic-wax,Synthetic Wax,no-take,176,False
F0113,7,cetyl-alcohol,Cetyl Alcohol,no-take,20,True
F0113,8,talc,Talc,no-take,35,False
F0113,9,copernicia-cerifera-wax,Copernicia Cerifera Cera (Copernicia Cerifera (Carnauba) Wax),no-take,67,False
F0113,10,butyrospermum-parkii-butter,Butyrospermum Parkii (Shea) Butter,goodie,149,False
F0113,11,tocopheryl-acetate,Tocopheryl Acetate,no-take,357,False
F0113,12,mangifera-indica-seed-oil,Mangifera Indica (Mango) Seed Oil,goodie,38,False
F0113,13,tocopherol,Tocopherol,goodie,289,False
F0113,14,portulaca-pilosa-extract,Portulaca Pilosa Extract,sin_calificacion,12,True
F0113,15,helianthus-annuus-seed-oil,Helianthus Annuus (Sunflower) Seed Oil,goodie,123,False
F0114,1,ricinus-communis-seed-oil,Ricinus Communis (Castor) Seed Oil,no-take,145,False
F0114,2,bis-diglyceryl-polyacyladipate-2,Bis-Diglyceryl Polyacyladipate-2,no-take,169,False
F0114,3,polyglyceryl-2-triisostearate,Polyglyceryl-2 Triisostearate,no-take,101,False
F0114,4,polybutene,Polybutene,no-take,212,False
F0114,5,tribehenin,Tribehenin,no-take,82,False
F0114,6,silica,Silica,no-take,267,False
F0114,7,butyrospermum-parkii-butter,Butyrospermum Parkii (Shea) Butter,goodie,149,False
F0114,8,caprylic-capric-triglyceride,Caprylic/​Capric Triglyceride,no-take,215,False
F0114,9,helianthus-annuus-seed-wax,Helianthus Annuus (Sunflower) Seed Wax,no-take,47,False
F0114,10,tocopherol,Tocopherol,goodie,289,False
F0114,11,cocos-nucifera-oil,Cocos Nucifera (Coconut) Oil,goodie,57,False
F0114,12,mangifera-indica-seed-oil,Mangifera Indica (Mango) Seed Butter,goodie,38,False
F0114,13,pentaerythrityl-tetra-di-t-butyl-hydroxyhydrocinnamate,Pentaerythrityl Tetra-Di-T-Butyl Hydroxyhydrocinnamate,no-take,222,False
F0114,14,ascorbyl-palmitate,Ascorbyl Palmitate,icky,67,False
F0114,15,psidium-guajava-fruit-extract,Psidium Guajava Fruit Extract,sin_calificacion,6,True
F0115,1,water,Aqua (Water),no-take,106,False
F0115,2,pentaerythrityl-tetraisostearate,Pentaerythrityl Tetraisostearate,no-take,100,False
F0115,3,diisostearyl-malate,Diisostearyl Malate,no-take,228,False
F0115,5,pentylene-glycol,Pentylene Glycol,no-take,26,True
F0115,7,polysilicone-11,Polysilicone-11,no-take,6,True
F0115,9,sodium-hyaluronate,Sodium Hyaluronate,goodie,132,False
F0115,10,tocopherol,Tocopherol,goodie,289,False
F0115,12,isohexadecane,Isohexadecane,no-take,18,True
F0115,13,ethylhexylglycerin,Ethylhexylglycerin,no-take,134,False
F0115,15,sorbitan-oleate,Sorbitan Oleate,no-take,13,True
F0116,1,ricinus-communis-seed-oil,Ricinus Communis (Castor) Seed Oil,no-take,145,False
F0116,2,polyglyceryl-2-isostearate-dimer-dilinoleate-copolymer,Polyglyceryl-2 Isostearate/​Dimer Dilinoleate Copolymer,no-take,27,True
F0116,3,silica-dimethyl-silylate,Silica Dimethyl Silylate,no-take,160,False
F0116,4,octyldodecanol,Octyldodecanol,no-take,208,False
F0116,5,parfum,Parfum (Fragrance),icky,331,False
F0116,6,simmondsia-chinensis-seed-oil,Simmondsia Chinensis (Jojoba) Seed Oil,goodie,134,False
F0116,7,tocopheryl-acetate,Tocopheryl Acetate,no-take,357,False
F0116,8,propylene-carbonate,Propylene Carbonate,no-take,95,False
F0116,9,vanillyl-butyl-ether,Vanillyl Butyl Ether,sin_calificacion,33,False
F0116,10,glyceryl-caprylate,Glyceryl Caprylate,no-take,20,True
F0116,11,pentaerythrityl-tetra-di-t-butyl-hydroxyhydrocinnamate,Pentaerythrityl Tetra-Di-T-Butyl Hydroxyhydrocinnamate,no-take,222,False
F0117,1,bis-behenyl-isostearyl-phytosteryl-dimer-dilinoleyl-dimer-dilinoleate,Bis-Behenyl/​Isostearyl/​Phytosteryl Dimer Dilinoleyl Dimer Dilinoleate,no-take,42,False
F0117,2,phytosteryl-octyldodecyl-lauroyl-glutamate,Phytosteryl/​Octyldodecyl Lauroyl Glutamate,goodie,16,True
F0117,3,pentaerythrityl-tetraethylhexanoate,Pentaerythrityl Tetraethylhexanoate,no-take,10,True
F0117,4,diisostearyl-malate,Diisostearyl Malate,no-take,228,False
F0117,5,caprylic-capric-triglyceride,Caprylic/​Capric Triglyceride,no-take,215,False
F0117,6,squalane,Squalane,goodie,82,False
F0117,7,isotridecyl-isononanoate,Isotridecyl Isononanoate,no-take,5,True
F0117,8,synthetic-wax,Synthetic Wax,no-take,176,False
F0117,9,ethylene-propylene-copolymer,Ethylene/​Propylene Copolymer,no-take,33,False
F0117,11,sorbitan-isostearate,Sorbitan Isostearate,no-take,86,False
F0117,12,lauryl-pca,Lauryl Pca,no-take,8,True
F0117,13,tocopheryl-acetate,Tocopheryl Acetate,no-take,357,False
F0117,14,parfum,Parfum (Fragrance),icky,331,False
F0117,15,silica,Silica,no-take,267,False
F0118,1,diisostearyl-malate,Diisostearyl Malate,no-take,228,False
F0118,2,hydrogenated-polydecene,Hydrogenated Polydecene,no-take,30,True
F0118,3,c20-24-alkyl-dimethicone,C20-24 Alkyl Dimethicone,no-take,6,True
F0118,4,cellulose,Cellulose,no-take,5,True
F0118,5,synthetic-wax,Synthetic Wax,no-take,176,False
F0118,6,octyldodecanol,Octyldodecanol,no-take,208,False
F0118,7,polybutene,Polybutene,no-take,212,False
F0118,8,jojoba-esters,Jojoba Esters,no-take,18,True
F0118,9,ethylene-propylene-copolymer,Ethylene/​Propylene Copolymer,no-take,33,False
F0118,10,bis-behenyl-isostearyl-phytosteryl-dimer-dilinoleyl-dimer-dilinoleate,Bis-Behenyl/​Isostearyl/​Phytosteryl Dimer Dilinoleyl Dimer Dilinoleate,no-take,42,False
F0118,11,polyglycerin-3,Polyglycerin-3,no-take,8,True
F0118,13,disteardimonium-hectorite,Disteardimonium Hectorite,no-take,82,False
F0118,14,squalane,Squalane,goodie,82,False
F0118,15,tocopheryl-acetate,Tocopheryl Acetate,no-take,357,False
F0119,1,hydrogenated-polydecene,Hydrogenated Polydecene,no-take,30,True
F0119,2,diisostearyl-malate,Diisostearyl Malate,no-take,228,False
F0119,3,c20-24-alkyl-dimethicone,C20-24 Alkyl Dimethicone,no-take,6,True
F0119,4,polybutene,Polybutene,no-take,212,False
F0119,5,synthetic-wax,Synthetic Wax,no-take,176,False
F0119,6,octyldodecanol,Octyldodecanol,no-take,208,False
F0119,7,bis-behenyl-isostearyl-phytosteryl-dimer-dilinoleyl-dimer-dilinoleate,Bis-Behenyl/​Isostearyl/​Phytosteryl Dimer Dilinoleyl Dimer Dilinoleate,no-take,42,False
F0119,8,jojoba-esters,Jojoba Esters,no-take,18,True
F0119,9,ethylene-propylene-copolymer,Ethylene/​Propylene Copolymer,no-take,33,False
F0119,10,polyglycerin-3,Polyglycerin-3,no-take,8,True
F0119,11,polymethylsilsesquioxane,Polymethylsilsesquioxane,no-take,8,True
F0119,13,disteardimonium-hectorite,Disteardimonium Hectorite,no-take,82,False
F0119,14,tocopheryl-acetate,Tocopheryl Acetate,no-take,357,False
F0120,1,caprylic-capric-triglyceride,Caprylic/​Capric Triglyceride,no-take,215,False
F0120,2,oleic-linoleic-linolenic-polyglycerides,Oleic/​Linoleic/​Linolenic Polyglycerides,goodie,15,True
F0120,3,polyglyceryl-2-isostearate-dimer-dilinoleate-copolymer,Polyglyceryl‑2 Isostearate/​Dimer Dilinoleate Copolymer,no-take,27,True
F0120,4,diisostearyl-malate,Diisostearyl Malate,no-take,228,False
F0120,5,castor-oil-ipdi-copolymer,Castor Oil/​IPDI Copolymer,no-take,5,True
F0120,6,dextrin-isostearate,Dextrin Isostearate,sin_calificacion,6,True
F0120,8,candelilla-cera,Candelilla Cera (Euphorbia Cerifera Wax),no-take,38,False
F0120,9,camellia-oleifera-seed-oil,Camellia Oleifera Seed Oil,goodie,18,True
F0120,10,glyceryl-behenate-eicosadioate,Glyceryl Behenate/​Eicosadioate,no-take,21,True
F0120,11,silica,Silica,no-take,267,False
F0120,13,isostearic-acid,Isostearic Acid,no-take,17,True
F0120,14,tocopherol,Tocopherol (Vitamin E),goodie,289,False
F0120,15,parfum,Parfum (Fragrance),icky,331,False
F0121,1,hydrogenated-polyisobutene,Hydrogenated Polyisobutene,no-take,165,False
F0121,2,dimethicone,Dimethicone,no-take,103,False
F0121,3,diisostearyl-malate,Diisostearyl Malate,no-take,228,False
F0121,4,polyethylene,Polyethylene,no-take,122,False
F0121,5,ethylene-propylene-copolymer,Ethylene/​Propylene Copolymer,no-take,33,False
F0121,6,hydrogenated-polydecene,Hydrogenated Polydecene,no-take,30,True
F0121,7,simmondsia-chinensis-seed-oil,Simmondsia Chinensis (Jojoba) Seed Oil,goodie,134,False
F0121,8,dimethicone-crosspolymer,Dimethicone Crosspolymer,no-take,30,True
F0121,9,isohexadecane,Isohexadecane,no-take,18,True
F0121,10,jojoba-esters,Jojoba Esters,no-take,18,True
F0121,11,disteardimonium-hectorite,Disteardimonium Hectorite,no-take,82,False
F0121,12,tocopheryl-acetate,Tocopheryl Acetate,no-take,357,False
F0121,13,phenoxyethanol,Phenoxyethanol,no-take,286,False
F0121,14,propylene-carbonate,Propylene Carbonate,no-take,95,False
F0121,15,peg-8,PEG-8,no-take,8,True
F0122,1,diphenyl-dimethicone,Diphenyl Dimethicone,no-take,6,True
F0122,2,octyldodecanol,Octyldodecanol,no-take,208,False
F0122,3,diisostearyl-malate,Diisostearyl Malate,no-take,228,False
F0122,5,synthetic-wax,Synthetic Wax,no-take,176,False
F0122,6,dextrin-isostearate,Dextrin Isostearate,sin_calificacion,6,True
F0122,7,ethylene-propylene-copolymer,Ethylene/​Propylene Copolymer,no-take,33,False
F0122,9,disteardimonium-hectorite,Disteardimonium Hectorite,no-take,82,False
F0122,10,propylene-carbonate,Propylene Carbonate,no-take,95,False
F0122,11,isostearic-acid,Isostearic Acid,no-take,17,True
F0122,12,silica,Silica,no-take,267,False
F0122,13,ethylhexyl-palmitate,Ethylhexyl Palmitate,no-take,205,False
F0122,14,alumina,Alumina,no-take,91,False
F0122,15,jojoba-esters,Jojoba Esters,no-take,18,True
F0123,1,isononyl-isononanoate,Isononyl Isononanoate,no-take,37,False
F0123,2,diisostearyl-malate,Diisostearyl Malate,no-take,228,False
F0123,5,octyldodecanol,Octyldodecanol,no-take,208,False
F0123,7,synthetic-wax,Synthetic Wax,no-take,176,False
F0123,8,cera-alba,Cera Alba (Beeswax),no-take,41,False
F0123,9,hydrogenated-castor-oil,Hydrogenated Castor Oil,no-take,55,False
F0123,10,ethylene-propylene-copolymer,Ethylene/​Propylene Copolymer,no-take,33,False
F0123,11,disteardimonium-hectorite,Disteardimonium Hectorite,no-take,82,False
F0123,12,propylene-carbonate,Propylene Carbonate,no-take,95,False
F0123,13,parfum,Parfum (Fragrance),icky,331,False
F0123,14,alumina,Alumina,no-take,91,False
F0123,15,prunus-amygdalus-dulcis-oil,Prunus Amygdalus Dulcis (Sweet Almond) Oil,goodie,66,False
F0124,1,isododecane,Isododecane,no-take,59,False
F0124,2,dimethicone,Dimethicone,no-take,103,False
F0124,3,diisostearyl-malate,Diisostearyl Malate,no-take,228,False
F0124,5,trimethylsiloxysilicate,Trimethylsiloxysilicate,no-take,48,False
F0124,6,synthetic-wax,Synthetic Wax,no-take,176,False
F0124,7,ethylene-propylene-copolymer,Ethylene/​Propylene Copolymer,no-take,33,False
F0124,8,1-2-hexanediol,"1,2-Hexanediol",no-take,28,True
F0124,9,disteardimonium-hectorite,Disteardimonium Hectorite,no-take,82,False
F0124,10,propylene-carbonate,Propylene Carbonate,no-take,95,False
F0124,11,parfum,Parfum (Fragrance),icky,331,False
F0124,12,talc,Talc,no-take,35,False
F0124,13,potassium-alum,Potassium Alum,no-take,5,True
F0124,14,tocopheryl-acetate,Tocopheryl Acetate,no-take,357,False
F0124,15,kaolin,Kaolin,goodie,40,False
F0125,1,diisostearyl-malate,Diisostearyl Malate,no-take,228,False
F0125,2,squalane,Squalane,goodie,82,False
F0125,3,bis-behenyl-isostearyl-phytosteryl-dimer-dilinoleyl-dimer-dilinoleate,Bis-Behenyl/​Isostearyl/​Phytosteryl Dimer Dilinoleyl Dimer Dilinoleate,no-take,42,False
F0125,4,phytosteryl-octyldodecyl-lauroyl-glutamate,Phytosteryl/​Octyldodecyl Lauroyl Glutamate,goodie,16,True
F0125,5,hydrogenated-coconut-oil,Hydrogenated Coconut Oil,no-take,9,True
F0125,6,caprylic-capric-triglyceride,Caprylic/​Capric Triglyceride,no-take,215,False
F0125,7,sucrose-tetrastearate-triacetate,Sucrose Tetrastearate Triacetate,no-take,22,True
F0125,8,isotridecyl-isononanoate,Isotridecyl Isononanoate,no-take,5,True
F0125,9,synthetic-wax,Synthetic Wax,no-take,176,False
F0125,10,pentaerythrityl-tetraethylhexanoate,Pentaerythrityl Tetraethylhexanoate,no-take,10,True
F0125,11,ethylene-propylene-copolymer,Ethylene/​Propylene Copolymer,no-take,33,False
F0125,12,sorbitan-isostearate,Sorbitan Isostearate,no-take,86,False
F0125,14,lauryl-pca,Lauryl Pca,no-take,8,True
F0125,15,tocopheryl-acetate,Tocopheryl Acetate,no-take,357,False
F0126,2,isononyl-isononanoate,Isononyl Isononanoate,no-take,37,False
F0126,3,diisostearyl-malate,Diisostearyl Malate,no-take,228,False
F0126,4,synthetic-wax,Synthetic Wax,no-take,176,False
F0126,5,polymethylsilsesquioxane,Polymethylsilsesquioxane,no-take,8,True
F0126,6,jojoba-esters,Jojoba Esters,no-take,18,True
F0126,7,hydrogenated-castor-oil,Hydrogenated Castor Oil,no-take,55,False
F0126,8,ethylene-propylene-copolymer,Ethylene/​Propylene Copolymer,no-take,33,False
F0126,9,ethylhexyl-palmitate,Ethylhexyl Palmitate,no-take,205,False
F0126,10,aluminum-starch-octenylsuccinate,Aluminum Starch Octenylsuccinate,no-take,12,True
F0126,11,butyrospermum-parkii-butter,Butyrospermum Parkii (Shea) Butter,goodie,149,False
F0126,12,stearalkonium-hectorite,Stearalkonium Hectorite,no-take,26,True
F0126,13,tribehenin,Tribehenin,no-take,82,False
F0126,14,tocopheryl-acetate,Tocopheryl Acetate,no-take,357,False
F0126,15,propylene-carbonate,Propylene Carbonate,no-take,95,False
F0127,1,octyldodecanol,Octyldodecanol,no-take,208,False
F0127,2,bis-behenyl-isostearyl-phytosteryl-dimer-dilinoleyl-dimer-dilinoleate,Bis-Behenyl/​Isostearyl/​Phytosteryl Dimer Dilinoleyl Dimer Dilinoleate,no-take,42,False
F0127,4,c10-30-cholesterol-lanosterol-esters,C10-30 Cholesterol/​Lanosterol Esters,goodie,10,True
F0127,5,pentaerythrityl-adipate-caprate-caprylate-heptanoate,Pentaerythrityl Adipate/​Caprate/​Caprylate/​Heptanoate,no-take,8,True
F0127,6,squalane,Squalane,goodie,82,False
F0127,7,synthetic-wax,Synthetic Wax,no-take,176,False
F0127,8,polyglyceryl-2-triisostearate,Polyglyceryl-2 Triisostearate,no-take,101,False
F0127,9,ethylene-propylene-copolymer,Ethylene/​Propylene Copolymer,no-take,33,False
F0127,10,jojoba-esters,Jojoba Esters,no-take,18,True
F0127,11,butyrospermum-parkii-butter,Butyrospermum Parkii (Shea) Butter,goodie,149,False
F0127,12,disteardimonium-hectorite,Disteardimonium Hectorite,no-take,82,False
F0127,13,lauryl-pca,Lauryl Pca,no-take,8,True
F0127,14,olea-europaea-fruit-oil,Olea Europaea (Olive) Fruit Oil,goodie,16,True
F0128,1,dimethicone,Dimethicone,no-take,103,False
F0128,2,diisostearyl-malate,Diisostearyl Malate,no-take,228,False
F0128,3,dimethicone-crosspolymer,Dimethicone Crosspolymer,no-take,30,True
F0128,4,isononyl-isononanoate,Isononyl Isononanoate,no-take,37,False
F0128,5,phenoxyethanol,Phenoxyethanol,no-take,286,False
F0128,6,tocopheryl-acetate,Tocopheryl Acetate,no-take,357,False
F0128,7,alumina,Alumina,no-take,91,False
F0128,8,parfum,Parfum (Fragrance),icky,331,False
F0128,9,talc,Talc,no-take,35,False
F0128,10,potassium-alum,Potassium Alum,no-take,5,True
F0128,11,silica,Silica,no-take,267,False
F0128,12,kaolin,Kaolin,goodie,40,False
F0128,13,caesalpinia-sappan-bark-extract,Caesalpinia Sappan Bark Extract,sin_calificacion,5,True
F0129,1,pentaerythrityl-adipate-caprate-caprylate-heptanoate,Pentaerythrityl Adipate/​Caprate/​Caprylate/​Heptanoate,no-take,8,True
F0129,2,octyldodecanol,Octyldodecanol,no-take,208,False
F0129,3,hydrogenated-polyisobutene,Hydrogenated Polyisobutene,no-take,165,False
F0129,4,octyldodecyl-neopentanoate,Octyldodecyl Neopentanoate,no-take,18,True
F0129,5,synthetic-wax,Synthetic Wax,no-take,176,False
F0129,7,polyglyceryl-2-triisostearate,Polyglyceryl-2 Triisostearate,no-take,101,False
F0129,8,ethylene-propylene-copolymer,Ethylene/​Propylene Copolymer,no-take,33,False
F0129,9,hydrogenated-coconut-oil,Hydrogenated Coconut Oil,no-take,9,True
F0129,10,disteardimonium-hectorite,Disteardimonium Hectorite,no-take,82,False
F0129,11,dimethicone,Dimethicone,no-take,103,False
F0129,12,tocopheryl-acetate,Tocopheryl Acetate,no-take,357,False
F0129,13,propylene-carbonate,Propylene Carbonate,no-take,95,False
F0129,14,hydrogenated-castor-oil,Hydrogenated Castor Oil,no-take,55,False
F0129,15,aluminum-hydroxide,Aluminum Hydroxide,no-take,112,False
F0130,1,caprylic-capric-triglyceride,Caprylic/​Capric Triglyceride,no-take,215,False
F0130,2,oleic-linoleic-linolenic-polyglycerides,Oleic/​Linoleic/​Linolenic Polyglycerides,goodie,15,True
F0130,3,polyglyceryl-2-isostearate-dimer-dilinoleate-copolymer,Polyglyceryl-2 Isostearate/​Dimer Dilinoleate Copolymer,no-take,27,True
F0130,4,diisostearyl-malate,Diisostearyl Malate,no-take,228,False
F0130,5,castor-oil-ipdi-copolymer,Castor Oil/​Ipdi Copolymer,no-take,5,True
F0130,6,dextrin-isostearate,Dextrin Isostearate,sin_calificacion,6,True
F0130,8,candelilla-cera,Candelilla Cera (Euphorbia Cerifera (Candelilla) Wax),no-take,38,False
F0130,9,camellia-oleifera-seed-oil,Camellia Oleifera Seed Oil,goodie,18,True
F0130,10,glyceryl-behenate-eicosadioate,Glyceryl Behenate/​Eicosadioate,no-take,21,True
F0130,11,silica,Silica,no-take,267,False
F0130,13,isostearic-acid,Isostearic Acid,no-take,17,True
F0130,14,tocopherol,Tocopherol,goodie,289,False
F0130,15,parfum,Parfum (Fragrance),icky,331,False
F0131,1,diisostearyl-malate,Diisostearyl Malate,no-take,228,False
F0131,2,hydrogenated-polydecene,Hydrogenated Polydecene,no-take,30,True
F0131,3,c20-24-alkyl-dimethicone,C20-24 Alkyl Dimethicone,no-take,6,True
F0131,4,synthetic-wax,Synthetic Wax,no-take,176,False
F0131,5,octyldodecanol,Octyldodecanol,no-take,208,False
F0131,6,polybutene,Polybutene,no-take,212,False
F0131,7,vp-hexadecene-copolymer,VP/​Hexadecene Copolymer,no-take,45,False
F0131,8,bis-behenyl-isostearyl-phytosteryl-dimer-dilinoleyl-dimer-dilinoleate,Bis-Behenyl/​Isostearyl/​Phytosteryl Dimer Dilinoleyl Dimer Dilinoleate,no-take,42,False
F0131,9,jojoba-esters,Jojoba Esters,no-take,18,True
F0131,10,ethylene-propylene-copolymer,Ethylene/​Propylene Copolymer,no-take,33,False
F0131,11,polymethylsilsesquioxane,Polymethylsilsesquioxane,no-take,8,True
F0131,12,polyglycerin-3,Polyglycerin-3,no-take,8,True
F0131,13,disteardimonium-hectorite,Disteardimonium Hectorite,no-take,82,False
F0131,14,tocopheryl-acetate,Tocopheryl Acetate,no-take,357,False
F0132,2,diisostearyl-malate,Diisostearyl Malate,no-take,228,False
F0132,3,polybutene,Polybutene,no-take,212,False
F0132,4,vegetable-oil,Olus (Vegetable) Oil,no-take,14,True
F0132,5,limnanthes-alba-seed-oil,Limnanthes Alba (Meadowfoam) Seed Oil,goodie,36,False
F0132,6,simmondsia-chinensis-seed-oil,Simmondsia Chinensis (Jojoba) Seed Oil,goodie,134,False
F0132,7,jojoba-esters,Jojoba Esters,no-take,18,True
F0132,8,aluminum-starch-octenylsuccinate,Aluminum Starch Octenylsuccinate,no-take,12,True
F0132,9,butyrospermum-parkii-butter,Butyrospermum Parkii (Shea) Butter,goodie,149,False
F0132,10,glyceryl-behenate-eicosadioate,Glyceryl Behenate/​Eicosadioate,no-take,21,True
F0132,11,glycerin,Glycerin,superstar,102,False
F0132,12,synthetic-wax,Synthetic Wax,no-take,176,False
F0132,13,nylon-12,Nylon-12,no-take,9,True
F0132,15,oryza-sativa-cera,Oryza Sativa Cera (Oryza Sativa (Rice) Bran Wax),no-take,7,True
F0133,1,polybutene,Polybutene,no-take,212,False
F0133,3,c10-30-cholesterol-lanosterol-esters,C10-30 Cholesterol/​Lanosterol Esters,goodie,10,True
F0133,4,diisostearyl-malate,Diisostearyl Malate,no-take,228,False
F0133,5,bis-diglyceryl-polyacyladipate-2,Bis-Diglyceryl Polyacyladipate-2,no-take,169,False
F0133,6,octyldodecanol,Octyldodecanol,no-take,208,False
F0133,7,silica-dimethyl-silylate,Silica Dimethyl Silylate,no-take,160,False
F0133,8,glyceryl-behenate-eicosadioate,Glyceryl Behenate/​Eicosadioate,no-take,21,True
F0133,10,tocopheryl-acetate,Tocopheryl Acetate,no-take,357,False
F0133,11,phenoxyethanol,Phenoxyethanol,no-take,286,False
F0133,12,silica,Silica,no-take,267,False
F0133,13,ethylhexyl-palmitate,Ethylhexyl Palmitate,no-take,205,False
F0133,14,hydrogenated-coconut-oil,Hydrogenated Coconut Oil,no-take,9,True
F0133,15,jojoba-esters,Jojoba Esters,no-take,18,True
F0134,1,oleic-linoleic-linolenic-polyglycerides,Oleic/​Linoleic/​Linolenic Polyglycerides,goodie,15,True
F0134,2,pentaerythrityl-tetraisostearate,Pentaerythrityl Tetraisostearate,no-take,100,False
F0134,3,helianthus-annuus-seed-oil,Helianthus Annuus (Sunflower) Seed Oil,goodie,123,False
F0134,4,hydrogenated-polyisobutene,Hydrogenated Polyisobutene,no-take,165,False
F0134,5,caprylic-capric-triglyceride,Caprylic/​Capric Triglyceride,no-take,215,False
F0134,7,isopropyl-myristate,Isopropyl Myristate,no-take,19,True
F0134,8,isopropyl-palmitate,Isopropyl Palmitate,no-take,5,True
F0134,9,camellia-oleifera-seed-oil,Camellia Oleifera Seed Oil,goodie,18,True
F0134,11,ethyl-vanillin,Ethyl Vanillin,no-take,38,False
F0134,14,glycerin,Glycerin,superstar,102,False
F0134,15,silica-dimethyl-silylate,Silica Dimethyl Silylate,no-take,160,False
F0135,1,cyclopentasiloxane,Cyclopentasiloxane,no-take,7,True
F0135,2,synthetic-wax,Synthetic Wax,no-take,176,False
F0135,3,isododecane,Isododecane,no-take,59,False
F0135,4,polybutene,Polybutene,no-take,212,False
F0135,6,ceresin,Ceresin,no-take,12,True
F0135,7,ozokerite,Ozokerite,no-take,42,False
F0135,8,microcrystalline-wax,Microcrystalline Wax/​Cera Microcristallina/​Cire Microcristalline,no-take,140,False
F0135,9,ethylhexyl-palmitate,Ethylhexyl Palmitate,no-take,205,False
F0135,10,simmondsia-chinensis-seed-oil,Simmondsia Chinensis (Jojoba) Seed Oil,goodie,134,False
F0135,11,tocopherol,Tocopherol,goodie,289,False
F0135,12,ascorbyl-palmitate,Ascorbyl Palmitate,icky,67,False
F0135,13,silica-dimethyl-silylate,Silica Dimethyl Silylate,no-take,160,False
F0135,14,butylene-glycol,Butylene Glycol,no-take,61,False
F0135,15,caprylyl-glycol,Caprylyl Glycol,no-take,167,False
F0136,1,tridecyl-trimellitate,Tridecyl Trimellitate,no-take,126,False
F0136,2,octyldodecanol,Octyldodecanol,no-take,208,False
F0136,4,tocopheryl-acetate,Tocopheryl Acetate,no-take,357,False
F0136,5,dibutyl-lauroyl-glutamide,Dibutyl Lauroyl Glutamide,no-take,13,True
F0136,6,dibutyl-ethylhexanoyl-glutamide,Dibutyl Ethylhexanoyl Glutamide,no-take,18,True
F0136,9,parfum,Parfum (Fragrance),icky,331,False
F0136,10,pentaerythrityl-tetra-di-t-butyl-hydroxyhydrocinnamate,Pentaerythrityl Tetra-Di-T-Butyl Hydroxyhydrocinnamate,no-take,222,False
F0136,11,butylene-glycol,Butylene Glycol,no-take,61,False
F0136,12,citric-acid,Citric Acid,no-take,85,False
F0136,13,linalool,Linalool,icky,91,False
F0136,14,geraniol,Geraniol,icky,43,False
F0136,15,citronellol,Citronellol,icky,45,False
F0137,1,neopentyl-glycol-dicaprylate-dicaprate,Neopentyl Glycol Dicaprylate/​Dicaprate,no-take,5,True
F0137,2,trimethylolpropane-triisostearate,Trimethylolpropane Triisostearate,no-take,34,False
F0137,3,dimethicone,Dimethicone,no-take,103,False
F0137,4,microcrystalline-wax,Microcrystalline Wax/​Cera Microcristallina/​Cire Microcristalline,no-take,140,False
F0137,5,polyethylene,Polyethylene,no-take,122,False
F0137,6,polybutene,Polybutene,no-take,212,False
F0137,7,dimethicone-crosspolymer,Dimethicone Crosspolymer,no-take,30,True
F0137,8,silica,Silica,no-take,267,False
F0137,9,ethyl-vanillin,Ethyl Vanillin,no-take,38,False
F0137,10,caprylic-capric-triglyceride,Caprylic/​Capric Triglyceride,no-take,215,False
F0137,11,tocopherol,Tocopherol,goodie,289,False
F0137,12,carthamus-tinctorius-seed-oil,Carthamus Tinctorius (Safflower) Seed Oil,goodie,17,True
F0137,14,pentaerythrityl-tetra-di-t-butyl-hydroxyhydrocinnamate,Pentaerythrityl Tetra-Di-T-Butyl Hydroxyhydrocinnamate,no-take,222,False
F0138,1,polybutene,Polybutene,no-take,212,False
F0138,2,hydrogenated-polydecene,Hydrogenated Polydecene,no-take,30,True
F0138,3,caprylic-capric-triglyceride,Caprylic/​Capric Triglyceride,no-take,215,False
F0138,5,diisostearyl-malate,Diisostearyl Malate,no-take,228,False
F0138,6,hydrogenated-styrene-isoprene-copolymer,Hydrogenated Styrene/​Isoprene Copolymer,no-take,44,False
F0138,7,silica-silylate,Silica Silylate,no-take,26,True
F0138,8,dicalcium-phosphate,Dicalcium Phosphate,no-take,50,False
F0138,9,methyl-diisopropyl-propionamide,Methyl Diisopropyl Propionamide,no-take,6,True
F0138,10,helianthus-annuus-seed-oil,Helianthus Annuus (Sunflower) Seed Oil,goodie,123,False
F0138,11,ethylhexyl-palmitate,Ethylhexyl Palmitate,no-take,205,False
F0138,12,ethyl-vanillin,Ethyl Vanillin,no-take,38,False
F0138,13,tocopheryl-acetate,Tocopheryl Acetate,no-take,357,False
F0138,14,pentaerythrityl-tetra-di-t-butyl-hydroxyhydrocinnamate,Pentaerythrityl Tetra-Di-T-Butyl Hydroxyhydrocinnamate,no-take,222,False
F0138,15,caprylyl-glycol,Caprylyl Glycol,no-take,167,False
F0139,1,octyldodecanol,Octyldodecanol,no-take,208,False
F0139,2,polybutene,Polybutene,no-take,212,False
F0139,3,pentaerythrityl-tetraisostearate,Pentaerythrityl Tetraisostearate,no-take,100,False
F0139,4,ethylene-propylene-copolymer,Ethylene/​Propylene Copolymer,no-take,33,False
F0139,5,caprylic-capric-triglyceride,Caprylic/​Capric Triglyceride,no-take,215,False
F0139,6,vp-hexadecene-copolymer,VP/​Hexadecene Copolymer,no-take,45,False
F0139,7,diisostearyl-malate,Diisostearyl Malate,no-take,228,False
F0139,8,silica,Silica,no-take,267,False
F0139,9,dicalcium-phosphate,Dicalcium Phosphate,no-take,50,False
F0139,10,hydrogenated-styrene-methylstyrene-indene-copolymer,Hydrogenated Styrene/​Methylstyrene/​Indene Copolymer,no-take,12,True
F0139,11,ozokerite,Ozokerite,no-take,42,False
F0139,12,stearalkonium-bentonite,Stearalkonium Bentonite,no-take,8,True
F0139,13,propylene-carbonate,Propylene Carbonate,no-take,95,False
F0139,14,pentaerythrityl-tetra-di-t-butyl-hydroxyhydrocinnamate,Pentaerythrityl Tetra-Di-T-Butyl Hydroxyhydrocinnamate,no-take,222,False
F0139,15,crambe-abyssinica-seed-oil,Crambe Abyssinica Seed Oil,goodie,6,True
F0140,1,polybutene,Polybutene,no-take,212,False
F0140,2,diisostearyl-malate,Diisostearyl Malate,no-take,228,False
F0140,3,hydrogenated-polyisobutene,Hydrogenated Polyisobutene,no-take,165,False
F0140,4,polyethylene,Polyethylene,no-take,122,False
F0140,5,vp-hexadecene-copolymer,VP/​Hexadecene Copolymer,no-take,45,False
F0140,6,microcrystalline-wax,Microcrystalline Wax/​Cera Microcristallina/​Cire Microcristalline,no-take,140,False
F0140,7,ethyl-vanillin,Ethyl Vanillin,no-take,38,False
F0140,8,pentaerythrityl-tetra-di-t-butyl-hydroxyhydrocinnamate,Pentaerythrityl Tetra-Di-T-Butyl Hydroxyhydrocinnamate,no-take,222,False
F0140,9,phospholipids,Phospholipids,goodie,6,True
F0140,10,limonene,Limonene,icky,138,False
F0140,11,aroma,Aroma (Flavor),sin_calificacion,150,False
F0140,12,hyaluronic-acid,Hyaluronic Acid,goodie,5,True
F0140,14,sodium-chondroitin-sulfate,Sodium Chondroitin Sulfate,goodie,11,True
F0140,15,tocopherol,Tocopherol,goodie,289,False
F0141,1,diisostearyl-malate,Diisostearyl Malate,no-take,228,False
F0141,2,trimethylolpropane-triisostearate,Trimethylolpropane Triisostearate,no-take,34,False
F0141,3,hydrogenated-polyisobutene,Hydrogenated Polyisobutene,no-take,165,False
F0141,4,cera-alba,Cera Alba/​Beeswax/​Cire D'Abeille,no-take,41,False
F0141,5,caprylic-capric-triglyceride,Caprylic/​Capric Triglyceride,no-take,215,False
F0141,6,silica-dimethyl-silylate,Silica Dimethyl Silylate,no-take,160,False
F0141,7,microcrystalline-wax,Microcrystalline Wax/​Cera Microcristallina/​Cire Microcristalline,no-take,140,False
F0141,8,polyethylene,Polyethylene,no-take,122,False
F0141,9,stearalkonium-bentonite,Stearalkonium Bentonite,no-take,8,True
F0141,13,paraffin,Paraffin,no-take,37,False
F0142,1,octyldodecanol,Octyldodecanol,no-take,208,False
F0142,2,polybutene,Polybutene,no-take,212,False
F0142,3,pentaerythrityl-tetraisostearate,Pentaerythrityl Tetraisostearate,no-take,100,False
F0142,4,polyethylene,Polyethylene,no-take,122,False
F0142,5,caprylic-capric-triglyceride,Caprylic/​Capric Triglyceride,no-take,215,False
F0142,6,vp-hexadecene-copolymer,VP/​Hexadecene Copolymer,no-take,45,False
F0142,7,dicalcium-phosphate,Dicalcium Phosphate,no-take,50,False
F0142,8,diisostearyl-malate,Diisostearyl Malate,no-take,228,False
F0142,9,silica,Silica,no-take,267,False
F0142,10,hydrogenated-styrene-methylstyrene-indene-copolymer,Hydrogenated Styrene/​Methylstyrene/​Indene Copolymer,no-take,12,True
F0142,11,ozokerite,Ozokerite,no-take,42,False
F0142,12,stearalkonium-bentonite,Stearalkonium Bentonite,no-take,8,True
F0142,14,propylene-carbonate,Propylene Carbonate,no-take,95,False
F0142,15,pentaerythrityl-tetra-di-t-butyl-hydroxyhydrocinnamate,Pentaerythrityl Tetra-Di-T-Butyl Hydroxyhydrocinnamate,no-take,222,False
F0143,1,neopentyl-glycol-dicaprylate-dicaprate,Neopentyl Glycol Dicaprylate/​Dicaprate,no-take,5,True
F0143,2,trimethylolpropane-triisostearate,Trimethylolpropane Triisostearate,no-take,34,False
F0143,3,dimethicone,Dimethicone,no-take,103,False
F0143,4,cera-microcrystalline,Cera Microcristallina/​Microcrystalline Wax/​Cire Microcristalline,sin_calificacion,11,True
F0143,5,polyethylene,Polyethylene,no-take,122,False
F0143,6,polybutene,Polybutene,no-take,212,False
F0143,7,dimethicone-crosspolymer,Dimethicone Crosspolymer,no-take,30,True
F0143,8,silica,Silica,no-take,267,False
F0143,9,caprylic-capric-triglyceride,Caprylic/​Capric Triglyceride,no-take,215,False
F0143,10,dicalcium-phosphate,Dicalcium Phosphate,no-take,50,False
F0143,11,tocopheryl-acetate,Tocopheryl Acetate,no-take,357,False
F0143,12,carthamus-tinctorius-seed-oil,Carthamus Tinctorius (Safflower) Seed Oil,goodie,17,True
F0143,14,pentaerythrityl-tetra-di-t-butyl-hydroxyhydrocinnamate,Pentaerythrityl Tetra-Di-T-Butyl Hydroxyhydrocinnamate,no-take,222,False
F0144,1,neopentyl-glycol-dicaprylate-dicaprate,Neopentyl Glycol Dicaprylate/​Dicaprate,no-take,5,True
F0144,2,trimethylolpropane-triisostearate,Trimethylolpropane Triisostearate,no-take,34,False
F0144,3,dimethicone,Dimethicone,no-take,103,False
F0144,4,microcrystalline-wax,Cera Microcristallina (Microcrystalline Wax/​Cire Microcrystalline),no-take,140,False
F0144,5,polyethylene,Polyethylene,no-take,122,False
F0144,6,polybutene,Polybutene,no-take,212,False
F0144,7,dimethicone-crosspolymer,Dimethicone Crosspolymer,no-take,30,True
F0144,8,silica,Silica,no-take,267,False
F0144,9,dicalcium-phosphate,Dicalcium Phosphate,no-take,50,False
F0144,10,ethyl-vanillin,Ethyl Vanillin,no-take,38,False
F0144,11,caprylic-capric-triglyceride,Caprylic/​Capric Triglyceride,no-take,215,False
F0144,12,tocopherol,Tocopherol,goodie,289,False
F0144,13,carthamus-tinctorius-seed-oil,Carthamus Tinctorius (Safflower) Seed Oil,goodie,17,True
F0144,15,pentaerythrityl-tetra-di-t-butyl-hydroxyhydrocinnamate,Pentaerythrityl Tetra-Di-T-Butyl Hydroxyhydrocinnamate,no-take,222,False
F0145,1,polybutene,Polybutene,no-take,212,False
F0145,2,octyldodecanol,Octyldodecanol,no-take,208,False
F0145,3,hydrogenated-polyisobutene,Hydrogenated Polyisobutene,no-take,165,False
F0145,4,silica-dimethyl-silylate,Silica Dimethyl Silylate,no-take,160,False
F0145,5,vp-hexadecene-copolymer,VP/​Hexadecene Copolymer,no-take,45,False
F0145,6,hydrogenated-styrene-isoprene-copolymer,Hydrogenated Styrene/​Isoprene Copolymer,no-take,44,False
F0145,7,isohexadecane,Isohexadecane,no-take,18,True
F0145,8,caprylic-capric-triglyceride,Caprylic/​Capric Triglyceride,no-take,215,False
F0145,9,tocopheryl-acetate,Tocopheryl Acetate,no-take,357,False
F0145,10,pentaerythrityl-tetra-di-t-butyl-hydroxyhydrocinnamate,Pentaerythrityl Tetra-Di-T-Butyl Hydroxyhydrocinnamate,no-take,222,False
F0145,11,ethylene-propylene-styrene-copolymer,Ethylene/​Propylene/​Styrene Copolymer,no-take,70,False
F0145,12,butylene-ethylene-styrene-copolymer,Butylene/​Ethylene/​Styrene Copolymer,no-take,68,False
F0145,13,ethyl-vanillin,Ethyl Vanillin,no-take,38,False
F0145,14,phenoxyethanol,Phenoxyethanol,no-take,286,False
F0145,15,sodium-hyaluronate,Sodium Hyaluronate,goodie,132,False
F0146,1,polybutene,Polybutene,no-take,212,False
F0146,2,isocetyl-stearate,Isocetyl Stearate,no-take,5,True
F0146,3,trimethylolpropane-triisostearate,Trimethylolpropane Triisostearate,no-take,34,False
F0146,4,diisostearyl-malate,Diisostearyl Malate,no-take,228,False
F0146,5,silica-dimethyl-silylate,Silica Dimethyl Silylate,no-take,160,False
F0146,7,aroma,Aroma (Flavor),sin_calificacion,150,False
F0146,9,dicalcium-phosphate,Dicalcium Phosphate,no-take,50,False
F0147,1,diisostearyl-malate,Diisostearyl Malate,no-take,228,False
F0147,2,bis-behenyl-isostearyl-phytosteryl-dimer-dilinoleyl-dimer-dilinoleate,Bis-Behenyl/​Isostearyl/​Phytosteryl Dimer Dilinoleyl Dimer Dilinoleate,no-take,42,False
F0147,3,bis-diglyceryl-polyacyladipate-2,Bis-Diglyceryl Polyacyladipate-2,no-take,169,False
F0147,4,hydrogenated-polyisobutene,Hydrogenated Polyisobutene,no-take,165,False
F0147,5,ceresin,Ceresin,no-take,12,True
F0147,6,octyldodecanol,Octyldodecanol,no-take,208,False
F0147,7,synthetic-wax,Synthetic Wax,no-take,176,False
F0147,8,pentaerythrityl-tetraisostearate,Pentaerythrityl Tetraisostearate,no-take,100,False
F0147,9,1-2-hexanediol,"1,2-Hexanediol",no-take,28,True
F0147,10,disteardimonium-hectorite,Disteardimonium Hectorite,no-take,82,False
F0147,11,sodium-hyaluronate,Sodium Hyaluronate,goodie,132,False
F0147,12,passiflora-edulis-seed-oil,Passiflora Edulis (Passion Fruit) Seed Oil,goodie,15,True
F0147,13,theobroma-grandiflorum-seed-butter,Theobroma Grandiflorum (Cupuacu) Seed Butter,sin_calificacion,8,True
F0147,14,palmitoyl-hexapeptide-12,Palmitoyl Hexapeptide-12,goodie,12,True
F0147,15,parfum,Parfum (Fragrance),icky,331,False
F0148,1,polybutene,Polybutene,no-take,212,False
F0148,2,octyldodecanol,Octyldodecanol,no-take,208,False
F0148,4,diisostearyl-malate,Diisostearyl Malate,no-take,228,False
F0148,5,pentaerythrityl-tetraisostearate,Pentaerythrityl Tetraisostearate,no-take,100,False
F0148,6,bis-diglyceryl-polyacyladipate-2,Bis-Diglyceryl Polyacyladipate-2,no-take,169,False
F0148,7,c18-36-acid-triglyceride,C18-36 Acid Triglyceride,no-take,10,True
F0148,8,water,Aqua/​Water/​Eau,no-take,106,False
F0148,9,stearalkonium-hectorite,Stearalkonium Hectorite,no-take,26,True
F0148,10,cetearyl-ethylhexanoate,Cetearyl Ethylhexanoate,no-take,14,True
F0148,11,ethylhexyl-palmitate,Ethylhexyl Palmitate,no-take,205,False
F0148,12,menthol,Menthol,icky,47,False
F0148,13,propylene-carbonate,Propylene Carbonate,no-take,95,False
F0148,14,cocos-nucifera-oil,Cocos Nucifera (Coconut) Oil,goodie,57,False
F0148,15,mentha-piperita-oil,Mentha Piperita (Peppermint) Oil,icky,16,True
F0149,1,dimethicone,Dimethicone,no-take,103,False
F0149,2,diisostearyl-malate,Diisostearyl Malate,no-take,228,False
F0149,3,octyldodecanol,Octyldodecanol,no-take,208,False
F0149,4,polyethylene,Polyethylene,no-take,122,False
F0149,5,lauroyl-lysine,Lauroyl Lysine,no-take,16,True
F0149,6,aluminum-starch-octenylsuccinate,Aluminum Starch Octenylsuccinate,no-take,12,True
F0149,7,microcrystalline-wax,Microcrystalline Wax\Cera Microcristallina\Cire Microcristalline,no-take,140,False
F0149,8,dimethicone-crosspolymer,Dimethicone Crosspolymer,no-take,30,True
F0149,9,isostearyl-alcohol,Isostearyl Alcohol,no-take,5,True
F0149,10,octyldodecyl-neopentanoate,Octyldodecyl Neopentanoate,no-take,18,True
F0149,11,candelilla-cera,Euphorbia Cerifera (Candelilla) Wax\Candelilla Cera\Cire De Candelilla,no-take,38,False
F0149,12,caprylyl-glycol,Caprylyl Glycol,no-take,167,False
F0149,13,hydrogenated-castor-oil,Hydrogenated Castor Oil,no-take,55,False
F0149,14,disteardimonium-hectorite,Disteardimonium Hectorite,no-take,82,False
F0149,15,propylene-carbonate,Propylene Carbonate,no-take,95,False
F0150,1,octyldodecanol,Octyldodecanol,no-take,208,False
F0150,2,pentaerythrityl-adipate-caprate-caprylate-heptanoate,Pentaerythrityl Adipate/​Caprate/​Caprylate/​Heptanoate,no-take,8,True
F0150,3,petrolatum,Petrolatum,goodie,33,False
F0150,4,bis-diglyceryl-polyacyladipate-2,Bis-Diglyceryl Polyacyladipate-2,no-take,169,False
F0150,5,polyethylene,Polyethylene,no-take,122,False
F0150,8,silica,Silica,no-take,267,False
F0150,9,polybutene,Polybutene,no-take,212,False
F0150,10,microcrystalline-wax,Microcrystalline Wax\Cera Microcristallina\Cire Microcristalline,no-take,140,False
F0150,11,water,Water\Aqua\Eau,no-take,106,False
F0150,12,triticum-vulgare-germ-extract,Triticum Vulgare (Wheat) Germ Extract,goodie,7,True
F0150,14,theobroma-grandiflorum-seed-butter,Theobroma Grandiflorum Seed Butter,sin_calificacion,8,True
F0150,15,coffea-arabica-seed-extract,Coffea Arabica (Coffee) Seed Extract,sin_calificacion,6,True
F0151,1,ricinus-communis-seed-oil,Ricinus Communis (Castor) Seed Oil,no-take,145,False
F0151,2,vegetable-oil,Vegetable Oil\Olus\Huile Végétale,no-take,14,True
F0151,3,caprylic-capric-triglyceride,Caprylic/​Capric Triglyceride,no-take,215,False
F0151,4,candelilla-cera,Euphorbia Cerifera (Candelilla) Wax\Candelilla Cera\Cire De Candelilla,no-take,38,False
F0151,5,cera-alba,Beeswax\Cera Alba\Cire D'Abeille,no-take,41,False
F0151,6,ozokerite,Ozokerite,no-take,42,False
F0151,7,hydrogenated-vegetable-oil,Hydrogenated Vegetable Oil,no-take,26,True
F0151,8,butyrospermum-parkii-butter,Butyrospermum Parkii (Shea Butter),goodie,149,False
F0151,9,simmondsia-chinensis-seed-oil,Simmondsia Chinensis (Jojoba) Seed Oil,goodie,134,False
F0151,10,tocopherol,Tocopherol,goodie,289,False
F0151,12,mangifera-indica-seed-oil,Mangifera Indica (Mango) Seed Butter,goodie,38,False
F0151,13,limnanthes-alba-seed-oil,Limnanthes Alba (Meadowfoam) Seed Oil,goodie,36,False
F0151,15,glycine-soja-oil,Glycine Soja (Soybean) Oil,goodie,41,False
F0152,1,petrolatum,Petrolatum,goodie,33,False
F0152,2,polybutene,Polybutene,no-take,212,False
F0152,3,polyglyceryl-2-triisostearate,Polyglyceryl-2 Triisostearate,no-take,101,False
F0152,4,hydrogenated-polyisobutene,Hydrogenated Polyisobutene,no-take,165,False
F0152,5,tocopheryl-acetate,Tocopheryl Acetate,no-take,357,False
F0152,7,vp-hexadecene-copolymer,Vp/​Hexadecene Copolymer,no-take,45,False
F0152,8,silica,Silica,no-take,267,False
F0152,9,hydrogenated-castor-oil,Hydrogenated Castor Oil,no-take,55,False
F0152,10,ppg-51-smdi-copolymer,PPG-51/​Smdi Copolymer,sin_calificacion,5,True
F0152,12,ceramide-ng,Ceramide NG,goodie,10,True
F0152,13,astrocaryum-murumuru-seed-butter,Astrocaryum Murumuru Seed Butter,no-take,25,True
F0152,15,butyrospermum-parkii-butter,Butyrospermum Parkii (Shea Butter),goodie,149,False
F0153,1,water,Water,no-take,106,False
F0153,2,dimethicone,Dimethicone,no-take,103,False
F0153,4,polysilicone-11,Polysilicone-11,no-take,6,True
F0153,5,phenyl-trimethicone,Phenyl Trimethicone,no-take,23,True
F0153,8,camellia-sinensis-leaf-extract,Camellia Sinensis (Green Tea) Leaf Extract,goodie,10,True
F0153,9,butylene-glycol,Butylene Glycol,no-take,61,False
F0153,10,microcrystalline-wax,Microcrystalline Wax/​Cera Microcristallina/​Cire Microcristalline,no-take,140,False
F0153,11,cetyl-peg-ppg-10-1-dimethicone,Cetyl PEG/​PPG-10/​1 Dimethicone,no-take,26,True
F0153,12,tocopheryl-acetate,Tocopheryl Acetate,no-take,357,False
F0153,14,centella-asiatica-extract,Centella Asiatica (Hydrocotyl) Extract,goodie,10,True
F0154,1,cetyl-ethylhexanoate,Cetyl Ethylhexanoate,no-take,9,True
F0154,2,ozokerite,Ozokerite,no-take,42,False
F0154,3,ricinus-communis-seed-oil,Ricinus Communis (Castor) Seed Oil,no-take,145,False
F0154,4,polybutene,Polybutene,no-take,212,False
F0154,5,cera-alba,Beeswax\Cera Alba\Cire D'Abeille,no-take,41,False
F0154,6,polyethylene,Polyethylene,no-take,122,False
F0154,7,ppg-51-smdi-copolymer,PPG-51/​Smdi Copolymer,sin_calificacion,5,True
F0154,8,silica,Silica,no-take,267,False
F0154,9,microcrystalline-wax,Microcrystalline Wax\Cera Microcristallina\Cire Microcristalline,no-take,140,False
F0154,10,bis-diglyceryl-polyacyladipate-2,Bis-Diglyceryl Polyacyladipate-2,no-take,169,False
F0154,11,centella-asiatica-extract,Centella Asiatica (Hydrocotyl) Extract,goodie,10,True
F0154,14,helianthus-annuus-seed-oil,Helianthus Annuus (Sunflower) Seed Oil,goodie,123,False
F0154,15,butyrospermum-parkii-butter,Butyrospermum Parkii (Shea Butter),goodie,149,False
F0155,1,petrolatum,Petrolatum,goodie,33,False
F0155,2,polybutene,Polybutene,no-take,212,False
F0155,3,polydecene,Polydecene,sin_calificacion,7,True
F0155,4,bis-diglyceryl-polyacyladipate-2,Bis-Diglyceryl Polyacyladipate-2,no-take,169,False
F0155,5,octyldodecanol,Octyldodecanol,no-take,208,False
F0155,6,microcrystalline-wax,Microcrystalline Wax\Cera Microcristallina\Cire Microcristalline,no-take,140,False
F0155,7,tocopheryl-acetate,Tocopheryl Acetate,no-take,357,False
F0155,8,polyglyceryl-2-triisostearate,Polyglyceryl-2 Triisostearate,no-take,101,False
F0155,9,aloe-barbadensis-leaf-extract,Aloe Barbadensis Leaf Extract,goodie,25,True
F0155,10,cholesterol,Cholesterol,goodie,13,True
F0155,11,hordeum-vulgare-extract,Hordeum Vulgare (Barley) Extract\Extrait D'Orge,no-take,6,True
F0155,12,triticum-vulgare-germ-extract,Triticum Vulgare (Wheat) Germ Extract,goodie,7,True
F0155,13,squalane,Squalane,goodie,82,False
F0155,14,linoleic-acid,Linoleic Acid,goodie,9,True
F0156,1,ricinus-communis-seed-oil,Ricinus Communis (Castor) Seed Oil,no-take,145,False
F0156,4,candelilla-cera,Euphorbia Cerifera (Candelilla) Wax/​Candelilla Cera/​Cire De Candelilla,no-take,38,False
F0156,5,copernicia-cerifera-wax,Copernicia Cerifera (Carnauba) Wax/​Cera Carnauba/​Cire De Carnauba,no-take,67,False
F0156,6,polyethylene,Polyethylene,no-take,122,False
F0156,7,tocopheryl-acetate,Tocopheryl Acetate,no-take,357,False
F0156,8,pentaerythrityl-tetra-di-t-butyl-hydroxyhydrocinnamate,Pentaerythrityl Tetra-Di-T-Butyl Hydroxyhydrocinnamate,no-take,222,False
F0157,1,ricinus-communis-seed-oil,Ricinus Communis (Castor) Seed Oil,no-take,145,False
F0157,2,caprylic-capric-triglyceride,Caprylic/​Capric Triglyceride,no-take,215,False
F0157,3,vegetable-oil,Vegetable Oil\Olus Oil\Huile Végétale,no-take,14,True
F0157,4,candelilla-cera,Euphorbia Cerifera (Candelilla) Wax\Candelilla Cera\Cire De Candelilla,no-take,38,False
F0157,5,cera-alba,Beeswax\Cera Alba\Cire D'Abeille,no-take,41,False
F0157,6,hydrogenated-vegetable-oil,Hydrogenated Vegetable Oil,no-take,26,True
F0157,7,paraffin,Paraffin,no-take,37,False
F0157,8,butyrospermum-parkii-butter,Butyrospermum Parkii (Shea) Butter,goodie,149,False
F0157,9,simmondsia-chinensis-seed-oil,Simmondsia Chinensis (Jojoba) Seed Oil,goodie,134,False
F0157,10,microcrystalline-wax,Microcrystalline Wax\Cera Microcristallina\Cire Microcristalline,no-take,140,False
F0157,11,mangifera-indica-seed-oil,Mangifera Indica (Mango) Seed Butter,goodie,38,False
F0157,13,limnanthes-alba-seed-oil,Limnanthes Alba (Meadowfoam) Seed Oil,goodie,36,False
F0157,14,olea-europaea-fruit-oil,Olea Europaea (Olive) Fruit Oil,goodie,16,True
F0157,15,helianthus-annuus-seed-oil,Helianthus Annuus (Sunflower) Seed Oil,goodie,123,False
F0158,1,hydrogenated-polyisobutene,Hydrogenated Polyisobutene,no-take,165,False
F0158,3,pentaerythrityl-tetraethylhexanoate,Pentaerythrityl Tetraethylhexanoate,no-take,10,True
F0158,4,polyglyceryl-2-triisostearate,Polyglyceryl-2 Triisostearate,no-take,101,False
F0158,5,hydrogenated-polydecene,Hydrogenated Polydecene,no-take,30,True
F0158,6,ricinus-communis-seed-oil,Ricinus Communis (Castor) Seed Oil,no-take,145,False
F0158,8,carthamus-tinctorius-seed-oil,Carthamus Tinctorius (Safflower) Seed Oil,goodie,17,True
F0158,9,olea-europaea-fruit-oil,Olea Europaea (Olive) Fruit Oil,goodie,16,True
F0158,10,simmondsia-chinensis-seed-oil,Simmondsia Chinensis (Jojoba) Seed Oil,goodie,134,False
F0158,11,silica,Silica,no-take,267,False
F0158,12,tocopheryl-acetate,Tocopheryl Acetate,no-take,357,False
F0158,14,glycine-soja-seed-extract,Glycine Soja (Soybean) Seed Extract,goodie,6,True
F0158,15,ceramide-ng,Ceramide 2,goodie,10,True
F0159,1,ricinus-communis-seed-oil,Ricinus Communis (Castor) Seed Oil,no-take,145,False
F0159,2,diisostearyl-malate,Diisostearyl Malate,no-take,228,False
F0159,3,trioctyldodecyl-citrate,Trioctyldodecyl Citrate,no-take,6,True
F0159,4,lanolin-oil,Lanolin Oil,no-take,6,True
F0159,5,caprylic-capric-triglyceride,Caprylic/​Capric Triglyceride,no-take,215,False
F0159,6,candelilla-cera,Euphorbia Cerifera (Candelilla) Wax\Candelilla Cera\Cire De Candelilla,no-take,38,False
F0159,8,silica,Silica,no-take,267,False
F0159,9,octyldodecanol,Octyldodecanol,no-take,208,False
F0159,10,ozokerite,Ozokerite,no-take,42,False
F0159,11,polyethylene,Polyethylene,no-take,122,False
F0159,12,bis-diglyceryl-polyacyladipate-2,Bis-Diglyceryl Polyacyladipate-2,no-take,169,False
F0159,13,hydrogenated-polydecene,Hydrogenated Polydecene,no-take,30,True
F0159,14,ethylhexyl-palmitate,Ethylhexyl Palmitate,no-take,205,False
F0159,15,triticum-vulgare-germ-extract,Triticum Vulgare (Wheat) Germ Extract,goodie,7,True
F0160,1,hydrogenated-polyisobutene,Hydrogenated Polyisobutene,no-take,165,False
F0160,2,polydecene,Polydecene,sin_calificacion,7,True
F0160,3,petrolatum,Petrolatum,goodie,33,False
F0160,4,microcrystalline-wax,Microcrystalline Wax\Cera Microcristallina\Cire Microcristalline,no-take,140,False
F0160,5,ethylhexyl-palmitate,Ethylhexyl Palmitate,no-take,205,False
F0160,6,tribehenin,Tribehenin,no-take,82,False
F0160,7,sorbitan-isostearate,Sorbitan Isostearate,no-take,86,False
F0160,8,palmitoyl-hexapeptide-12,Palmitoyl Oligopeptide,goodie,12,True
F0160,9,capsicum-frutescens-fruit-extract,Capsicum Frutescens Fruit Extract,icky,24,True
F0160,10,mentha-piperita-oil,Mentha Piperita (French Peppermint),icky,16,True
F0160,11,glycine-soja-oil,Glycine Soja (Soybean) Oil,goodie,41,False
F0160,12,zingiber-officinale-root-oil,Zingiber Officinale (Ginger) Root Oil,no-take,13,True
F0160,13,tocopheryl-acetate,Tocopheryl Acetate,no-take,357,False
F0160,14,caprylyl-glycol,Caprylyl Glycol,no-take,167,False
F0160,15,menthoxypropanediol,Menthoxypropanediol,sin_calificacion,16,True
F0161,1,polybutene,Polybutene,no-take,212,False
F0161,2,polydecene,Polydecene,sin_calificacion,7,True
F0161,3,petrolatum,Petrolatum,goodie,33,False
F0161,4,bis-diglyceryl-polyacyladipate-2,Bis-Diglyceryl Polyacyladipate-2,no-take,169,False
F0161,5,octyldodecanol,Octyldodecanol,no-take,208,False
F0161,6,microcrystalline-wax,Microcrystalline Wax\Cera Microcristallina\Cire Microcristalline,no-take,140,False
F0161,7,tocopheryl-acetate,Tocopheryl Acetate,no-take,357,False
F0161,10,retinyl-palmitate,Retinyl Palmitate,no-take,11,True
F0161,11,triticum-vulgare-germ-extract,Triticum Vulgare (Wheat) Germ Extract,goodie,7,True
F0161,12,aloe-barbadensis-leaf-extract,Aloe Barbadensis Leaf Extract,goodie,25,True
F0161,13,hordeum-vulgare-extract,Hordeum Vulgare (Barley) Extract/​Extrait D’Orge,no-take,6,True
F0161,14,cholesterol,Cholesterol,goodie,13,True
F0161,15,polyglyceryl-2-triisostearate,Polyglyceryl-2 Triisostearate,no-take,101,False
F0162,2,hydrogenated-polyisobutene,Hydrogenated Polyisobutene,no-take,165,False
F0162,3,butyrospermum-parkii-butter,Butyrospermum Parkii (Shea) Butter,goodie,149,False
F0162,4,microcrystalline-wax,Microcrystalline Wax\Cera Microcristallina\Cire Microcristalline,no-take,140,False
F0162,5,punica-granatum-sterols,Punica Granatum (Pomegranate) Sterols,sin_calificacion,5,True
F0162,6,octyldodecanol,Octyldodecanol,no-take,208,False
F0162,7,polyethylene,Polyethylene,no-take,122,False
F0162,8,disteardimonium-hectorite,Disteardimonium Hectorite,no-take,82,False
F0162,9,ricinus-communis-seed-oil,Ricinus Communis (Castor) Seed Oil,no-take,145,False
F0162,10,cocos-nucifera-oil,Cocos Nucifera (Coconut) Oil,goodie,57,False
F0162,11,aloe-barbadensis-leaf-extract,Aloe Barbadensis Leaf Extract,goodie,25,True
F0162,12,persea-gratissima-oil,Persea Gratissima (Avocado) Oil,goodie,45,False
F0162,13,phytosterols,Phytosterols,sin_calificacion,6,True
F0162,15,linoleic-acid,Linoleic Acid,goodie,9,True
F0163,1,octyldodecanol,Octyldodecanol,no-take,208,False
F0163,2,pentaerythrityl-adipate-caprate-caprylate-heptanoate,Pentaerythrityl Adipate/​Caprate/​Caprylate/​Heptanoate,no-take,8,True
F0163,3,petrolatum,Petrolatum,goodie,33,False
F0163,4,bis-diglyceryl-polyacyladipate-2,Bis-Diglyceryl Polyacyladipate-2,no-take,169,False
F0163,5,polyethylene,Polyethylene,no-take,122,False
F0163,8,silica,Silica,no-take,267,False
F0163,9,polybutene,Polybutene,no-take,212,False
F0163,10,microcrystalline-wax,Microcrystalline Wax\Cera Microcristallina\Cire Microcristalline,no-take,140,False
F0163,11,ethylhexyl-palmitate,Ethylhexyl Palmitate,no-take,205,False
F0163,12,sodium-hyaluronate,Sodium Hyaluronate,goodie,132,False
F0163,13,butyrospermum-parkii-butter,Butyrospermum Parkii (Shea Butter),goodie,149,False
F0163,14,polyglyceryl-4-isostearate,Polyglyceryl-4 Isostearate,no-take,9,True
F0163,15,lauryl-pca,Lauryl Pca,no-take,8,True
F0164,1,petrolatum,Petrolatum,goodie,33,False
F0164,2,polybutene,Polybutene,no-take,212,False
F0164,3,polyglyceryl-2-triisostearate,Polyglyceryl-2 Triisostearate,no-take,101,False
F0164,4,hydrogenated-polyisobutene,Hydrogenated Polyisobutene,no-take,165,False
F0164,5,tocopheryl-acetate,Tocopheryl Acetate,no-take,357,False
F0164,6,vp-hexadecene-copolymer,PVP/​Hexadecene Copolymer,no-take,45,False
F0164,7,silica,Silica,no-take,267,False
F0164,8,hydrogenated-castor-oil,Hydrogenated Castor Oil,no-take,55,False
F0164,9,ppg-51-smdi-copolymer,PPG-51/​Smdi Copolymer,sin_calificacion,5,True
F0164,11,butyrospermum-parkii-butter,Butyrospermum Parkii (Shea Butter),goodie,149,False
F0164,13,ceramide-ng,Ceramide NG,goodie,10,True
F0164,14,cholesterol,Cholesterol,goodie,13,True
F0164,15,astrocaryum-murumuru-seed-butter,Astrocaryum Murumuru Seed Butter,no-take,25,True
F0165,1,ricinus-communis-seed-oil,Ricinus Communis (Castor) Seed Oil,no-take,145,False
F0165,4,candelilla-cera,Euphorbia Cerifera (Candelilla) Wax\Candelilla Cera\Cire De Candelilla,no-take,38,False
F0165,5,copernicia-cerifera-wax,Copernicia Cerifera (Carnauba) Wax\ Copernicia Cerifera Cera \Cire De Carnauba,no-take,67,False
F0165,6,synthetic-wax,Synthetic Wax,no-take,176,False
F0165,7,tocopheryl-acetate,Tocopheryl Acetate,no-take,357,False
F0165,8,pentaerythrityl-tetra-di-t-butyl-hydroxyhydrocinnamate,Pentaerythrityl Tetra-Di-T-Butyl Hydroxyhydrocinnamate,no-take,222,False
F0166,1,polyglyceryl-2-triisostearate,Polyglyceryl-2 Triisostearate,no-take,101,False
F0166,2,octyldodecanol,Octyldodecanol,no-take,208,False
F0166,3,dimethicone-vinyl-dimethicone-crosspolymer,Dimethicone/​Vinyl Dimethicone Crosspolymer,no-take,25,True
F0166,4,isononyl-isononanoate,Isononyl Isononanoate,no-take,37,False
F0166,5,hydrogenated-polydecene,Hydrogenated Polydecene,no-take,30,True
F0166,6,silica,Silica,no-take,267,False
F0166,7,polyethylene,Polyethylene,no-take,122,False
F0166,8,c10-30-cholesterol-lanosterol-esters,C10-30 Cholesterol/​Lanosterol Esters,goodie,10,True
F0166,9,euphorbia-cerifera-cera,Euphorbia Cerifera (Candelilla) Wax,no-take,73,False
F0166,10,trimethylolpropane-triisostearate,Trimethylolpropane Triisostearate,no-take,34,False
F0166,11,ethylhexyl-palmitate,Ethylhexyl Palmitate,no-take,205,False
F0166,12,butyrospermum-parkii-butter,Butyrospermum Parkii (Shea) Butter,goodie,149,False
F0166,13,parfum,Parfum (Fragrance),icky,331,False
F0166,14,prunus-amygdalus-dulcis-oil,Prunus Amygdalus Dulcis (Sweet Almond) Oil,goodie,66,False
F0166,15,butyrospermum-parkii-butter-unsaponifiables,Butyrospermum Parkii (Shea) Butter Unsaponifiables,sin_calificacion,15,True
F0167,1,water,Water,no-take,106,False
F0167,2,butylene-glycol,Butylene Glycol,no-take,61,False
F0167,3,ethylhexyl-stearate,Ethylhexyl Stearate,no-take,17,True
F0167,4,glycerin,Glycerin,superstar,102,False
F0167,5,hydroxyethyl-acrylate-sodium-acryloyldimethyl-taurate-copolymer,Hydroxyethyl Acrylate/​Sodium Acryloyldimethyl Taurate Copolymer,no-take,20,True
F0167,6,squalane,Squalane,goodie,82,False
F0167,7,phenoxyethanol,Phenoxyethanol,no-take,286,False
F0167,9,lecithin,Lecithin,goodie,47,False
F0167,10,polyglyceryl-2-triisostearate,Polyglyceryl-2 Triisostearate,no-take,101,False
F0167,11,polysorbate-60,Polysorbate 60,no-take,18,True
F0167,12,trimethylolpropane-triisostearate,Trimethylolpropane Triisostearate,no-take,34,False
F0167,13,vanillin,Vanillin,sin_calificacion,52,False
F0167,14,parfum,Fragrance,icky,331,False
F0167,15,sodium-citrate,Sodium Citrate,no-take,10,True
F0168,1,water,Water,no-take,106,False
F0168,2,glycerin,Glycerin,superstar,102,False
F0168,3,butylene-glycol,Butylene Glycol,no-take,61,False
F0168,4,ethylhexyl-stearate,Ethylhexyl Stearate,no-take,17,True
F0168,5,alcohol,Alcohol,icky,23,True
F0168,6,hydroxyethyl-acrylate-sodium-acryloyldimethyl-taurate-copolymer,Hydroxyethyl Acrylate/​Sodium Acryloyldimethyl Taurate Copolymer,no-take,20,True
F0168,7,vinyl-dimethicone-methicone-silsesquioxane-crosspolymer,Vinyl Dimethicone/​Methicone Silsesquioxane Crosspolymer,no-take,10,True
F0168,8,squalane,Squalane,goodie,82,False
F0168,10,phenoxyethanol,Phenoxyethanol,no-take,286,False
F0168,11,polyglyceryl-2-triisostearate,Polyglyceryl-2 Triisostearate,no-take,101,False
F0168,13,lecithin,Lecithin,goodie,47,False
F0168,14,trimethylolpropane-triisostearate,Trimethylolpropane Triisostearate,no-take,34,False
F0168,15,polysorbate-60,Polysorbate 60,no-take,18,True
F0169,1,polyglyceryl-2-triisostearate,Polyglyceryl-2 Triisostearate,no-take,101,False
F0169,2,helianthus-annuus-seed-oil,Helianthus Annuus (Sunflower) Seed Oil,goodie,123,False
F0169,3,hydrogenated-castor-oil-dimer-dilinoleate,Hydrogenated Castor Oil Dimer Dilinoleate,sin_calificacion,8,True
F0169,4,phytosteryl-octyldodecyl-lauroyl-glutamate,Phytosteryl/​Octyldodecyl Lauroyl Glutamate,goodie,16,True
F0169,5,jojoba-esters,Jojoba Esters,no-take,18,True
F0169,6,polyglyceryl-2-isostearate-dimer-dilinoleate-copolymer,Polyglyceryl-2 Isostearate/​Dimer Dilinoleate Copolymer,no-take,27,True
F0169,7,euphorbia-cerifera-cera,Euphorbia Cerifera (Candelilla) Wax,no-take,73,False
F0169,9,helianthus-annuus-seed-wax,Helianthus Annuus (Sunflower) Seed Wax,no-take,47,False
F0169,10,butyrospermum-parkii-butter,Butyrospermum Parkii (Shea) Butter,goodie,149,False
F0169,11,oryza-sativa-bran-wax,Oryza Sativa (Rice) Bran Wax,sin_calificacion,10,True
F0169,12,caprylic-capric-triglyceride,Caprylic/​Capric Triglyceride,no-take,215,False
F0169,13,parfum,Parfum (Fragrance),icky,331,False
F0169,14,trimethylolpropane-triisostearate,Trimethylolpropane Triisostearate,no-take,34,False
F0169,15,diisostearyl-malate,Diisostearyl Malate,no-take,228,False
F0170,1,polyglyceryl-2-triisostearate,Polyglyceryl-2 Triisostearate,no-take,101,False
F0170,2,squalane,Squalane,goodie,82,False
F0170,3,helianthus-annuus-seed-wax,Helianthus Annuus (Sunflower) Seed Wax,no-take,47,False
F0170,4,octyldodecanol,Octyldodecanol,no-take,208,False
F0170,5,hydrogenated-castor-oil-dimer-dilinoleate,Hydrogenated Castor Oil Dimer Dilinoleate,sin_calificacion,8,True
F0170,6,bis-behenyl-isostearyl-phytosteryl-dimer-dilinoleyl-dimer-dilinoleate,Bis-Behenyl/​Isostearyl/​Phytosteryl Dimer Dilinoleyl Dimer Dilinoleate,no-take,42,False
F0170,7,jojoba-esters,Jojoba Esters,no-take,18,True
F0170,8,cera-alba,Cera Alba (Beeswax),no-take,41,False
F0170,9,oryza-sativa-bran-wax,Oryza Sativa (Rice) Bran Wax,sin_calificacion,10,True
F0170,10,butyrospermum-parkii-butter,Butyrospermum Parkii (Shea) Butter,goodie,149,False
F0170,12,simmondsia-chinensis-seed-oil,Simmondsia Chinensis (Jojoba) Seed Oil,goodie,134,False
F0170,14,prunus-amygdalus-dulcis-oil,Prunus Amygdalus Dulcis (Sweet Almond) Oil,goodie,66,False
F0170,15,butyrospermum-parkii-butter-unsaponifiables,Butyrospermum Parkii (Shea) Butter Unsaponifiables,sin_calificacion,15,True
F0171,1,dimethicone,Dimethicone,no-take,103,False
F0171,2,trimethylsiloxysilicate,Trimethylsiloxysilicate,no-take,48,False
F0171,3,isododecane,Isododecane,no-take,59,False
F0171,4,microcrystalline-wax,Cera Microcristallina (Microcrystalline Wax),no-take,140,False
F0171,6,dimethicone-vinyl-dimethicone-crosspolymer,Dimethicone/​Vinyl Dimethicone Crosspolymer,no-take,25,True
F0171,8,alcohol,Alcohol,icky,23,True
F0171,10,water,Aqua (Water),no-take,106,False
F0171,11,dicalcium-phosphate,Dicalcium Phosphate,no-take,50,False
F0171,12,bht,BHT,no-take,68,False
F0172,1,c9-12-alkane,C9-12 Alkane,no-take,5,True
F0172,2,isododecane,Isododecane,no-take,59,False
F0172,3,helianthus-annuus-seed-wax,Helianthus Annuus (Sunflower) Seed Wax,no-take,47,False
F0172,5,silica,Silica,no-take,267,False
F0172,6,jojoba-esters,Jojoba Esters,no-take,18,True
F0172,7,copernicia-cerifera-wax,Cera Carnauba (Copernicia Cerifera (Carnauba) Wax),no-take,67,False
F0172,8,cera-alba,Cera Alba (Beeswax),no-take,41,False
F0172,10,prunus-amygdalus-dulcis-oil,Prunus Amygdalus Dulcis (Sweet Almond) Oil,goodie,66,False
F0172,11,simmondsia-chinensis-seed-oil,Simmondsia Chinensis (Jojoba) Seed Oil,goodie,134,False
F0172,12,parfum,Parfum (Fragrance),icky,331,False
F0172,14,aluminum-hydroxide,Aluminum Hydroxide,no-take,112,False
F0172,15,punica-granatum-flower-extract,Punica Granatum Flower Extract,sin_calificacion,8,True
F0173,1,polybutene,Polybutene,no-take,212,False
F0173,2,diisostearyl-malate,Diisostearyl Malate,no-take,228,False
F0173,3,paraffinum-liquidum,Paraffinum Liquidum (Mineral Oil),no-take,33,False
F0173,4,tridecyl-trimellitate,Tridecyl Trimellitate,no-take,126,False
F0173,5,pentaerythrityl-tetraisostearate,Pentaerythrityl Tetraisostearate,no-take,100,False
F0173,6,ethylhexyl-palmitate,Ethylhexyl Palmitate,no-take,205,False
F0173,7,silica-dimethyl-silylate,Silica Dimethyl Silylate,no-take,160,False
F0173,8,dipalmitoyl-hydroxyproline,Dipalmitoyl Hydroxyproline,sin_calificacion,8,True
F0173,9,menthoxypropanediol,Menthoxypropanediol,sin_calificacion,16,True
F0173,10,polyglyceryl-2-triisostearate,Polyglyceryl-2 Triisostearate,no-take,101,False
F0173,11,parfum,Fragrance,icky,331,False
F0173,12,palmitic-acid,Palmitic Acid,no-take,14,True
F0173,13,trihydroxystearin,Trihydroxystearin,no-take,32,True
F0173,14,butylene-glycol,Butylene Glycol,no-take,61,False
F0173,15,trimethylolpropane-triisostearate,Trimethylolpropane Triisostearate,no-take,34,False
F0174,1,polyglyceryl-2-triisostearate,Polyglyceryl-2 Triisostearate,no-take,101,False
F0174,2,dimethicone,Dimethicone,no-take,103,False
F0174,3,trimethylolpropane-triisostearate,Trimethylolpropane Triisostearate,no-take,34,False
F0174,4,helianthus-annuus-seed-wax,Helianthus Annuus (Sunflower) Seed Wax,no-take,47,False
F0174,5,dimethicone-crosspolymer,Dimethicone Crosspolymer,no-take,30,True
F0174,6,silica,Silica,no-take,267,False
F0174,7,copernicia-cerifera-wax,Cera Carnauba (Copernicia Cerifera (Carnauba) Wax),no-take,67,False
F0174,8,butyrospermum-parkii-butter,Butyrospermum Parkii (Shea) Butter,goodie,149,False
F0174,10,candelilla-cera,Candelilla Cera (Euphorbia Cerifera (Candelilla) Wax),no-take,38,False
F0174,11,simmondsia-chinensis-seed-oil,Simmondsia Chinensis (Jojoba) Seed Oil,goodie,134,False
F0174,13,prunus-amygdalus-dulcis-oil,Prunus Amygdalus Dulcis (Sweet Almond) Oil,goodie,66,False
F0174,14,parfum,Parfum (Fragrance),icky,331,False
F0174,15,aluminum-hydroxide,Aluminum Hydroxide,no-take,112,False
F0175,1,water,Aqua (Water),no-take,106,False
F0175,2,glycerin,Glycerin,superstar,102,False
F0175,3,methyl-hydrogenated-rosinate,Methyl Hydrogenated Rosinate,no-take,18,True
F0175,4,butylene-glycol,Butylene Glycol,no-take,61,False
F0175,5,polyglyceryl-2-triisostearate,Polyglyceryl-2 Triisostearate,no-take,101,False
F0175,6,alcohol,Alcohol,icky,23,True
F0175,7,polyglycerin-3,Polyglycerin-3,no-take,8,True
F0175,8,hydroxyethyl-acrylate-sodium-acryloyldimethyl-taurate-copolymer,Hydroxyethyl Acrylate/​Sodium Acryloyldimethyl Taurate Copolymer,no-take,20,True
F0175,9,squalane,Squalane,goodie,82,False
F0175,11,1-2-hexanediol,"1,2-Hexanediol",no-take,28,True
F0175,12,lecithin,Lecithin,goodie,47,False
F0175,13,menthoxypropanediol,Menthoxypropanediol,sin_calificacion,16,True
F0175,14,parfum,Parfum (Fragrance),icky,331,False
F0175,15,sodium-hyaluronate,Sodium Hyaluronate,goodie,132,False
F0176,1,hydrogenated-polyisobutene,Hydrogenated Polyisobutene,no-take,165,False
F0176,2,tridecyl-trimellitate,Tridecyl Trimellitate,no-take,126,False
F0176,3,polybutene,Polybutene,no-take,212,False
F0176,4,pentaerythrityl-tetraisostearate,Pentaerythrityl Tetraisostearate,no-take,100,False
F0176,5,phytosteryl-octyldodecyl-lauroyl-glutamate,Phytosteryl/​Octyldodecyl Lauroyl Glutamate,goodie,16,True
F0176,6,ethylene-propylene-styrene-copolymer,Ethylene/​Propylene/​Styrene Copolymer,no-take,70,False
F0176,7,ethylhexyl-palmitate,Ethylhexyl Palmitate,no-take,205,False
F0176,8,caprylic-capric-triglyceride,Caprylic/​Capric Triglyceride,no-take,215,False
F0176,9,butylene-ethylene-styrene-copolymer,Butylene/​Ethylene/​Styrene Copolymer,no-take,68,False
F0176,10,parfum,Parfum (Fragrance),icky,331,False
F0176,11,polyglyceryl-2-triisostearate,Polyglyceryl-2 Triisostearate,no-take,101,False
F0176,12,luffa-cylindrica-seed-oil,Luffa Cylindrica Seed Oil,sin_calificacion,5,True
F0176,13,prunus-avium-seed-oil,Prunus Avium (Sweet Cherry) Seed Oil,no-take,23,True
F0176,14,trimethylolpropane-triisostearate,Trimethylolpropane Triisostearate,no-take,34,False
F0176,15,diisostearyl-malate,Diisostearyl Malate,no-take,228,False
F0177,1,polyglyceryl-2-triisostearate,Polyglyceryl-2 Triisostearate,no-take,101,False
F0177,3,bis-behenyl-isostearyl-phytosteryl-dimer-dilinoleyl-dimer-dilinoleate,Bis-Behenyl/​Isostearyl/​Phytosteryl Dimer Dilinoleyl Dimer Dilinoleate,no-take,42,False
F0177,4,helianthus-annuus-seed-wax,Helianthus Annuus (Sunflower) Seed Wax,no-take,47,False
F0177,6,phytosteryl-octyldodecyl-lauroyl-glutamate,Phytosteryl/​Octyldodecyl Lauroyl Glutamate,goodie,16,True
F0177,7,hydrogenated-vegetable-oil,Hydrogenated Vegetable Oil,no-take,26,True
F0177,8,stearyl-heptanoate,Stearyl Heptanoate,no-take,7,True
F0177,9,candelilla-cera,Candelilla Cera (Euphorbia Cerifera (Candelilla) Wax),no-take,38,False
F0177,10,c9-12-alkane,C9-12 Alkane,no-take,5,True
F0177,12,prunus-amygdalus-dulcis-oil,Prunus Amygdalus Dulcis (Sweet Almond) Oil,goodie,66,False
F0177,13,stearyl-caprylate,Stearyl Caprylate,no-take,5,True
F0177,14,butyrospermum-parkii-butter,Butyrospermum Parkii (Shea) Butter,goodie,149,False
F0177,15,trimethylolpropane-triisostearate,Trimethylolpropane Triisostearate,no-take,34,False
F0178,1,bis-diglyceryl-polyacyladipate-2,Bis-Diglyceryl Polyacyladipate-2,no-take,169,False
F0178,2,dimer-dilinoleyl-dimer-dilinoleate,Dimer Dilinoleyl Dimer Dilinoleate,no-take,22,True
F0178,3,polyglyceryl-2-triisostearate,Polyglyceryl-2 Triisostearate,no-take,101,False
F0178,4,methyl-hydrogenated-rosinate,Methyl Hydrogenated Rosinate,no-take,18,True
F0178,5,ricinus-communis-seed-oil,Ricinus Communis (Castor) Seed Oil,no-take,145,False
F0178,6,squalane,Squalane,goodie,82,False
F0178,7,glyceryl-behenate-eicosadioate,Glyceryl Behenate/​Eicosadioate,no-take,21,True
F0178,8,c12-15-alkyl-benzoate,C12-15 Alkyl Benzoate,no-take,29,True
F0178,9,stearalkonium-hectorite,Stearalkonium Hectorite,no-take,26,True
F0178,10,parfum,Parfum (Fragrance),icky,331,False
F0178,11,1-2-hexanediol,"1,2-Hexanediol",no-take,28,True
F0178,12,propylene-carbonate,Propylene Carbonate,no-take,95,False
F0178,13,hydroxystearic-acid,Hydroxystearic Acid,no-take,8,True
F0178,14,tribehenin,Tribehenin,no-take,82,False
F0178,15,ethyl-vanillin,Ethyl Vanillin,no-take,38,False
F0179,1,trimethylsiloxyphenyl-dimethicone,Trimethylsiloxyphenyl Dimethicone,sin_calificacion,12,True
F0179,2,polyglyceryl-2-isostearate-dimer-dilinoleate-copolymer,Polyglyceryl-2 Isostearate/​Dimer Dilinoleate Copolymer,no-take,27,True
F0179,3,c9-12-alkane,C9-12 Alkane,no-take,5,True
F0179,4,methyl-hydrogenated-rosinate,Methyl Hydrogenated Rosinate,no-take,18,True
F0179,6,dextrin-isostearate,Dextrin Isostearate,sin_calificacion,6,True
F0179,7,isododecane,Isododecane,no-take,59,False
F0179,9,synthetic-wax,Synthetic Wax,no-take,176,False
F0179,10,cellulose,Cellulose,no-take,5,True
F0179,12,octyldodecanol,Octyldodecanol,no-take,208,False
F0179,13,candelilla-cera,Candelilla Cera (Euphorbia Cerifera (Candelilla) Wax),no-take,38,False
F0179,14,polyethylene,Polyethylene,no-take,122,False
F0179,15,parfum,Parfum (Fragrance),icky,331,False
F0180,1,mangifera-indica-seed-oil,Mango Butter,goodie,38,False
F0180,2,c10-30-cholesterol-lanosterol-esters,C10-30 Cholesterol/​Lanosterol Esters,goodie,10,True
F0180,3,diisostearyl-malate,Diisostearyl Malate,no-take,228,False
F0180,4,bis-diglyceryl-polyacyladipate-2,Bis-Diglyceryl Polyacyladipate-2,no-take,169,False
F0180,5,phytosteryl-octyldodecyl-lauroyl-glutamate,Phytosteryl/​Octyldodecyl Lauroyl Glutamate,goodie,16,True
F0180,6,synthetic-beeswax,Synthetic Beeswax,no-take,25,True
F0180,7,polyglyceryl-2-triisostearate,Polyglyceryl-2 Triisostearate,no-take,101,False
F0180,8,hydrogenated-microcrystalline-wax,Hydrogenated Microcrystalline Wax,no-take,12,True
F0180,10,polyethylene,Polyethylene,no-take,122,False
F0180,11,ethylhexyl-palmitate,Ethylhexyl Palmitate,no-take,205,False
F0180,13,parfum,Parfum (Fragrance),icky,331,False
F0180,14,luffa-cylindrica-seed-oil,Luffa Cylindrica Seed Oil,sin_calificacion,5,True
F0180,15,bht,BHT,no-take,68,False
F0181,1,methyl-hydrogenated-rosinate,Methyl Hydrogenated Rosinate,no-take,18,True
F0181,2,dimer-dilinoleyl-dimer-dilinoleate,Dimer Dilinoleyl Dimer Dilinoleate,no-take,22,True
F0181,3,polyglyceryl-2-triisostearate,Polyglyceryl-2 Triisostearate,no-take,101,False
F0181,5,jojoba-esters,Jojoba Esters,no-take,18,True
F0181,7,glyceryl-behenate-eicosadioate,Glyceryl Behenate/​Eicosadioate,no-take,21,True
F0181,8,ethylhexyl-palmitate,Ethylhexyl Palmitate,no-take,205,False
F0181,9,dipalmitoyl-hydroxyproline,Dipalmitoyl Hydroxyproline,sin_calificacion,8,True
F0181,10,menthoxypropanediol,Menthoxypropanediol,sin_calificacion,16,True
F0181,11,parfum,Parfum (Fragrance),icky,331,False
F0181,12,trimethylolpropane-triisostearate,Trimethylolpropane Triisostearate,no-take,34,False
F0181,13,prunus-avium-seed-oil,Prunus Avium (Sweet Cherry) Seed Oil,no-take,23,True
F0181,14,ethyl-vanillin,Ethyl Vanillin,no-take,38,False
F0181,15,tocopherol,Tocopherol,goodie,289,False
F0182,1,polyglyceryl-2-triisostearate,Polyglyceryl-2 Triisostearate,no-take,101,False
F0182,2,hydrogenated-polyisobutene,Hydrogenated Polyisobutene,no-take,165,False
F0182,3,hydrogenated-polydecene,Hydrogenated Polydecene,no-take,30,True
F0182,4,synthetic-wax,Synthetic Wax,no-take,176,False
F0182,5,methyl-hydrogenated-rosinate,Methyl Hydrogenated Rosinate,no-take,18,True
F0182,6,polybutene,Polybutene,no-take,212,False
F0182,7,trimethylolpropane-triisostearate,Trimethylolpropane Triisostearate,no-take,34,False
F0182,8,ozokerite,Ozokerite,no-take,42,False
F0182,9,ethylhexyl-palmitate,Ethylhexyl Palmitate,no-take,205,False
F0182,10,c10-30-cholesterol-lanosterol-esters,C10-30 Cholesterol/​Lanosterol Esters,goodie,10,True
F0182,11,calcium-carbonate,Calcium Carbonate,no-take,5,True
F0182,12,polyethylene,Polyethylene,no-take,122,False
F0182,13,cera-alba,Cera Alba (Beeswax),no-take,41,False
F0182,14,disteardimonium-hectorite,Disteardimonium Hectorite,no-take,82,False
F0182,15,mangifera-indica-seed-oil,Mangifera Indica (Mango) Seed Butter,goodie,38,False
F0183,1,methyl-hydrogenated-rosinate,Methyl Hydrogenated Rosinate,no-take,18,True
F0183,2,hydrogenated-polyisobutene,Hydrogenated Polyisobutene,no-take,165,False
F0183,3,hydrogenated-polydecene,Hydrogenated Polydecene,no-take,30,True
F0183,4,dimer-dilinoleyl-dimer-dilinoleate,Dimer Dilinoleyl Dimer Dilinoleate,no-take,22,True
F0183,5,octyldodecanol,Octyldodecanol,no-take,208,False
F0183,6,polyethylene,Polyethylene,no-take,122,False
F0183,8,euphorbia-cerifera-cera,Euphorbia Cerifera (Candelilla) Wax,no-take,73,False
F0183,9,cera-alba,Cera Alba (Beeswax),no-take,41,False
F0183,10,carthamus-tinctorius-seed-oil,Carthamus Tinctorius (Safflower) Seed Oil,goodie,17,True
F0183,11,pentaerythrityl-tetra-di-t-butyl-hydroxyhydrocinnamate,Pentaerythrityl Tetra-Di-T-Butyl Hydroxyhydrocinnamate,no-take,222,False
F0183,12,parfum,Fragrance,icky,331,False
F0183,13,polyglyceryl-2-triisostearate,Polyglyceryl-2 Triisostearate,no-take,101,False
F0183,14,benzyl-alcohol,Benzyl Alcohol,no-take,85,False
F0184,1,methyl-hydrogenated-rosinate,Methyl Hydrogenated Rosinate,no-take,18,True
F0184,2,squalane,Squalane,goodie,82,False
F0184,3,polyglyceryl-2-triisostearate,Polyglyceryl-2 Triisostearate,no-take,101,False
F0184,4,helianthus-annuus-seed-wax,Helianthus Annuus (Sunflower) Seed Wax,no-take,47,False
F0184,5,dimer-dilinoleyl-dimer-dilinoleate,Dimer Dilinoleyl Dimer Dilinoleate,no-take,22,True
F0184,6,hydrogenated-styrene-methylstyrene-indene-copolymer,Hydrogenated Styrene/​Methylstyrene/​Indene Copolymer,no-take,12,True
F0184,7,sorbitan-olivate,Sorbitan Olivate,goodie,6,True
F0184,8,stearyl-heptanoate,Stearyl Heptanoate,no-take,7,True
F0184,9,trimethylolpropane-triisostearate,Trimethylolpropane Triisostearate,no-take,34,False
F0184,10,cera-alba,Cera Alba (Beeswax),no-take,41,False
F0184,11,stearyl-caprylate,Stearyl Caprylate,no-take,5,True
F0184,12,sucrose-tetrastearate-triacetate,Sucrose Tetrastearate Triacetate,no-take,22,True
F0184,13,oryza-sativa-bran-wax,Oryza Sativa (Rice) Bran Wax,sin_calificacion,10,True
F0185,1,water,Aqua (Water),no-take,106,False
F0185,2,methyl-hydrogenated-rosinate,Methyl Hydrogenated Rosinate,no-take,18,True
F0185,3,glycerin,Glycerin,superstar,102,False
F0185,4,hydrogenated-polyisobutene,Hydrogenated Polyisobutene,no-take,165,False
F0185,5,alcohol,Alcohol,icky,23,True
F0185,6,caprylic-capric-triglyceride,Caprylic/​Capric Triglyceride,no-take,215,False
F0185,7,hydrogenated-polycyclopentadiene,Hydrogenated Polycyclopentadiene,sin_calificacion,18,True
F0185,8,bis-behenyl-isostearyl-phytosteryl-dimer-dilinoleyl-dimer-dilinoleate,Bis-Behenyl/​Isostearyl/​Phytosteryl Dimer Dilinoleyl Dimer Dilinoleate,no-take,42,False
F0185,9,polyglyceryl-2-triisostearate,Polyglyceryl-2 Triisostearate,no-take,101,False
F0185,10,c10-18-triglycerides,C10-18 Triglycerides,no-take,14,True
F0185,14,hydroxyethyl-acrylate-sodium-acryloyldimethyl-taurate-copolymer,Hydroxyethyl Acrylate/​Sodium Acryloyldimethyl Taurate Copolymer,no-take,20,True
F0186,1,methyl-hydrogenated-rosinate,Methyl Hydrogenated Rosinate,no-take,18,True
F0186,2,squalane,Squalane,goodie,82,False
F0186,3,polyglyceryl-2-triisostearate,Polyglyceryl-2 Triisostearate,no-take,101,False
F0186,4,helianthus-annuus-seed-wax,Helianthus Annuus (Sunflower) Seed Wax,no-take,47,False
F0186,5,dimer-dilinoleyl-dimer-dilinoleate,Dimer Dilinoleyl Dimer Dilinoleate,no-take,22,True
F0186,6,hydrogenated-styrene-methylstyrene-indene-copolymer,Hydrogenated Styrene/​Methylstyrene/​Indene Copolymer,no-take,12,True
F0186,7,sorbitan-olivate,Sorbitan Olivate,goodie,6,True
F0186,8,stearyl-heptanoate,Stearyl Heptanoate,no-take,7,True
F0186,9,cera-alba,Cera Alba (Beeswax),no-take,41,False
F0186,10,stearyl-caprylate,Stearyl Caprylate,no-take,5,True
F0186,11,trimethylolpropane-triisostearate,Trimethylolpropane Triisostearate,no-take,34,False
F0186,12,sucrose-tetrastearate-triacetate,Sucrose Tetrastearate Triacetate,no-take,22,True
F0186,13,oryza-sativa-bran-wax,Oryza Sativa (Rice) Bran Wax,sin_calificacion,10,True
F0187,1,polyglyceryl-2-triisostearate,Polyglyceryl-2 Triisostearate,no-take,101,False
F0187,2,isododecane,Isododecane,no-take,59,False
F0187,3,jojoba-esters,Jojoba Esters,no-take,18,True
F0187,4,polyethylene,Polyethylene,no-take,122,False
F0187,5,microcrystalline-wax,Cera Microcristallina (Microcrystalline Wax),no-take,140,False
F0187,7,hydrogenated-polyisobutene,Hydrogenated Polyisobutene,no-take,165,False
F0187,8,trimethylolpropane-triisostearate,Trimethylolpropane Triisostearate,no-take,34,False
F0187,9,parfum,Fragrance,icky,331,False
F0187,10,propyl-gallate,Propyl Gallate,no-take,27,True
F0187,11,geraniol,Geraniol,icky,43,False
F0187,12,citronellol,Citronellol,icky,45,False
F0187,13,tocopherol,Tocopherol,goodie,289,False
F0187,14,amyl-cinnamal,Amyl Cinnamal,no-take,8,True
F0187,15,limonene,Limonene,icky,138,False
F0188,1,c10-30-cholesterol-lanosterol-esters,C10-30 Cholesterol/​Lanosterol Esters,goodie,10,True
F0188,2,diisostearyl-malate,Diisostearyl Malate,no-take,228,False
F0188,3,bis-diglyceryl-polyacyladipate-2,Bis-Diglyceryl Polyacyladipate-2,no-take,169,False
F0188,4,phytosteryl-octyldodecyl-lauroyl-glutamate,Phytosteryl/​Octyldodecyl Lauroyl Glutamate,goodie,16,True
F0188,5,synthetic-beeswax,Synthetic Beeswax,no-take,25,True
F0188,6,dimer-dilinoleyl-dimer-dilinoleate,Dimer Dilinoleyl Dimer Dilinoleate,no-take,22,True
F0188,7,ethylhexyl-methoxycinnamate,Ethylhexyl Methoxycinnamate,no-take,10,True
F0188,8,mangifera-indica-seed-oil,Mangifera Indica (Mango) Seed Butter,goodie,38,False
F0188,9,ozokerite,Ozokerite,no-take,42,False
F0188,11,polyethylene,Polyethylene,no-take,122,False
F0188,12,ethylhexyl-palmitate,Ethylhexyl Palmitate,no-take,205,False
F0188,14,parfum,Parfum (Fragrance),icky,331,False
F0188,15,luffa-cylindrica-seed-oil,Luffa Cylindrica Seed Oil,sin_calificacion,5,True
F0189,1,isododecane,Isododecane,no-take,59,False
F0189,2,diphenyl-dimethicone,Diphenyl Dimethicone,no-take,6,True
F0189,3,trioctyldodecyl-citrate,Trioctyldodecyl Citrate,no-take,6,True
F0189,8,alcohol,Alcohol,icky,23,True
F0189,10,parfum,Parfum (Fragrance),icky,331,False
F0190,1,methyl-hydrogenated-rosinate,Methyl Hydrogenated Rosinate,no-take,18,True
F0190,2,dimer-dilinoleyl-dimer-dilinoleate,Dimer Dilinoleyl Dimer Dilinoleate,no-take,22,True
F0190,3,polyglyceryl-2-triisostearate,Polyglyceryl-2 Triisostearate,no-take,101,False
F0190,5,jojoba-esters,Jojoba Esters,no-take,18,True
F0190,7,glyceryl-behenate-eicosadioate,Glyceryl Behenate/​Eicosadioate,no-take,21,True
F0190,8,ethylhexyl-palmitate,Ethylhexyl Palmitate,no-take,205,False
F0190,9,dipalmitoyl-hydroxyproline,Dipalmitoyl Hydroxyproline,sin_calificacion,8,True
F0190,10,menthoxypropanediol,Menthoxypropanediol,sin_calificacion,16,True
F0190,11,parfum,Parfum (Fragrance),icky,331,False
F0190,12,prunus-avium-seed-oil,Prunus Avium (Sweet Cherry) Seed Oil,no-take,23,True
F0190,13,ethyl-vanillin,Ethyl Vanillin,no-take,38,False
F0190,14,tocopherol,Tocopherol,goodie,289,False
F0190,15,trihydroxystearin,Trihydroxystearin,no-take,32,True
F0191,1,bis-diglyceryl-polyacyladipate-2,Bis-Diglyceryl Polyacyladipate-2,no-take,169,False
F0191,2,dimer-dilinoleyl-dimer-dilinoleate,Dimer Dilinoleyl Dimer Dilinoleate,no-take,22,True
F0191,3,polyglyceryl-2-triisostearate,Polyglyceryl-2 Triisostearate,no-take,101,False
F0191,4,methyl-hydrogenated-rosinate,Methyl Hydrogenated Rosinate,no-take,18,True
F0191,5,ricinus-communis-seed-oil,Ricinus Communis (Castor) Seed Oil,no-take,145,False
F0191,6,squalane,Squalane,goodie,82,False
F0191,7,glyceryl-behenate-eicosadioate,Glyceryl Behenate/​Eicosadioate,no-take,21,True
F0191,8,c12-15-alkyl-benzoate,C12-15 Alkyl Benzoate,no-take,29,True
F0191,9,stearalkonium-hectorite,Stearalkonium Hectorite,no-take,26,True
F0191,10,parfum,Parfum (Fragrance),icky,331,False
F0191,11,1-2-hexanediol,"1,2-Hexanediol",no-take,28,True
F0191,12,propylene-carbonate,Propylene Carbonate,no-take,95,False
F0191,13,hydroxystearic-acid,Hydroxystearic Acid,no-take,8,True
F0191,14,tribehenin,Tribehenin,no-take,82,False
F0191,15,trimethylolpropane-triisostearate,Trimethylolpropane Triisostearate,no-take,34,False
F0192,1,polybutene,Polybutene,no-take,212,False
F0192,2,helianthus-annuus-seed-oil,Helianthus Annuus (Sunflower) Seed Oil,goodie,123,False
F0192,3,caprylic-capric-triglyceride,Caprylic/​Capric Triglyceride,no-take,215,False
F0192,4,cannabis-sativa-seed-oil,Cannabis Sativa (Hemp) Seed Oil,no-take,8,True
F0192,5,aroma,Flavor,sin_calificacion,150,False
F0192,6,tocopheryl-acetate,Tocopheryl Acetate,no-take,357,False
F0192,7,olea-europaea-fruit-oil,Olea Europaea (Olive) Fruit Oil,goodie,16,True
F0192,9,mentha-piperita-oil,Mentha Piperita (Peppermint) Oil,icky,16,True
F0192,10,phenoxyethanol,Phenoxyethanol,no-take,286,False
F0192,11,caprylyl-glycol,Caprylyl Glycol,no-take,167,False
F0192,12,potassium-sorbate,Potassium Sorbate,no-take,11,True
F0192,13,hexylene-glycol,Hexylene Glycol,no-take,51,False
F0193,1,bis-behenyl-isostearyl-phytosteryl-dimer-dilinoleyl-dimer-dilinoleate,Bis-Behenyl/​Isostearyl/​Phytosteryl Dimer Dilinoleyl Dimer Dilinoleate,no-take,42,False
F0193,2,hydrogenated-polyisobutene,Hydrogenated Polyisobutene,no-take,165,False
F0193,3,tridecyl-trimellitate,Tridecyl Trimellitate,no-take,126,False
F0193,4,hydrogenated-styrene-methylstyrene-indene-copolymer,Hydrogenated Styrene/​Methylstyrene/​Indene Copolymer,no-take,12,True
F0193,5,diisostearyl-malate,Diisostearyl Malate,no-take,228,False
F0193,6,simmondsia-chinensis-seed-oil,Simmondsia Chinensis (Jojoba) Seed Oil,goodie,134,False
F0193,7,microcrystalline-wax,Microcrystalline Wax (Cera Microcristallina),no-take,140,False
F0193,8,mangifera-indica-seed-oil,Mangifera Indica (Mango) Seed Butter,goodie,38,False
F0193,9,theobroma-cacao-seed-butter,Theobroma Cacao (Cocoa) Seed Butter,goodie,18,True
F0193,10,octyldodecanol,Octyldodecanol,no-take,208,False
F0193,11,butyrospermum-parkii-butter,Butyrospermum Parkii (Shea) Butter,goodie,149,False
F0193,12,synthetic-wax,Synthetic Wax,no-take,176,False
F0193,13,polyglyceryl-2-diisostearate,Polyglyceryl-2 Diisostearate,no-take,8,True
F0193,14,silica-dimethyl-silylate,Silica Dimethyl Silylate,no-take,160,False
F0193,15,parfum,Fragrance (Parfum),icky,331,False
F0194,1,bis-behenyl-isostearyl-phytosteryl-dimer-dilinoleyl-dimer-dilinoleate,Bis-Behenyl/​Isostearyl/​Phytosteryl Dimer Dilinoleyl Dimer Dilinoleate,no-take,42,False
F0194,2,diisostearyl-malate,Diisostearyl Malate,no-take,228,False
F0194,3,hydrogenated-polyisobutene,Hydrogenated Polyisobutene,no-take,165,False
F0194,4,bis-diglyceryl-polyacyladipate-2,Bis-Diglyceryl Polyacyladipate-2,no-take,169,False
F0194,5,synthetic-wax,Synthetic Wax,no-take,176,False
F0194,6,polyglyceryl-2-triisostearate,Polyglyceryl-2 Triisostearate,no-take,101,False
F0194,7,menthone-glycerin-acetal,Menthone Glycerin Acetal,no-take,15,True
F0194,8,silica-dimethyl-silylate,Silica Dimethyl Silylate,no-take,160,False
F0194,9,passiflora-edulis-seed-oil,Passiflora Edulis Seed Oil,goodie,15,True
F0194,10,microcrystalline-wax,Microcrystalline Wax (Cera Microcristallina),no-take,140,False
F0194,11,punica-granatum-fruit-extract,Punica Granatum Fruit Extract,sin_calificacion,6,True
F0194,12,citrullus-lanatus-fruit-extract,Citrullus Lanatus (Watermelon) Fruit Extract,goodie,6,True
F0194,13,vaccinium-angustifolium-fruit-extract,Vaccinium Angustifolium (Blueberry) Fruit Extract,no-take,8,True
F0194,14,sodium-hyaluronate,Sodium Hyaluronate,goodie,132,False
F0194,15,ricinus-communis-seed-oil,Ricinus Communis (Castor) Seed Oil,no-take,145,False
F0195,1,polyisobutene,Polyisobutene,no-take,121,False
F0195,2,pentaerythrityl-tetraethylhexanoate,Pentaerythrityl Tetraethylhexanoate,no-take,10,True
F0195,3,hydrogenated-polyisobutene,Hydrogenated Polyisobutene,no-take,165,False
F0195,4,c12-15-alkyl-benzoate,C12-15 Alkyl Benzoate,no-take,29,True
F0195,5,tridecyl-trimellitate,Tridecyl Trimellitate,no-take,126,False
F0195,6,octyldodecanol,Octyldodecanol,no-take,208,False
F0195,7,microcrystalline-wax,Microcrystalline Wax (Cera Microcristallina),no-take,140,False
F0195,9,silica-dimethyl-silylate,Silica Dimethyl Silylate,no-take,160,False
F0195,11,camellia-oleifera-seed-oil,Camellia Oleifera Seed Oil,goodie,18,True
F0195,12,triethoxycaprylylsilane,Triethoxycaprylylsilane,no-take,28,True
F0195,13,parfum,Fragrance (Parfum),icky,331,False
F0195,14,ethylhexylglycerin,Ethylhexylglycerin,no-take,134,False
F0195,15,polyhydroxystearic-acid,Polyhydroxystearic Acid,no-take,36,False
F0196,1,bis-behenyl-isostearyl-phytosteryl-dimer-dilinoleyl-dimer-dilinoleate,Bis-Behenyl/​Isostearyl/​Phytosteryl Dimer Dilinoleyl Dimer Dilinoleate,no-take,42,False
F0196,2,diisostearyl-malate,Diisostearyl Malate,no-take,228,False
F0196,3,hydrogenated-polyisobutene,Hydrogenated Polyisobutene,no-take,165,False
F0196,4,bis-diglyceryl-polyacyladipate-2,Bis-Diglyceryl Polyacyladipate-2,no-take,169,False
F0196,5,synthetic-wax,Synthetic Wax,no-take,176,False
F0196,6,polyglyceryl-2-triisostearate,Polyglyceryl-2 Triisostearate,no-take,101,False
F0196,7,menthone-glycerin-acetal,Menthone Glycerin Acetal,no-take,15,True
F0196,8,passiflora-edulis-seed-oil,Passiflora Edulis Seed Oil,goodie,15,True
F0196,9,silica-dimethyl-silylate,Silica Dimethyl Silylate,no-take,160,False
F0196,10,microcrystalline-wax,Microcrystalline Wax (Cera Microcristallina),no-take,140,False
F0196,11,ricinus-communis-seed-oil,Ricinus Communis (Castor) Seed Oil,no-take,145,False
F0196,12,parfum,Fragrance (Parfum),icky,331,False
F0196,13,tocopherol,Tocopherol,goodie,289,False
F0196,14,sodium-hyaluronate,Sodium Hyaluronate,goodie,132,False
F0196,15,ethylhexylglycerin,Ethylhexylglycerin,no-take,134,False
F0197,1,polybutene,Polybutene,no-take,212,False
F0197,2,caprylic-capric-triglyceride,Caprylic/​Capric Triglyceride,no-take,215,False
F0197,3,paraffinum-liquidum,Paraffinum Liquidum (Mineral Oil),no-take,33,False
F0197,4,silica-dimethyl-silylate,Silica Dimethyl Silylate,no-take,160,False
F0197,5,microcrystalline-wax,Microcrystalline Wax (Cera Microcristallina),no-take,140,False
F0197,6,tridecyl-trimellitate,Tridecyl Trimellitate,no-take,126,False
F0197,7,ethylhexyl-palmitate,Ethylhexyl Palmitate,no-take,205,False
F0197,8,theobroma-cacao-seed-butter,Theobroma Cacao (Cocoa) Seed Butter,goodie,18,True
F0197,9,diisostearyl-malate,Diisostearyl Malate,no-take,228,False
F0197,10,persea-gratissima-oil,Persea Gratissima (Avocado) Oil,goodie,45,False
F0197,11,vitis-vinifera-seed-oil,Vitis Vinifera (Grape) Seed Oil,goodie,15,True
F0197,12,parfum,Fragrance(Parfum),icky,331,False
F0197,13,caprylyl-glycol,Caprylyl Glycol,no-take,167,False
F0197,14,phenoxyethanol,Phenoxyethanol,no-take,286,False
F0197,15,helianthus-annuus-seed-oil,Helianthus Annuus (Sunflower) Seed Oil,goodie,123,False
F0198,1,polyisobutene,Polyisobutene,no-take,121,False
F0198,2,pentaerythrityl-tetraethylhexanoate,Pentaerythrityl Tetraethylhexanoate,no-take,10,True
F0198,3,hydrogenated-polyisobutene,Hydrogenated Polyisobutene,no-take,165,False
F0198,4,octyldodecanol,Octyldodecanol,no-take,208,False
F0198,5,microcrystalline-wax,Microcrystalline Wax,no-take,140,False
F0198,6,silica-dimethyl-silylate,Silica Dimethyl Silylate,no-take,160,False
F0198,7,menthol,Menthol,icky,47,False
F0198,8,menthyl-lactate,Menthyl Lactate,icky,12,True
F0198,9,phenoxyethanol,Phenoxyethanol,no-take,286,False
F0198,10,parfum,Parfum,icky,331,False
F0198,11,tridecyl-trimellitate,Tridecyl Trimellitate,no-take,126,False
F0198,12,caprylyl-glycol,Caprylyl Glycol,no-take,167,False
F0198,13,vp-hexadecene-copolymer,VP/​Hexadecene Copolymer,no-take,45,False
F0198,14,cocos-nucifera-oil,Cocos Nucifera Oil,goodie,57,False
F0198,15,tocopherol,Tocopherol,goodie,289,False
F0199,1,bis-diglyceryl-polyacyladipate-2,Bis-Diglyceryl Polyacyladipate-2,no-take,169,False
F0199,2,ricinus-communis-seed-oil,Ricinus Communis (Castor) Seed Oil,no-take,145,False
F0199,3,microcrystalline-wax,Microcrystalline Wax (Cera Microcristallina),no-take,140,False
F0199,4,hydrogenated-castor-oil,Hydrogenated Castor Oil,no-take,55,False
F0199,5,parfum,Fragrance (Parfum),icky,331,False
F0199,6,tocopheryl-acetate,Tocopheryl Acetate,no-take,357,False
F0199,7,simmondsia-chinensis-seed-oil,Simmondsia Chinensis (Jojoba) Seed Oil,goodie,134,False
F0199,8,soluble-collagen,Soluble Collagen,goodie,10,True
F0199,10,phenoxyethanol,Phenoxyethanol,no-take,286,False
F0200,1,tridecyl-trimellitate,Tridecyl Trimellitate,no-take,126,False
F0200,2,ethylhexyl-palmitate,Ethylhexyl Palmitate,no-take,205,False
F0200,3,diisostearyl-malate,Diisostearyl Malate,no-take,228,False
F0200,4,paraffin,Paraffin,no-take,37,False
F0200,5,isohexadecane,Isohexadecane,no-take,18,True
F0200,6,polyethylene,Polyethylene,no-take,122,False
F0200,7,microcrystalline-wax,Microcrystalline Wax (Cera Microcristallina),no-take,140,False
F0200,8,polymethyl-methacrylate,Polymethyl Methacrylate,no-take,7,True
F0200,9,caprylic-capric-triglyceride,Caprylic/​Capric Triglyceride,no-take,215,False
F0200,10,polyisobutene,Polyisobutene,no-take,121,False
F0200,11,isononyl-isononanoate,Isononyl Isononanoate,no-take,37,False
F0200,12,kaolin,Kaolin,goodie,40,False
F0200,13,silica-dimethyl-silylate,Silica Dimethyl Silylate,no-take,160,False
F0200,14,phytosteryl-octyldodecyl-lauroyl-glutamate,Phytosteryl/​Octyldodecyl Lauroyl Glutamate,goodie,16,True
F0200,15,tocopheryl-acetate,Tocopheryl Acetate (Ve),no-take,357,False
F0201,2,c12-15-alkyl-benzoate,C12-15 Alkyl Benzoate,no-take,29,True
F0201,3,octyldodecanol,Octyldodecanol,no-take,208,False
F0201,4,silica,Silica,no-take,267,False
F0201,5,phenyl-trimethicone,Phenyl Trimethicone,no-take,23,True
F0201,6,polyethylene,Polyethylene,no-take,122,False
F0201,7,microcrystalline-wax,Microcrystalline Wax (Cera Microcristallina),no-take,140,False
F0201,8,copernicia-cerifera-wax,Copernicia Cerifera (Carnauba) Wax,no-take,67,False
F0201,9,vp-eicosene-copolymer,Vp/​Eicosene Copolymer,no-take,11,True
F0201,10,tocopheryl-acetate,Tocopheryl Acetate (Ve),no-take,357,False
F0201,12,argania-spinosa-kernel-oil,Argania Spinosa (Argan) Kernel Oil,goodie,36,False
F0201,14,phenoxyethanol,Phenoxyethanol,no-take,286,False
F0201,15,caprylyl-glycol,Caprylyl Glycol,no-take,167,False
F0202,1,polybutene,Polybutene,no-take,212,False
F0202,2,hydrogenated-polydecene,Hydrogenated Polydecene,no-take,30,True
F0202,3,microcrystalline-wax,Microcrystalline Wax (Cera Microcristallina),no-take,140,False
F0202,4,bis-diglyceryl-polyacyladipate-2,Bis-Diglyceryl Polyacyladipate-2,no-take,169,False
F0202,5,hydrogenated-styrene-isoprene-copolymer,Hydrogenated Styrene/​Isoprene Copolymer,no-take,44,False
F0202,6,silica,Silica,no-take,267,False
F0202,7,theobroma-cacao-seed-butter,Theobroma Cacao (Cocoa) Seed Butter,goodie,18,True
F0202,8,ricinus-communis-seed-oil,Ricinus Communis (Castor) Seed Oil,no-take,145,False
F0202,11,synthetic-wax,Synthetic Wax,no-take,176,False
F0202,12,phytosteryl-macadamiate,Phytosteryl Macadamiate,goodie,5,True
F0202,14,bis-behenyl-isostearyl-phytosteryl-dimer-dilinoleyl-dimer-dilinoleate,Bis-Behenyl/​Isostearyl/​Phytosteryl Dimer Dilinoleyl Dimer Dilinoleate,no-take,42,False
F0202,15,ethylhexyl-palmitate,Ethylhexyl Palmitate,no-take,205,False
F0203,1,c9-12-alkane,C9-12 Alkane,no-take,5,True
F0203,2,dimethicone,Dimethicone,no-take,103,False
F0203,3,isohexadecane,Isohexadecane,no-take,18,True
F0203,5,caprylic-capric-triglyceride,Caprylic/​Capric Triglyceride,no-take,215,False
F0203,8,simmondsia-chinensis-seed-oil,Simmondsia Chinensis (Jojoba) Seed Oil,goodie,134,False
F0203,9,squalane,Squalane,goodie,82,False
F0203,10,parfum,Fragrance (Parfum),icky,331,False
F0203,11,tocopheryl-acetate,Tocopheryl Acetate,no-take,357,False
F0203,12,diphenyl-dimethicone,Diphenyl Dimethicone,no-take,6,True
F0203,13,glycine-soja-oil,Glycine Soja (Soybean) Oil,goodie,41,False
F0203,14,beta-carotene,Beta-Carotene,sin_calificacion,7,True
F0203,15,daucus-carota-sativa-root-extract,Daucus Carota Sativa (Carrot) Root Extract,goodie,7,True
F0204,1,diisostearyl-malate,Diisostearyl Malate,no-take,228,False
F0204,2,bis-diglyceryl-polyacyladipate-2,Bis-Diglyceryl Polyacyladipate-2,no-take,169,False
F0204,3,phytosteryl-isostearyl-cetyl-stearyl-behenyl-dimer-dilinoleate,Phytosteryl/​Isostearyl/​Cetyl/​Stearyl/​Behenyl Dimer Dilinoleate,no-take,16,True
F0204,4,octyldodecanol,Octyldodecanol,no-take,208,False
F0204,5,polyisobutene,Polyisobutene,no-take,121,False
F0204,6,polyethylene,Polyethylene,no-take,122,False
F0204,7,pentaerythrityl-tetraisostearate,Pentaerythrityl Tetraisostearate,no-take,100,False
F0204,9,isotridecyl-isononanoate,Isotridecyl Isononanoate,no-take,5,True
F0204,10,pentaerythrityl-adipate-caprate-caprylate-heptanoate,Pentaerythrityl Adipate/​Caprate/​Caprylate/​Heptanoate,no-take,8,True
F0204,11,microcrystalline-wax,Microcrystalline Wax (Cera Microcristallina),no-take,140,False
F0204,12,isostearic-acid,Isostearic Acid,no-take,17,True
F0204,13,dibutyl-lauroyl-glutamide,Dibutyl Lauroyl Glutamide,no-take,13,True
F0204,14,parfum,Fragrance (Parfum),icky,331,False
F0204,15,dibutyl-ethylhexanoyl-glutamide,Dibutyl Ethylhexanoyl Glutamide,no-take,18,True
F0205,1,hydrogenated-polyisobutene,Hydrogenated Polyisobutene,no-take,165,False
F0205,2,tridecyl-trimellitate,Tridecyl Trimellitate,no-take,126,False
F0205,3,hydrogenated-styrene-isoprene-copolymer,Hydrogenated Styrene/​Isoprene Copolymer,no-take,44,False
F0205,4,phytosteryl-octyldodecyl-lauroyl-glutamate,Phytosteryl/​Octyldodecyl Lauroyl Glutamate,goodie,16,True
F0205,5,polyisobutene,Polyisobutene,no-take,121,False
F0205,6,dextrin-palmitate,Dextrin Palmitate,no-take,10,True
F0205,7,squalane,Squalane,goodie,82,False
F0205,8,parfum,Fragrance (Parfum),icky,331,False
F0205,9,tocopheryl-acetate,Tocopheryl Acetate,no-take,357,False
F0205,10,diethylhexyl-syringylidenemalonate,Diethylhexyl Syringylidenemalonate,no-take,30,True
F0205,11,phenoxyethanol,Phenoxyethanol,no-take,286,False
F0205,12,caprylyl-glycol,Caprylyl Glycol,no-take,167,False
F0205,13,prunus-armeniaca-kernel-oil,Prunus Armeniaca (Apricot) Kernel Oil,goodie,19,True
F0205,14,persea-gratissima-oil,Persea Gratissima (Avocado) Oil,goodie,45,False
F0205,15,simmondsia-chinensis-seed-oil,Simmondsia Chinensis (Jojoba) Seed Oil,goodie,134,False
F0206,1,bis-diglyceryl-polyacyladipate-2,Bis-Diglyceryl Polyacyladipate-2,no-take,169,False
F0206,2,water,Water (Aqua),no-take,106,False
F0206,3,diisostearyl-malate,Diisostearyl Malate,no-take,228,False
F0206,5,pentylene-glycol,Pentylene Glycol,no-take,26,True
F0206,6,glycerin,Glycerin,superstar,102,False
F0206,7,octyldodecanol,Octyldodecanol,no-take,208,False
F0206,8,polysorbate-60,Polysorbate 60,no-take,18,True
F0206,9,polybutene,Polybutene,no-take,212,False
F0206,10,dipropylene-glycol,Dipropylene Glycol,no-take,5,True
F0206,11,hydroxyethyl-acrylate-sodium-acryloyldimethyl-taurate-copolymer,Hydroxyethyl Acrylate/​Sodium Acryloyldimethyl Taurate Copolymer,no-take,20,True
F0206,12,ceteareth-20,Ceteareth-20,no-take,5,True
F0206,13,squalane,Squalane,goodie,82,False
F0206,14,sorbitan-stearate,Sorbitan Stearate,no-take,5,True
F0206,15,cetyl-peg-ppg-10-1-dimethicone,Cetyl PEG/​PPG-10/​1 Dimethicone,no-take,26,True
F0207,1,hydrogenated-polyisobutene,Hydrogenated Polyisobutene,no-take,165,False
F0207,2,diisostearyl-malate,Diisostearyl Malate,no-take,228,False
F0207,3,ethylene-propylene-styrene-copolymer,Ethylene/​Propylene/​Styrene Copolymer,no-take,70,False
F0207,4,tridecyl-trimellitate,Tridecyl Trimellitate,no-take,126,False
F0207,5,hydrogenated-polydecene,Hydrogenated Polydecene,no-take,30,True
F0207,6,methyl-hydrogenated-rosinate,Methyl Hydrogenated Rosinate,no-take,18,True
F0207,7,oleic-linoleic-linolenic-polyglycerides,Oleic/​Linoleic/​Linolenic Polyglycerides,goodie,15,True
F0207,8,persea-gratissima-oil,Persea Gratissima (Avocado) Oil,goodie,45,False
F0207,9,cocos-nucifera-oil,Cocos Nucifera (Coconut) Oil,goodie,57,False
F0207,10,ricinus-communis-seed-oil,Ricinus Communis (Castor) Seed Oil,no-take,145,False
F0207,11,sodium-hyaluronate,Sodium Hyaluronate,goodie,132,False
F0207,12,hydrogenated-castor-oil,Hydrogenated Castor Oil,no-take,55,False
F0207,13,parfum,Fragrance (Parfum),icky,331,False
F0207,14,phenoxyethanol,Phenoxyethanol,no-take,286,False
F0207,15,butylene-ethylene-styrene-copolymer,Butylene/​Ethylene/​- Styrene Copolymer,no-take,68,False
F0208,2,hydrogenated-polyisobutene,Hydrogenated Polyisobutene,no-take,165,False
F0208,4,dextrin-palmitate,Dextrin Palmitate,no-take,10,True
F0208,5,ethylhexylglycerin,Ethylhexylglycerin,no-take,134,False
F0208,6,diethylhexyl-syringylidenemalonate,Diethylhexyl Syringylidenemalonate,no-take,30,True
F0208,7,parfum,Fragrance (Parfum),icky,331,False
F0208,8,squalane,Squalane,goodie,82,False
F0208,9,simethicone,Simethicone,no-take,9,True
F0208,10,caprylic-capric-triglyceride,Caprylic/​Capric Triglyceride,no-take,215,False
F0208,11,butyrospermum-parkii-butter,Butyrospermum Parkii (Shea Butter),goodie,149,False
F0208,12,water,Water (Aqua),no-take,106,False
F0208,13,ricinus-communis-seed-oil,Ricinus Communis (Castor) Seed Oil,no-take,145,False
F0208,14,butylene-glycol,Butylene Glycol,no-take,61,False
F0208,15,glycerin,Glycerin,superstar,102,False
F0209,1,polyglyceryl-2-triisostearate,Polyglyceryl-2 Triisostearate,no-take,101,False
F0209,2,ethylhexyl-palmitate,Ethylhexyl Palmitate,no-take,205,False
F0209,3,bis-diglyceryl-polyacyladipate-2,Bis-Diglyceryl Polyacyladipate-2,no-take,169,False
F0209,4,synthetic-wax,Synthetic Wax,no-take,176,False
F0209,5,silica,Silica,no-take,267,False
F0209,6,euphorbia-cerifera-cera,Euphorbia Cerifera (Candelilla) Wax,no-take,73,False
F0209,7,squalane,Squalane,goodie,82,False
F0209,8,isononyl-isononanoate,Isononyl Isononanoate,no-take,37,False
F0209,9,jojoba-esters,Jojoba Esters,no-take,18,True
F0209,10,caprylic-capric-triglyceride,Caprylic/​Capric Triglyceride,no-take,215,False
F0209,11,hydrogenated-polycyclopentadiene,Hydrogenated Polycyclopentadiene,sin_calificacion,18,True
F0209,12,microcrystalline-wax,Microcrystalline Wax (Cera Microcristallina),no-take,140,False
F0209,14,helianthus-annuus-seed-wax,Helianthus Annuus (Sunflower) Seed Wax,no-take,47,False
F0209,15,sclerocarya-birrea-seed-oil,Sclerocarya Birrea Seed Oil,goodie,8,True
F0210,1,polybutene,Polybutene,no-take,212,False
F0210,2,pentaerythrityl-tetraethylhexanoate,Pentaerythrityl Tetraethylhexanoate,no-take,10,True
F0210,3,hydrogenated-polyisobutene,Hydrogenated Polyisobutene,no-take,165,False
F0210,4,octyldodecanol,Octyldodecanol,no-take,208,False
F0210,5,microcrystalline-wax,Microcrystalline Wax (Cera Microcristallina),no-take,140,False
F0210,6,silica-dimethyl-silylate,Silica Dimethyl Silylate,no-take,160,False
F0210,7,menthyl-lactate,Menthyl Lactate,icky,12,True
F0210,8,menthol,Menthol,icky,47,False
F0210,9,phenoxyethanol,Phenoxyethanol,no-take,286,False
F0210,10,parfum,Fragrance (Parfum),icky,331,False
F0210,11,caprylyl-glycol,Caprylyl Glycol,no-take,167,False
F0210,12,cocos-nucifera-oil,Cocos Nucifera (Coconut) Oil,goodie,57,False
F0210,13,tocopheryl-acetate,Tocopheryl Acetate (Ve),no-take,357,False
F0210,14,vp-hexadecene-copolymer,Vp/​Hexadecene Copolymer,no-take,45,False
F0210,15,vanillyl-butyl-ether,Vanillyl Butyl Ether,sin_calificacion,33,False
F0211,1,hydrogenated-polyisobutene,Hydrogenated Polyisobutene,no-take,165,False
F0211,2,tridecyl-trimellitate,Tridecyl Trimellitate,no-take,126,False
F0211,3,polyisobutene,Polyisobutene,no-take,121,False
F0211,4,phytosteryl-octyldodecyl-lauroyl-glutamate,Phytosteryl/​Octyldodecyl Lauroyl Glutamate,goodie,16,True
F0211,5,hydrogenated-styrene-isoprene-copolymer,Hydrogenated Styrene/​Isoprene Copolymer,no-take,44,False
F0211,6,squalane,Squalane,goodie,82,False
F0211,7,prunus-armeniaca-kernel-oil,Prunus Armeniaca (Apricot) Kernel Oil,goodie,19,True
F0211,8,persea-gratissima-oil,Persea Gratissima (Avocado) Oil,goodie,45,False
F0211,9,simmondsia-chinensis-seed-oil,Simmondsia Chinensis (Jojoba) Seed Oil,goodie,134,False
F0211,10,punica-granatum-seed-oil,Punica Granatum Seed Oil,goodie,13,True
F0211,11,tocopheryl-acetate,Tocopheryl Acetate,no-take,357,False
F0211,12,parfum,Fragrance (Parfum),icky,331,False
F0211,13,diethylhexyl-syringylidenemalonate,Diethylhexyl Syringylidenemalonate,no-take,30,True
F0211,14,phenoxyethanol,Phenoxyethanol,no-take,286,False
F0211,15,caprylyl-glycol,Caprylyl Glycol,no-take,167,False
F0212,1,isododecane,Isododecane,no-take,59,False
F0212,5,propylene-carbonate,Propylene Carbonate,no-take,95,False
F0212,6,phenoxyethanol,Phenoxyethanol,no-take,286,False
F0212,7,kaolin,Kaolin,goodie,40,False
F0212,8,tocopheryl-acetate,Tocopheryl Acetate (Ve),no-take,357,False
F0213,1,bis-diglyceryl-polyacyladipate-2,Bis-Diglyceryl Polyacyladipate-2,no-take,169,False
F0213,2,water,Water (Aqua),no-take,106,False
F0213,3,diisostearyl-malate,Diisostearyl Malate,no-take,228,False
F0213,5,pentylene-glycol,Pentylene Glycol,no-take,26,True
F0213,6,glycerin,Glycerin,superstar,102,False
F0213,7,octyldodecanol,Octyldodecanol,no-take,208,False
F0213,8,polysorbate-60,Polysorbate 60,no-take,18,True
F0213,9,polybutene,Polybutene,no-take,212,False
F0213,10,dipropylene-glycol,Dipropylene Glycol,no-take,5,True
F0213,11,hydroxyethyl-acrylate-sodium-acryloyldimethyl-taurate-copolymer,Hydroxyethyl Acrylate/​Sodium Acryloyldimethyl Taurate Copolymer,no-take,20,True
F0213,12,ceteareth-20,Ceteareth-20,no-take,5,True
F0213,13,squalane,Squalane,goodie,82,False
F0213,14,sorbitan-stearate,Sorbitan Stearate,no-take,5,True
F0213,15,cetyl-peg-ppg-10-1-dimethicone,Cetyl PEG/​PPG-10/​1 Dimethicone,no-take,26,True
F0214,1,hydrogenated-polyisobutene,Hydrogenated Polyisobutene,no-take,165,False
F0214,2,tridecyl-trimellitate,Tridecyl Trimellitate,no-take,126,False
F0214,3,hydrogenated-styrene-isoprene-copolymer,Hydrogenated Styrene/​Isoprene Copolymer,no-take,44,False
F0214,4,phytosteryl-octyldodecyl-lauroyl-glutamate,Phytosteryl/​Octyldodecyl Lauroyl Glutamate,goodie,16,True
F0214,5,polyisobutene,Polyisobutene,no-take,121,False
F0214,6,dextrin-palmitate,Dextrin Palmitate,no-take,10,True
F0214,7,squalane,Squalane,goodie,82,False
F0214,8,parfum,Fragrance (Parfum),icky,331,False
F0214,9,tocopheryl-acetate,Tocopheryl Acetate,no-take,357,False
F0214,10,phenoxyethanol,Phenoxyethanol,no-take,286,False
F0214,11,caprylyl-glycol,Caprylyl Glycol,no-take,167,False
F0214,12,prunus-armeniaca-kernel-oil,Prunus Armeniaca (Apricot) Kernel Oil,goodie,19,True
F0214,13,persea-gratissima-oil,Persea Gratissima (Avocado) Oil,goodie,45,False
F0214,14,simmondsia-chinensis-seed-oil,Simmondsia Chinensis (Jojoba) Seed Oil,goodie,134,False
F0214,15,punica-granatum-seed-oil,Punica Granatum Seed Oil,goodie,13,True
F0215,1,water,Water (Aqua),no-take,106,False
F0215,2,glycerin,Glycerin,superstar,102,False
F0215,3,methylpropanediol,Methylpropanediol,no-take,5,True
F0215,4,pentylene-glycol,Pentylene Glycol,no-take,26,True
F0215,5,phenylpropanol,Phenylpropanol,no-take,6,True
F0215,6,hydroxyacetophenone,Hydroxyacetophenone,no-take,11,True
F0215,9,ethylhexyl-palmitate,Ethylhexyl Palmitate,no-take,205,False
F0215,10,xanthan-gum,Xanthan Gum,no-take,18,True
F0215,11,trihydroxystearin,Trihydroxystearin,no-take,32,True
F0215,12,sodium-hyaluronate,Sodium Hyaluronate,goodie,132,False
F0216,1,hydrogenated-polyisobutene,Hydrogenated Polyisobutene,no-take,165,False
F0216,2,tridecyl-trimellitate,Tridecyl Trimellitate,no-take,126,False
F0216,3,hydrogenated-styrene-isoprene-copolymer,Hydrogenated Styrene/​Isoprene Copolymer,no-take,44,False
F0216,4,phytosteryl-octyldodecyl-lauroyl-glutamate,Phytosteryl/​Octyldodecyl Lauroyl Glutamate,goodie,16,True
F0216,5,polyisobutene,Polyisobutene,no-take,121,False
F0216,6,dextrin-palmitate,Dextrin Palmitate,no-take,10,True
F0216,7,squalane,Squalane,goodie,82,False
F0216,8,tocopheryl-acetate,Tocopheryl Acetate,no-take,357,False
F0216,9,diethylhexyl-syringylidenemalonate,Diethylhexyl Syringylidenemalonate,no-take,30,True
F0216,10,phenoxyethanol,Phenoxyethanol,no-take,286,False
F0216,11,caprylyl-glycol,Caprylyl Glycol,no-take,167,False
F0216,12,simmondsia-chinensis-seed-oil,Simmondsia Chinensis (Jojoba) Seed Oil,goodie,134,False
F0216,13,punica-granatum-seed-oil,Punica Granatum Seed Oil,goodie,13,True
F0216,14,prunus-armeniaca-kernel-oil,Prunus Armeniaca (Apricot) Kernel Oil,goodie,19,True
F0216,15,persea-gratissima-oil,Persea Gratissima (Avocado) Oil,goodie,45,False
F0217,1,dimethicone,Dimethicone,no-take,103,False
F0217,2,dimethicone-crosspolymer,Dimethicone Crosspolymer,no-take,30,True
F0217,3,polyglyceryl-2-triisostearate,Polyglyceryl-2 Triisostearate,no-take,101,False
F0217,4,vp-hexadecene-copolymer,VP/​Hexadecene Copolymer,no-take,45,False
F0217,5,tribehenin,Tribehenin,no-take,82,False
F0217,6,parfum,Fragrance (Parfum),icky,331,False
F0217,7,cetyl-peg-ppg-10-1-dimethicone,Cetyl PEG/​PPG-10/​1 Dimethicone,no-take,26,True
F0217,8,sorbitan-isostearate,Sorbitan Isostearate,no-take,86,False
F0217,9,simmondsia-chinensis-seed-oil,Simmondsia Chinensis (Jojoba) Seed Oil,goodie,134,False
F0217,10,ethylhexylglycerin,Ethylhexylglycerin,no-take,134,False
F0217,11,olea-europaea-fruit-oil,Olea Europaea (Olive) Fruit Oil,goodie,16,True
F0217,12,silica-dimethyl-silylate,Silica Dimethyl Silylate,no-take,160,False
F0217,13,macadamia-ternifolia-seed-oil,Macadamia Ternifolia Seed Oil,goodie,14,True
F0217,14,aluminum-hydroxide,Aluminum Hydroxide,no-take,112,False
F0217,15,tocopherol,Tocopherol,goodie,289,False
F0218,1,hydrogenated-polyisobutene,Hydrogenated Polyisobutene,no-take,165,False
F0218,2,tridecyl-trimellitate,Tridecyl Trimellitate,no-take,126,False
F0218,3,hydrogenated-styrene-isoprene-copolymer,Hydrogenated Styrene/​Isoprene Copolymer,no-take,44,False
F0218,4,phytosteryl-octyldodecyl-lauroyl-glutamate,Phytosteryl/​Octyldodecyl Lauroyl Glutamate,goodie,16,True
F0218,5,menthone-glycerin-acetal,Menthone Glycerin Acetal,no-take,15,True
F0218,6,polyisobutene,Polyisobutene,no-take,121,False
F0218,7,dextrin-palmitate,Dextrin Palmitate,no-take,10,True
F0218,8,squalane,Squalane,goodie,82,False
F0218,9,ethylhexyl-palmitate,Ethylhexyl Palmitate,no-take,205,False
F0218,10,tocopheryl-acetate,Tocopheryl Acetate,no-take,357,False
F0218,11,parfum,Fragrance (Parfum),icky,331,False
F0218,12,phenoxyethanol,Phenoxyethanol,no-take,286,False
F0218,13,vanillyl-butyl-ether,Vanillyl Butyl Ether,sin_calificacion,33,False
F0218,14,tribehenin,Tribehenin,no-take,82,False
F0218,15,caprylyl-glycol,Caprylyl Glycol,no-take,167,False
F0219,1,tridecyl-trimellitate,Tridecyl Trimellitate,no-take,126,False
F0219,2,octyldodecanol,Octyldodecanol,no-take,208,False
F0219,3,diisostearyl-malate,Diisostearyl Malate,no-take,228,False
F0219,4,isononyl-isononanoate,Isononyl Isononanoate,no-take,37,False
F0219,5,polyglyceryl-2-isostearate-dimer-dilinoleate-copolymer,Polyglyceryl-2 Isostearate/​Dimer Dilinoleate Copolymer,no-take,27,True
F0219,6,pentaerythrityl-tetraisostearate,Pentaerythrityl Tetraisostearate,no-take,100,False
F0219,7,polyethylene,Polyethylene,no-take,122,False
F0219,8,bis-diglyceryl-polyacyladipate-2,Bis-Diglyceryl Polyacyladipate-2,no-take,169,False
F0219,9,hydrogenated-microcrystalline-wax,Hydrogenated Microcrystalline Wax,no-take,12,True
F0219,10,triethylhexanoin,Triethylhexanoin,no-take,21,True
F0219,11,ozokerite,Ozokerite,no-take,42,False
F0219,12,limnanthes-alba-seed-oil,Limnanthes Alba (Meadowfoam) Seed Oil,goodie,36,False
F0219,13,hydrogenated-coco-glycerides,Hydrogenated Coco-Glycerides,no-take,11,True
F0219,14,phenoxyethanol,Phenoxyethanol,no-take,286,False
F0219,15,tocopheryl-acetate,Tocopheryl Acetate,no-take,357,False
F0220,1,paraffinum-liquidum,Paraffinum Liquidum (Mineral Oil),no-take,33,False
F0220,2,caprylic-capric-triglyceride,Caprylic/​Capric Triglyceride,no-take,215,False
F0220,3,synthetic-wax,Synthetic Wax,no-take,176,False
F0220,4,paraffin,Paraffin,no-take,37,False
F0220,5,microcrystalline-wax,Microcrystalline Wax (Cera Microcristallina),no-take,140,False
F0220,6,tridecyl-trimellitate,Tridecyl Trimellitate,no-take,126,False
F0220,8,sorbitan-sesquioleate,Sorbitan Sesquioleate,no-take,8,True
F0220,9,tocopheryl-acetate,Tocopheryl Acetate,no-take,357,False
F0220,10,synthetic-beeswax,Synthetic Beeswax,no-take,25,True
F0220,11,simmondsia-chinensis-seed-oil,Simmondsia Chinensis (Jojoba) Seed Oil,goodie,134,False
F0220,12,phenoxyethanol,Phenoxyethanol,no-take,286,False
F0220,13,caprylyl-glycol,Caprylyl Glycol,no-take,167,False
F0221,2,hydrogenated-polyisobutene,Hydrogenated Polyisobutene,no-take,165,False
F0221,4,dextrin-palmitate,Dextrin Palmitate,no-take,10,True
F0221,5,parfum,Fragrance (Parfum),icky,331,False
F0221,6,ethylhexylglycerin,Ethylhexylglycerin,no-take,134,False
F0221,7,diethylhexyl-syringylidenemalonate,Diethylhexyl Syringylidenemalonate,no-take,30,True
F0221,8,squalane,Squalane,goodie,82,False
F0221,9,simethicone,Simethicone,no-take,9,True
F0221,10,caprylic-capric-triglyceride,Caprylic/​Capric Triglyceride,no-take,215,False
F0221,11,butyrospermum-parkii-butter,Butyrospermum Parkii (Shea Butter),goodie,149,False
F0221,12,water,Water (Aqua),no-take,106,False
F0221,13,ricinus-communis-seed-oil,Ricinus Communis (Castor) Seed Oil,no-take,145,False
F0221,14,butylene-glycol,Butylene Glycol,no-take,61,False
F0221,15,glycerin,Glycerin,superstar,102,False
F0222,1,caprylic-capric-triglyceride,Caprylic/​Capric Triglyceride,no-take,215,False
F0222,2,ricinus-communis-seed-oil,Castor Oil,no-take,145,False
F0222,3,mangifera-indica-seed-oil,Mangifera Indica (Mango) Seed Butter,goodie,38,False
F0222,4,euphorbia-cerifera-cera,Euphorbia Cerifera (Candelilla) Wax,no-take,73,False
F0222,6,hydrogenated-jojoba-oil,Hydrogenated Jojoba Oil,no-take,13,True
F0222,7,copernicia-cerifera-wax,Copernicia Cerifera (Carnauba) Wax,no-take,67,False
F0222,8,limnanthes-alba-seed-oil,Limnanthes Alba (Meadowfoam) Seed Oil,goodie,36,False
F0222,9,argania-spinosa-kernel-oil,Argania Spinosa Kernel Oil,goodie,36,False
F0222,10,glyceryl-caprylate,Glyceryl Caprylate,no-take,20,True
F0222,11,tocopheryl-acetate,Tocopheryl Acetate,no-take,357,False
F0222,12,ascorbyl-palmitate,Ascorbyl Palmitate,icky,67,False
F0223,1,hydrogenated-polyisobutene,Hydrogenated Polyisobutene,no-take,165,False
F0223,2,diisostearyl-malate,Diisostearyl Malate,no-take,228,False
F0223,3,caprylic-capric-triglyceride,Caprylic/​Capric Triglyceride,no-take,215,False
F0223,4,phytosteryl-isostearyl-cetyl-stearyl-behenyl-dimer-dilinoleate,Phytosteryl/​Isostearyl/​Cetyl/​Stearyl/​Behenyl Dimer Dilinoleate,no-take,16,True
F0223,5,polyethylene,Polyethylene,no-take,122,False
F0223,7,silica-dimethyl-silylate,Silica Dimethyl Silylate,no-take,160,False
F0223,8,phenoxyethanol,Phenoxyethanol,no-take,286,False
F0223,9,tocopherol,Tocopherol,goodie,289,False
F0223,10,simethicone,Simethicone,no-take,9,True
F0223,11,silica,Silica,no-take,267,False
F0223,12,aluminum-hydroxide,Aluminum Hydroxide,no-take,112,False
F0223,13,bht,BHT,no-take,68,False
F0223,14,sodium-hyaluronate,Sodium Hyaluronate,goodie,132,False
F0224,2,hydrogenated-polyisobutene,Hydrogenated Polyisobutene,no-take,165,False
F0224,4,dextrin-palmitate,Dextrin Palmitate,no-take,10,True
F0224,5,ethylhexylglycerin,Ethylhexylglycerin,no-take,134,False
F0224,6,diethylhexyl-syringylidenemalonate,Diethylhexyl Syringylidenemalonate,no-take,30,True
F0224,7,parfum,Fragrance (Parfum),icky,331,False
F0224,8,squalane,Squalane,goodie,82,False
F0224,9,simethicone,Simethicone,no-take,9,True
F0224,10,caprylic-capric-triglyceride,Caprylic/​Capric Triglyceride,no-take,215,False
F0224,11,butyrospermum-parkii-butter,Butyrospermum Parkii (Shea Butter),goodie,149,False
F0224,12,water,Water (Aqua),no-take,106,False
F0224,13,ricinus-communis-seed-oil,Ricinus Communis (Castor) Seed Oil,no-take,145,False
F0224,14,butylene-glycol,Butylene Glycol,no-take,61,False
F0224,15,glycerin,Glycerin,superstar,102,False
F0225,1,bis-diglyceryl-polyacyladipate-2,Bis-Diglyceryl Polyacyladipate-2,no-take,169,False
F0225,2,ricinus-communis-seed-oil,Ricinus Communis (Castor) Seed Oil,no-take,145,False
F0225,3,microcrystalline-wax,Microcrystalline Wax (Cera Microcristallina),no-take,140,False
F0225,4,hydrogenated-castor-oil,Hydrogenated Castor Oil,no-take,55,False
F0225,5,parfum,Fragrance (Parfum),icky,331,False
F0225,6,tocopheryl-acetate,Tocopheryl Acetate,no-take,357,False
F0225,7,simmondsia-chinensis-seed-oil,Simmondsia Chinensis (Jojoba) Seed Oil,goodie,134,False
F0225,8,soluble-collagen,Soluble Collagen,goodie,10,True
F0225,10,phenoxyethanol,Phenoxyethanol,no-take,286,False
F0225,11,caprylyl-glycol,Caprylyl Glycol,no-take,167,False
F0226,1,diisostearyl-malate,Diisostearyl Malate,no-take,228,False
F0226,2,tridecyl-trimellitate,Tridecyl Trimellitate,no-take,126,False
F0226,3,polyisobutene,Polyisobutene,no-take,121,False
F0226,4,silica,Silica,no-take,267,False
F0226,5,simmondsia-chinensis-seed-oil,Simmondsia Chinensis (Jojoba) Seed Oil,goodie,134,False
F0226,6,limnanthes-alba-seed-oil,Limnanthes Alba (Meadowfoam) Seed Oil,goodie,36,False
F0226,7,tocopheryl-acetate,Tocopheryl Acetate,no-take,357,False
F0226,8,hydrolyzed-sodium-hyaluronate,Hydrolyzed Sodium Hyaluronate,no-take,21,True
F0226,9,glyceryl-behenate,Glyceryl Behenate,no-take,24,True
F0226,10,ethylhexylglycerin,Ethylhexylglycerin,no-take,134,False
F0226,11,phenoxyethanol,Phenoxyethanol,no-take,286,False
F0226,12,benzyl-alcohol,Benzyl Alcohol,no-take,85,False
F0226,13,parfum,Parfum (Fragrance),icky,331,False
F0226,14,limonene,Limonene,icky,138,False
F0226,15,geraniol,Geraniol,icky,43,False
F0227,1,bis-diglyceryl-polyacyladipate-2,Bis-Diglyceryl Polyacyladipate-2,no-take,169,False
F0227,2,octyldodecanol,Octyldodecanol,no-take,208,False
F0227,3,bis-diglyceryl-polyacyladipate-1,Bis-Diglyceryl Polyacyladipate-1,no-take,20,True
F0227,5,shorea-robusta-resin,Shorea Robusta Resin,sin_calificacion,19,True
F0227,6,helianthus-annuus-seed-oil,Helianthus Annuus (Sunflower) Seed Oil,goodie,123,False
F0227,7,silica,Silica,no-take,267,False
F0227,8,tribehenin,Tribehenin,no-take,82,False
F0227,9,talc,Talc,no-take,35,False
F0227,10,caprylic-capric-triglyceride,Caprylic/​Capric Triglyceride,no-take,215,False
F0227,12,cocoyl-hydrolyzed-collagen,Cocoyl Hydrolyzed Collagen,no-take,9,True
F0227,14,butyrospermum-parkii-butter,Butyrospermum Parkii (Shea) Butter,goodie,149,False
F0227,15,ricinus-communis-seed-oil,Ricinus Communis (Castor) Seed Oil,no-take,145,False
F0228,1,bis-diglyceryl-polyacyladipate-2,Bis-Diglyceryl Polyacyladipate-2,no-take,169,False
F0228,2,synthetic-wax,Synthetic Wax,no-take,176,False
F0228,3,prunus-amygdalus-dulcis-oil,Prunus Amygdalus Dulcis (Sweet Almond) Oil,goodie,66,False
F0228,4,pentaerythrityl-tetraisostearate,Pentaerythrityl Tetraisostearate,no-take,100,False
F0228,5,polyisobutene,Polyisobutene,no-take,121,False
F0228,6,ethylhexyl-palmitate,Ethylhexyl Palmitate,no-take,205,False
F0228,7,hydrogenated-castor-oil,Hydrogenated Castor Oil,no-take,55,False
F0228,8,tridecyl-trimellitate,Tridecyl Trimellitate,no-take,126,False
F0228,9,c12-15-alkyl-benzoate,C12-15 Alkyl Benzoate,no-take,29,True
F0228,10,octyldodecanol,Octyldodecanol,no-take,208,False
F0228,11,trimethyl-pentaphenyl-trisiloxane,Trimethyl Pentaphenyl Trisiloxane,no-take,8,True
F0228,12,methyl-hydrogenated-rosinate,Methyl Hydrogenated Rosinate,no-take,18,True
F0228,13,butyrospermum-parkii-butter,Butyrospermum Parkii (Shea) Butter,goodie,149,False
F0228,15,tocopherol,Tocopherol,goodie,289,False
F0229,1,octyldodecanol,Octyldodecanol,no-take,208,False
F0229,2,polybutene,Polybutene,no-take,212,False
F0229,4,tridecyl-trimellitate,Tridecyl Trimellitate,no-take,126,False
F0229,5,bis-diglyceryl-polyacyladipate-2,Bis-Diglyceryl Polyacyladipate-2,no-take,169,False
F0229,6,euphorbia-cerifera-cera,Euphorbia Cerifera Cera (Euphorbia Cerifera (Candelilla) Wax),no-take,73,False
F0229,7,helianthus-annuus-seed-wax,Helianthus Annuus (Sunflower) Seed Wax,no-take,47,False
F0229,8,diisostearyl-malate,Diisostearyl Malate,no-take,228,False
F0229,9,tocopheryl-acetate,Tocopheryl Acetate,no-take,357,False
F0229,10,ethylhexylglycerin,Ethylhexylglycerin,no-take,134,False
F0229,11,phenoxyethanol,Phenoxyethanol,no-take,286,False
F0229,12,cinnamyl-alcohol,Cinnamyl Alcohol,no-take,9,True
F0229,13,citronellol,Citronellol,icky,45,False
F0229,15,hexyl-cinnamal,Hexyl Cinnamal,icky,34,False
F0230,1,water,Aqua (Water),no-take,106,False
F0230,2,propanediol,Propanediol,no-take,11,True
F0230,3,butylene-glycol,Butylene Glycol,no-take,61,False
F0230,5,parfum,Parfum (Fragrance),icky,331,False
F0230,6,glycerin,Glycerin,superstar,102,False
F0230,7,panthenol,Panthenol,goodie,8,True
F0230,8,sodium-hyaluronate,Sodium Hyaluronate,goodie,132,False
F0230,10,propylene-glycol,Propylene Glycol,no-take,13,True
F0230,11,ethylhexylglycerin,Ethylhexylglycerin,no-take,134,False
F0230,13,lactic-acid,Lactic Acid,superstar,44,False
F0230,14,sodium-hydroxide,Sodium Hydroxide,no-take,6,True
F0230,15,citric-acid,Citric Acid,no-take,85,False
F0231,1,polyisobutene,Polyisobutene,no-take,121,False
F0231,2,ethylhexyl-palmitate,Ethylhexyl Palmitate,no-take,205,False
F0231,3,hydrogenated-polyisobutene,Hydrogenated Polyisobutene,no-take,165,False
F0231,4,silica-dimethyl-silylate,Silica Dimethyl Silylate,no-take,160,False
F0231,5,prunus-amygdalus-dulcis-oil,Prunus Amygdalus Dulcis (Sweet Almond) Oil,goodie,66,False
F0231,6,tocopheryl-acetate,Tocopheryl Acetate,no-take,357,False
F0231,7,ethylene-propylene-styrene-copolymer,Ethylene/​Propylene/​Styrene Copolymer,no-take,70,False
F0231,8,caprylyl-glycol,Caprylyl Glycol,no-take,167,False
F0231,9,stevia-rebaudiana-extract,Stevia Rebaudiana Extract,sin_calificacion,21,True
F0231,10,ricinus-communis-seed-oil,Ricinus Communis (Castor) Seed Oil,no-take,145,False
F0231,11,glycerin,Glycerin,superstar,102,False
F0231,12,caprylhydroxamic-acid,Caprylhydroxamic Acid,no-take,42,False
F0231,13,butylene-ethylene-styrene-copolymer,Butylene/​Ethylene/​Styrene Copolymer,no-take,68,False
F0231,14,pentaerythrityl-tetra-di-t-butyl-hydroxyhydrocinnamate,Pentaerythrityl Tetra-Di-T-Butyl Hydroxyhydrocinnamate,no-take,222,False
F0231,15,parfum,Parfum (Fragrance),icky,331,False
F0232,1,caprylic-capric-triglyceride,Caprylic/​Capric Triglyceride,no-take,215,False
F0232,2,helianthus-annuus-seed-wax,Helianthus Annuus (Sunflower) Seed Wax,no-take,47,False
F0232,3,octyldodecanol,Octyldodecanol,no-take,208,False
F0232,4,polybutene,Polybutene,no-take,212,False
F0232,5,bis-diglyceryl-polyacyladipate-2,Bis-Diglyceryl Polyacyladipate-2,no-take,169,False
F0232,6,diisostearyl-malate,Diisostearyl Malate,no-take,228,False
F0232,7,ethylhexyl-palmitate,Ethylhexyl Palmitate,no-take,205,False
F0232,8,argania-spinosa-kernel-oil,Argania Spinosa Kernel Oil,goodie,36,False
F0232,9,simmondsia-chinensis-seed-oil,Simmondsia Chinensis (Jojoba) Seed Oil,goodie,134,False
F0232,10,tocopheryl-acetate,Tocopheryl Acetate,no-take,357,False
F0232,11,ethylhexylglycerin,Ethylhexylglycerin,no-take,134,False
F0232,12,phenoxyethanol,Phenoxyethanol,no-take,286,False
F0232,13,benzyl-alcohol,Benzyl Alcohol,no-take,85,False
F0232,14,parfum,Parfum (Fragrance),icky,331,False
F0232,15,vanillin,Vanillin,sin_calificacion,52,False
F0233,1,diisostearyl-malate,Diisostearyl Malate,no-take,228,False
F0233,2,tridecyl-trimellitate,Tridecyl Trimellitate,no-take,126,False
F0233,3,polyisobutene,Polyisobutene,no-take,121,False
F0233,4,silica,Silica,no-take,267,False
F0233,5,simmondsia-chinensis-seed-oil,Simmondsia Chinensis (Jojoba) Seed Oil,goodie,134,False
F0233,6,limnanthes-alba-seed-oil,Limnanthes Alba (Meadowfoam) Seed Oil,goodie,36,False
F0233,7,tocopheryl-acetate,Tocopheryl Acetate,no-take,357,False
F0233,8,hydrolyzed-sodium-hyaluronate,Hydrolyzed Sodium Hyaluronate,no-take,21,True
F0233,9,glyceryl-behenate,Glyceryl Behenate,no-take,24,True
F0233,10,ethylhexylglycerin,Ethylhexylglycerin,no-take,134,False
F0233,11,phenoxyethanol,Phenoxyethanol,no-take,286,False
F0233,12,benzyl-alcohol,Benzyl Alcohol,no-take,85,False
F0233,13,parfum,Parfum (Fragrance),icky,331,False
F0234,1,ethylhexyl-palmitate,Ethylhexyl Palmitate,no-take,205,False
F0234,2,polyisobutene,Polyisobutene,no-take,121,False
F0234,3,diisostearyl-malate,Diisostearyl Malate,no-take,228,False
F0234,4,bis-diglyceryl-polyacyladipate-2,Bis-Diglyceryl Polyacyladipate-2,no-take,169,False
F0234,5,dibutyl-lauroyl-glutamide,Dibutyl Lauroyl Glutamide,no-take,13,True
F0234,6,dibutyl-ethylhexanoyl-glutamide,Dibutyl Ethylhexanoyl Glutamide,no-take,18,True
F0234,7,limnanthes-alba-seed-oil,Limnanthes Alba (Meadowfoam) Seed Oil,goodie,36,False
F0234,8,tocopheryl-acetate,Tocopheryl Acetate,no-take,357,False
F0234,9,hydrolyzed-sodium-hyaluronate,Hydrolyzed Sodium Hyaluronate,no-take,21,True
F0234,10,glyceryl-behenate,Glyceryl Behenate,no-take,24,True
F0234,11,ethylhexylglycerin,Ethylhexylglycerin,no-take,134,False
F0234,12,phenoxyethanol,Phenoxyethanol,no-take,286,False
F0234,13,benzyl-alcohol,Benzyl Alcohol,no-take,85,False
F0234,14,parfum,Parfum (Fragrance),icky,331,False
F0234,15,geraniol,Geraniol,icky,43,False
F0235,1,pentaerythrityl-tetraisostearate,Pentaerythrityl Tetraisostearate,no-take,100,False
F0235,2,polybutene,Polybutene,no-take,212,False
F0235,3,octyldodecanol,Octyldodecanol,no-take,208,False
F0235,4,bis-diglyceryl-polyacyladipate-2,Bis-Diglyceryl Polyacyladipate-2,no-take,169,False
F0235,5,tridecyl-trimellitate,Tridecyl Trimellitate,no-take,126,False
F0235,6,microcrystalline-wax,Cera Microcristallina (Microcrystalline Wax),no-take,140,False
F0235,7,polyethylene,Polyethylene,no-take,122,False
F0235,8,trimethylsiloxyphenyl-dimethicone,Trimethylsiloxyphenyl Dimethicone,sin_calificacion,12,True
F0235,9,argania-spinosa-kernel-oil,Argania Spinosa Kernel Oil,goodie,36,False
F0235,10,ethyl-vanillin,Ethyl Vanillin,no-take,38,False
F0235,11,sodium-saccharin,Sodium Saccharin,sin_calificacion,22,True
F0235,12,pentaerythrityl-tetra-di-t-butyl-hydroxyhydrocinnamate,Pentaerythrityl Tetra-Di-T-Butyl Hydroxyhydrocinnamate,no-take,222,False
F0235,13,benzyl-alcohol,Benzyl Alcohol,no-take,85,False
F0235,14,aroma,Aroma (Flavor),sin_calificacion,150,False
F0236,1,ethylhexyl-palmitate,Ethylhexyl Palmitate,no-take,205,False
F0236,2,synthetic-wax,Synthetic Wax,no-take,176,False
F0236,3,zeolite,Zeolite,sin_calificacion,5,True
F0236,5,bis-diglyceryl-polyacyladipate-2,Bis-Diglyceryl Polyacyladipate-2,no-take,169,False
F0236,6,diisostearyl-malate,Diisostearyl Malate,no-take,228,False
F0236,8,helianthus-annuus-seed-wax,Helianthus Annuus Seed Cera (Helianthus Annuus (Sunflower) Seed Wax),no-take,47,False
F0236,9,helianthus-annuus-seed-oil,Helianthus Annuus (Sunflower) Seed Oil,goodie,123,False
F0236,10,tocopherol,Tocopherol,goodie,289,False
F0236,11,pentaerythrityl-tetra-di-t-butyl-hydroxyhydrocinnamate,Pentaerythrityl Tetra-Di-T-Butyl Hydroxyhydrocinnamate,no-take,222,False
F0236,12,ascorbyl-palmitate,Ascorbyl Palmitate,icky,67,False
F0237,1,hydrogenated-polyisobutene,Hydrogenated Polyisobutene,no-take,165,False
F0237,2,ethylhexyl-palmitate,Ethylhexyl Palmitate,no-take,205,False
F0237,3,argania-spinosa-kernel-oil,Argania Spinosa Kernel Oil,goodie,36,False
F0237,4,simmondsia-chinensis-seed-oil,Simmondsia Chinensis (Jojoba) Seed Oil,goodie,134,False
F0237,5,tocopheryl-acetate,Tocopheryl Acetate,no-take,357,False
F0237,6,helianthus-annuus-seed-wax,Helianthus Annuus (Sunflower) Seed Wax,no-take,47,False
F0237,7,silica-dimethyl-silylate,Silica Dimethyl Silylate,no-take,160,False
F0237,8,polybutene,Polybutene,no-take,212,False
F0237,9,ethylhexylglycerin,Ethylhexylglycerin,no-take,134,False
F0237,10,phenoxyethanol,Phenoxyethanol,no-take,286,False
F0237,11,benzyl-alcohol,Benzyl Alcohol,no-take,85,False
F0237,12,parfum,Parfum (Fragrance),icky,331,False
F0237,13,benzaldehyde,Benzaldehyde,no-take,11,True
F0238,1,polyisobutene,Polyisobutene,no-take,121,False
F0238,2,ethylhexyl-palmitate,Ethylhexyl Palmitate,no-take,205,False
F0238,3,hydrogenated-polyisobutene,Hydrogenated Polyisobutene,no-take,165,False
F0238,4,silica-dimethyl-silylate,Silica Dimethyl Silylate,no-take,160,False
F0238,5,prunus-amygdalus-dulcis-oil,Prunus Amygdalus Dulcis (Sweet Almond) Oil,goodie,66,False
F0238,6,tocopheryl-acetate,Tocopheryl Acetate,no-take,357,False
F0238,7,ethylene-propylene-styrene-copolymer,Ethylene/​Propylene/​Styrene Copolymer,no-take,70,False
F0238,8,caprylyl-glycol,Caprylyl Glycol,no-take,167,False
F0238,9,stevia-rebaudiana-extract,Stevia Rebaudiana Extract,sin_calificacion,21,True
F0238,10,glycerin,Glycerin,superstar,102,False
F0238,11,caprylhydroxamic-acid,Caprylhydroxamic Acid,no-take,42,False
F0238,12,butylene-ethylene-styrene-copolymer,Butylene/​Ethylene/​Styrene Copolymer,no-take,68,False
F0238,13,pentaerythrityl-tetra-di-t-butyl-hydroxyhydrocinnamate,Pentaerythrityl Tetra-Di-T-Butyl Hydroxyhydrocinnamate,no-take,222,False
F0238,14,parfum,Parfum (Fragrance),icky,331,False
F0238,15,benzyl-benzoate,Benzyl Benzoate,icky,73,False
F0239,1,prunus-amygdalus-dulcis-oil,Prunus Amygdalus Dulcis (Sweet Almond) Oil,goodie,66,False
F0239,2,caprylic-capric-triglyceride,Caprylic/​Capric Triglyceride,no-take,215,False
F0239,3,polyisobutene,Polyisobutene,no-take,121,False
F0239,4,oryza-sativa-cera,Oryza Sativa Cera (Oryza Sativa (Rice) Bran Wax),no-take,7,True
F0239,5,ethylhexyl-palmitate,Ethylhexyl Palmitate,no-take,205,False
F0239,6,silica-dimethyl-silylate,Silica Dimethyl Silylate,no-take,160,False
F0239,7,silica,Silica,no-take,267,False
F0239,8,butyrospermum-parkii-butter,Butyrospermum Parkii (Shea) Butter,goodie,149,False
F0239,9,caprylyl-glycol,Caprylyl Glycol,no-take,167,False
F0239,10,glycerin,Glycerin,superstar,102,False
F0239,11,caprylhydroxamic-acid,Caprylhydroxamic Acid,no-take,42,False
F0239,12,alumina,Alumina,no-take,91,False
F0239,13,citric-acid,Citric Acid,no-take,85,False
F0239,14,parfum,Parfum (Fragrance),icky,331,False
F0239,15,limonene,Limonene,icky,138,False
F0240,1,ricinus-communis-seed-oil,Ricinus Communis (Castor) Seed Oil,no-take,145,False
F0240,2,bis-diglyceryl-polyacyladipate-1,Bis-Diglyceryl Polyacyladipate-1,no-take,20,True
F0240,3,octyldodecanol,Octyldodecanol,no-take,208,False
F0240,4,caprylic-capric-triglyceride,Caprylic/​Capric Triglyceride,no-take,215,False
F0240,5,euphorbia-cerifera-cera,Euphorbia Cerifera (Candelilla) Wax,no-take,73,False
F0240,6,synthetic-wax,Synthetic Wax,no-take,176,False
F0240,7,cetyl-alcohol,Cetyl Alcohol,no-take,20,True
F0240,8,copernicia-cerifera-wax,Copernicia Cerifera (Carnauba) Wax,no-take,67,False
F0240,9,butyrospermum-parkii-butter,Butyrospermum Parkii (Shea) Butter,goodie,149,False
F0240,10,silica,Silica,no-take,267,False
F0240,12,rosmarinus-officinalis-flower-extract,Rosmarinus Officinalis (Rosemary) Flower Extract,no-take,12,True
F0240,13,sodium-hyaluronate,Sodium Hyaluronate,goodie,132,False
F0240,14,tocopherol,Tocopherol,goodie,289,False
F0240,15,helianthus-annuus-seed-oil,Helianthus Annuus (Sunflower) Seed Oil,goodie,123,False
F0241,1,isostearyl-isostearate,Isostearyl Isostearate,no-take,16,True
F0241,2,water,Aqua (Water),no-take,106,False
F0241,3,glycerin,Glycerin,superstar,102,False
F0241,4,talc,Talc,no-take,35,False
F0241,6,sodium-hyaluronate,Sodium Hyaluronate,goodie,132,False
F0241,7,hydroxyethyl-acrylate-sodium-acryloyldimethyl-taurate-copolymer,Hydroxyethyl Acrylate/​Sodium Acryloyldimethyl Taurate Copolymer,no-take,20,True
F0241,10,ethyl-vanillin,Ethyl Vanillin,no-take,38,False
F0241,12,sodium-saccharin,Sodium Saccharin,sin_calificacion,22,True
F0241,13,sorbitan-isostearate,Sorbitan Isostearate,no-take,86,False
F0241,14,phenoxyethanol,Phenoxyethanol,no-take,286,False
F0241,15,potassium-sorbate,Potassium Sorbate,no-take,11,True
F0242,2,oryza-sativa-bran-wax,Oryza Sativa (Rice) Bran Wax,sin_calificacion,10,True
F0242,3,trimethylsiloxysilicate,Trimethylsiloxysilicate,no-take,48,False
F0242,4,octyldodecanol,Octyldodecanol,no-take,208,False
F0242,6,persea-gratissima-oil,Persea Gratissima (Avocado) Oil,goodie,45,False
F0242,7,tocopheryl-acetate,Tocopheryl Acetate,no-take,357,False
F0242,8,disteardimonium-hectorite,Disteardimonium Hectorite,no-take,82,False
F0242,9,pentaerythrityl-tetra-di-t-butyl-hydroxyhydrocinnamate,Pentaerythrityl Tetra-Di-T-Butyl Hydroxyhydrocinnamate,no-take,222,False
F0242,10,propylene-carbonate,Propylene Carbonate,no-take,95,False
F0242,11,parfum,Parfum (Fragrance),icky,331,False
F0243,1,ricinus-communis-seed-oil,Ricinus Communis (Castor) Seed Oil,no-take,145,False
F0243,2,bis-diglyceryl-polyacyladipate-1,Bis-Diglyceryl Polyacyladipate-1,no-take,20,True
F0243,3,octyldodecanol,Octyldodecanol,no-take,208,False
F0243,4,caprylic-capric-triglyceride,Caprylic/​Capric Triglyceride,no-take,215,False
F0243,5,euphorbia-cerifera-cera,Euphorbia Cerifera (Candelilla) Wax,no-take,73,False
F0243,6,synthetic-wax,Synthetic Wax,no-take,176,False
F0243,7,cetyl-alcohol,Cetyl Alcohol,no-take,20,True
F0243,8,copernicia-cerifera-wax,Copernicia Cerifera (Carnauba) Wax,no-take,67,False
F0243,9,butyrospermum-parkii-butter,Butyrospermum Parkii (Shea) Butter,goodie,149,False
F0243,10,methyl-diisopropyl-propionamide,Methyl Diisopropyl Propionamide,no-take,6,True
F0243,11,silica,Silica,no-take,267,False
F0243,12,rosmarinus-officinalis-flower-extract,Rosmarinus Officinalis (Rosemary) Flower Extract,no-take,12,True
F0243,13,tocopherol,Tocopherol,goodie,289,False
F0243,14,helianthus-annuus-seed-oil,Helianthus Annuus (Sunflower) Seed Oil,goodie,123,False
F0243,15,cocoyl-hydrolyzed-collagen,Cocoyl Hydrolyzed Collagen,no-take,9,True
F0244,1,polybutene,Polybutene,no-take,212,False
F0244,2,tridecyl-trimellitate,Tridecyl Trimellitate,no-take,126,False
F0244,3,c12-15-alkyl-benzoate,C12-15 Alkyl Benzoate,no-take,29,True
F0244,4,ethylhexyl-palmitate,Ethylhexyl Palmitate,no-take,205,False
F0244,5,octyldodecanol,Octyldodecanol,no-take,208,False
F0244,6,caprylic-capric-triglyceride,Caprylic/​Capric Triglyceride,no-take,215,False
F0244,7,dibutyl-lauroyl-glutamide,Dibutyl Lauroyl Glutamide,no-take,13,True
F0244,8,dibutyl-ethylhexanoyl-glutamide,Dibutyl Ethylhexanoyl Glutamide,no-take,18,True
F0244,9,isostearic-acid,Isostearic Acid,no-take,17,True
F0244,10,silica,Silica,no-take,267,False
F0244,11,ethylhexylglycerin,Ethylhexylglycerin,no-take,134,False
F0244,12,phenoxyethanol,Phenoxyethanol,no-take,286,False
F0244,13,parfum,Parfum (Fragrance),icky,331,False
F0244,14,citrus-limon-peel-oil,Citrus Limon (Lemon) Peel Oil,icky,5,True
F0244,15,limonene,Limonene,icky,138,False
F0245,2,trimethylsiloxysilicate,Trimethylsiloxysilicate,no-take,48,False
F0245,3,dimethicone,Dimethicone,no-take,103,False
F0245,4,caprylic-capric-triglyceride,Caprylic/​Capric Triglyceride,no-take,215,False
F0245,5,squalane,Squalane,goodie,82,False
F0245,6,sorbitan-sesquioleate,Sorbitan Sesquioleate,no-take,8,True
F0245,8,glyceryl-behenate,Glyceryl Behenate,no-take,24,True
F0245,9,vp-hexadecene-copolymer,VP/​Hexadecene Copolymer,no-take,45,False
F0245,10,stearalkonium-hectorite,Stearalkonium Hectorite,no-take,26,True
F0245,11,tribehenin,Tribehenin,no-take,82,False
F0245,12,helianthus-annuus-seed-wax,Helianthus Annuus (Sunflower) Seed Wax,no-take,47,False
F0245,13,tocopherol,Tocopherol,goodie,289,False
F0245,15,helianthus-annuus-seed-oil,Helianthus Annuus (Sunflower) Seed Oil,goodie,123,False
F0246,1,hydrogenated-vegetable-oil,Hydrogenated Vegetable Oil,no-take,26,True
F0246,2,hydrogenated-castor-oil,Hydrogenated Castor Oil,no-take,55,False
F0246,3,paraffin,Paraffin,no-take,37,False
F0246,4,tocopherol,Tocopherol,goodie,289,False
F0246,6,polyethylene,Polyethylene,no-take,122,False
F0246,7,talc,Talc,no-take,35,False
F0246,8,citric-acid,Citric Acid,no-take,85,False
F0247,1,paraffinum-liquidum,Paraffinum Liquidum (Mineral Oil),no-take,33,False
F0247,2,polyisobutene,Polyisobutene,no-take,121,False
F0247,3,tocopheryl-acetate,Tocopheryl Acetate,no-take,357,False
F0247,4,tocopherol,Tocopherol,goodie,289,False
F0247,5,phenoxyethanol,Phenoxyethanol,no-take,286,False
F0247,6,parfum,Parfum (Fragrance),icky,331,False
F0247,7,limonene,Limonene,icky,138,False
F0248,1,caprylic-capric-triglyceride,Caprylic/​Capric Triglyceride,no-take,215,False
F0248,2,polyisobutene,Polyisobutene,no-take,121,False
F0248,3,microcrystalline-wax,Cera Microcristallina (Microcrystalline Wax),no-take,140,False
F0248,4,persea-gratissima-oil,Persea Gratissima (Avocado) Oil,goodie,45,False
F0248,5,tocopheryl-acetate,Tocopheryl Acetate,no-take,357,False
F0248,6,euphorbia-cerifera-cera,Euphorbia Cerifera (Candelilla) Wax,no-take,73,False
F0248,7,silica-dimethyl-silylate,Silica Dimethyl Silylate,no-take,160,False
F0248,8,canola-oil,Canola Oil,no-take,12,True
F0248,9,helianthus-annuus-seed-oil,Helianthus Annuus (Sunflower) Seed Oil,goodie,123,False
F0248,11,ethylhexyl-palmitate,Ethylhexyl Palmitate,no-take,205,False
F0248,12,caprylyl-glycol,Caprylyl Glycol,no-take,167,False
F0248,13,glycerin,Glycerin,superstar,102,False
F0248,14,caprylhydroxamic-acid,Caprylhydroxamic Acid,no-take,42,False
F0248,15,daucus-carota-sativa-seed-oil,Daucus Carota Sativa (Carrot) Seed Oil,no-take,6,True
F0249,1,isododecane,Isododecane,no-take,59,False
F0249,2,trimethylsiloxysilicate,Trimethylsiloxysilicate,no-take,48,False
F0249,3,octyldodecanol,Octyldodecanol,no-take,208,False
F0249,4,dimethicone,Dimethicone,no-take,103,False
F0249,5,tribehenin,Tribehenin,no-take,82,False
F0249,6,pentaerythrityl-tetraisostearate,Pentaerythrityl Tetraisostearate,no-take,100,False
F0249,7,silica,Silica,no-take,267,False
F0249,8,kaolin,Kaolin,goodie,40,False
F0249,9,dimethicone-vinyl-dimethicone-crosspolymer,Dimethicone/​Vinyl Dimethicone Crosspolymer,no-take,25,True
F0249,10,disteardimonium-hectorite,Disteardimonium Hectorite,no-take,82,False
F0249,11,talc,Talc,no-take,35,False
F0249,12,diisostearyl-malate,Diisostearyl Malate,no-take,228,False
F0249,13,propylene-carbonate,Propylene Carbonate,no-take,95,False
F0249,14,pentaerythrityl-tetra-di-t-butyl-hydroxyhydrocinnamate,Pentaerythrityl Tetra-Di-T-Butyl Hydroxyhydrocinnamate,no-take,222,False
F0249,15,parfum,Parfum (Fragrance),icky,331,False
F0250,1,bis-diglyceryl-polyacyladipate-2,Bis-Diglyceryl Polyacyladipate-2,no-take,169,False
F0250,2,synthetic-wax,Synthetic Wax,no-take,176,False
F0250,3,prunus-amygdalus-dulcis-oil,Prunus Amygdalus Dulcis (Sweet Almond) Oil,goodie,66,False
F0250,4,pentaerythrityl-tetraisostearate,Pentaerythrityl Tetraisostearate,no-take,100,False
F0250,5,polyisobutene,Polyisobutene,no-take,121,False
F0250,6,ethylhexyl-palmitate,Ethylhexyl Palmitate,no-take,205,False
F0250,7,hydrogenated-castor-oil,Hydrogenated Castor Oil,no-take,55,False
F0250,8,tridecyl-trimellitate,Tridecyl Trimellitate,no-take,126,False
F0250,9,c12-15-alkyl-benzoate,C12-15 Alkyl Benzoate,no-take,29,True
F0250,10,octyldodecanol,Octyldodecanol,no-take,208,False
F0250,11,trimethyl-pentaphenyl-trisiloxane,Trimethyl Pentaphenyl Trisiloxane,no-take,8,True
F0250,12,methyl-hydrogenated-rosinate,Methyl Hydrogenated Rosinate,no-take,18,True
F0250,13,butyrospermum-parkii-butter,Butyrospermum Parkii (Shea) Butter,goodie,149,False
F0250,15,tocopherol,Tocopherol,goodie,289,False
F0251,1,ethylhexyl-palmitate,Ethylhexyl Palmitate,no-take,205,False
F0251,2,oryza-sativa-cera,Oryza Sativa Cera (Oryza Sativa (Rice) Bran Wax),no-take,7,True
F0251,3,polyisobutene,Polyisobutene,no-take,121,False
F0251,4,hydroxystearic-acid,Hydroxystearic Acid,no-take,8,True
F0251,5,helianthus-annuus-seed-wax,Helianthus Annuus (Sunflower) Seed Wax,no-take,47,False
F0251,8,butyrospermum-parkii-butter,Butyrospermum Parkii (Shea) Butter,goodie,149,False
F0251,9,carthamus-tinctorius-seed-oil,Carthamus Tinctorius (Safflower) Seed Oil,goodie,17,True
F0251,10,ricinus-communis-seed-oil,Ricinus Communis (Castor) Seed Oil,no-take,145,False
F0251,11,sodium-hyaluronate,Sodium Hyaluronate,goodie,132,False
F0251,12,simmondsia-chinensis-seed-oil,Simmondsia Chinensis (Jojoba) Seed Oil,goodie,134,False
F0251,13,prunus-amygdalus-dulcis-oil,Prunus Amygdalus Dulcis (Sweet Almond) Oil,goodie,66,False
F0251,14,macadamia-ternifolia-seed-oil,Macadamia Ternifolia Seed Oil,goodie,14,True
F0252,1,bis-diglyceryl-polyacyladipate-2,Bis-Diglyceryl Polyacyladipate-2,no-take,169,False
F0252,2,diisostearyl-malate,Diisostearyl Malate,no-take,228,False
F0252,3,bis-behenyl-isostearyl-phytosteryl-dimer-dilinoleyl-dimer-dilinoleate,Bis-Behenyl/​Isostearyl/​Phytosteryl Dimer Dilinoleyl Dimer Dilinoleate,no-take,42,False
F0252,4,synthetic-wax,Synthetic Wax,no-take,176,False
F0252,5,dimer-dilinoleyl-dimer-dilinoleate,Dimer Dilinoleyl Dimer Dilinoleate,no-take,22,True
F0252,6,polyisobutene,Polyisobutene,no-take,121,False
F0252,7,hydrogenated-polyisobutene,Hydrogenated Polyisobutene,no-take,165,False
F0252,8,butyrospermum-parkii-butter,Butyrospermum Parkii (Shea) Butter,goodie,149,False
F0252,9,polyglyceryl-2-triisostearate,Polyglyceryl-2 Triisostearate,no-take,101,False
F0252,10,tocopheryl-acetate,Tocopheryl Acetate,no-take,357,False
F0252,11,tocopherol,Tocopherol,goodie,289,False
F0252,12,caprylyl-glycol,Caprylyl Glycol,no-take,167,False
F0252,13,ethylhexylglycerin,Ethylhexylglycerin,no-take,134,False
F0252,14,palmitoyl-tripeptide-1,Palmitoyl Tripeptide-1,goodie,50,False
F0252,15,menthol,Menthol,icky,47,False
F0253,1,polybutene,Polybutene,no-take,212,False
F0253,2,hydrogenated-polyisobutene,Hydrogenated Polyisobutene,no-take,165,False
F0253,3,ethylhexyl-palmitate,Ethylhexyl Palmitate,no-take,205,False
F0253,4,simmondsia-chinensis-seed-oil,Simmondsia Chinensis (Jojoba) Seed Oil,goodie,134,False
F0253,5,macadamia-ternifolia-seed-oil,Macadamia Ternifolia Seed Oil,goodie,14,True
F0253,6,tocopheryl-acetate,Tocopheryl Acetate,no-take,357,False
F0253,7,ethylhexylglycerin,Ethylhexylglycerin,no-take,134,False
F0253,8,phenoxyethanol,Phenoxyethanol,no-take,286,False
F0253,9,parfum,Parfum (Fragrance),icky,331,False
F0254,1,caprylic-capric-triglyceride,Caprylic/​Capric Triglyceride,no-take,215,False
F0254,2,polyisobutene,Polyisobutene,no-take,121,False
F0254,3,bis-diglyceryl-polyacyladipate-2,Bis-Diglyceryl Polyacyladipate-2,no-take,169,False
F0254,4,silica-dimethyl-silylate,Silica Dimethyl Silylate,no-take,160,False
F0254,5,polyglyceryl-3-diisostearate,Polyglyceryl-3 Diisostearate,no-take,35,False
F0254,6,prunus-amygdalus-dulcis-oil,Prunus Amygdalus Dulcis (Sweet Almond) Oil,goodie,66,False
F0254,7,tocopheryl-acetate,Tocopheryl Acetate,no-take,357,False
F0254,8,stevia-rebaudiana-extract,Stevia Rebaudiana Extract,sin_calificacion,21,True
F0254,9,silica,Silica,no-take,267,False
F0254,10,caprylyl-glycol,Caprylyl Glycol,no-take,167,False
F0254,11,ethylhexyl-palmitate,Ethylhexyl Palmitate,no-take,205,False
F0254,12,glycerin,Glycerin,superstar,102,False
F0254,13,caprylhydroxamic-acid,Caprylhydroxamic Acid,no-take,42,False
F0254,14,parfum,Parfum (Fragrance),icky,331,False
F0254,15,limonene,Limonene,icky,138,False
F0255,1,c10-18-triglycerides,C10-18 Triglycerides,no-take,14,True
F0255,2,hydrogenated-vegetable-oil,Hydrogenated Vegetable Oil,no-take,26,True
F0255,3,caprylic-capric-triglyceride,Caprylic/​Capric Triglyceride,no-take,215,False
F0255,4,talc,Talc,no-take,35,False
F0255,6,tocopherol,Tocopherol,goodie,289,False
F0255,7,ascorbyl-palmitate,Ascorbyl Palmitate,icky,67,False
F0256,1,dimer-dilinoleyl-dimer-dilinoleate,Dimer Dilinoleyl Dimer Dilinoleate,no-take,22,True
F0256,2,polyisobutene,Polyisobutene,no-take,121,False
F0256,3,ethylhexyl-palmitate,Ethylhexyl Palmitate,no-take,205,False
F0256,4,tridecyl-trimellitate,Tridecyl Trimellitate,no-take,126,False
F0256,5,silica-dimethyl-silylate,Silica Dimethyl Silylate,no-take,160,False
F0256,6,silica,Silica,no-take,267,False
F0256,7,caprylic-capric-triglyceride,Caprylic/​Capric Triglyceride,no-take,215,False
F0256,8,rosa-canina-fruit-oil,Rosa Canina Fruit Oil,no-take,28,True
F0256,9,tocopheryl-acetate,Tocopheryl Acetate,no-take,357,False
F0256,10,aloe-barbadensis-leaf-extract,Aloe Barbadensis Leaf Extract,goodie,25,True
F0256,11,diethylhexyl-syringylidenemalonate,Diethylhexyl Syringylidenemalonate,no-take,30,True
F0256,12,phenoxyethanol,Phenoxyethanol,no-take,286,False
F0256,13,parfum,Parfum (Fragrance),icky,331,False
F0256,14,hexyl-cinnamal,Hexyl Cinnamal,icky,34,False
F0256,15,linalool,Linalool,icky,91,False
F0257,1,diisostearyl-malate,Diisostearyl Malate,no-take,228,False
F0257,2,tridecyl-trimellitate,Tridecyl Trimellitate,no-take,126,False
F0257,3,polyisobutene,Polyisobutene,no-take,121,False
F0257,4,silica,Silica,no-take,267,False
F0257,5,simmondsia-chinensis-seed-oil,Simmondsia Chinensis (Jojoba) Seed Oil,goodie,134,False
F0257,6,limnanthes-alba-seed-oil,Limnanthes Alba (Meadowfoam) Seed Oil,goodie,36,False
F0257,7,tocopheryl-acetate,Tocopheryl Acetate,no-take,357,False
F0257,8,hydrolyzed-sodium-hyaluronate,Hydrolyzed Sodium Hyaluronate,no-take,21,True
F0257,9,glyceryl-behenate,Glyceryl Behenate,no-take,24,True
F0257,10,ethylhexylglycerin,Ethylhexylglycerin,no-take,134,False
F0257,11,phenoxyethanol,Phenoxyethanol,no-take,286,False
F0257,12,parfum,Parfum (Fragrance),icky,331,False
F0257,13,limonene,Limonene,icky,138,False
F0257,14,linalool,Linalool,icky,91,False
F0257,15,citral,Citral,icky,34,False
F0258,1,tridecyl-trimellitate,Tridecyl Trimellitate,no-take,126,False
F0258,2,ethylhexyl-palmitate,Ethylhexyl Palmitate,no-take,205,False
F0258,3,diisostearyl-malate,Diisostearyl Malate,no-take,228,False
F0258,4,octyldodecanol,Octyldodecanol,no-take,208,False
F0258,5,hydrogenated-polyisobutene,Hydrogenated Polyisobutene,no-take,165,False
F0258,6,polyisobutene,Polyisobutene,no-take,121,False
F0258,7,dibutyl-lauroyl-glutamide,Dibutyl Lauroyl Glutamide,no-take,13,True
F0258,8,dibutyl-ethylhexanoyl-glutamide,Dibutyl Ethylhexanoyl Glutamide,no-take,18,True
F0258,9,silica-dimethyl-silylate,Silica Dimethyl Silylate,no-take,160,False
F0258,10,tocopheryl-acetate,Tocopheryl Acetate,no-take,357,False
F0258,11,caprylic-capric-triglyceride,Caprylic/​Capric Triglyceride,no-take,215,False
F0258,12,butylene-glycol,Butylene Glycol,no-take,61,False
F0258,13,cetyl-peg-ppg-10-1-dimethicone,Cetyl PEG/​PPG-10/​1 Dimethicone,no-take,26,True
F0258,14,silica,Silica,no-take,267,False
F0258,15,pentaerythrityl-tetra-di-t-butyl-hydroxyhydrocinnamate,Pentaerythrityl Tetra-Di-T-Butyl Hydroxyhydrocinnamate,no-take,222,False
F0259,1,octyldodecanol,Octyldodecanol,no-take,208,False
F0259,2,hydrogenated-polyisobutene,Hydrogenated Polyisobutene,no-take,165,False
F0259,3,cocos-nucifera-oil,Cocos Nucifera (Coconut) Oil,goodie,57,False
F0259,4,polyisobutene,Polyisobutene,no-take,121,False
F0259,5,caprylic-capric-triglyceride,Caprylic/​Capric Triglyceride,no-take,215,False
F0259,6,hydrogenated-polydecene,Hydrogenated Polydecene,no-take,30,True
F0259,7,microcrystalline-wax,Cera Microcristallina (Microcrystalline Wax),no-take,140,False
F0259,8,triethylhexanoin,Triethylhexanoin,no-take,21,True
F0259,9,silica-dimethyl-silylate,Silica Dimethyl Silylate,no-take,160,False
F0259,10,butyrospermum-parkii-butter,Butyrospermum Parkii (Shea) Butter,goodie,149,False
F0259,11,prunus-persica-kernel-oil,Prunus Persica (Peach) Kernel Oil,no-take,7,True
F0259,12,tocopheryl-acetate,Tocopheryl Acetate,no-take,357,False
F0259,13,ricinus-communis-seed-oil,Ricinus Communis (Castor) Seed Oil,no-take,145,False
F0259,14,ethylene-propylene-styrene-copolymer,Ethylene/​Propylene/​Styrene Copolymer,no-take,70,False
F0259,15,ethylhexyl-palmitate,Ethylhexyl Palmitate,no-take,205,False
F0260,1,ethylhexyl-palmitate,Ethylhexyl Palmitate,no-take,205,False
F0260,2,synthetic-wax,Synthetic Wax,no-take,176,False
F0260,3,hydrogenated-polyisobutene,Hydrogenated Polyisobutene,no-take,165,False
F0260,4,diisostearyl-malate,Diisostearyl Malate,no-take,228,False
F0260,5,tridecyl-trimellitate,Tridecyl Trimellitate,no-take,126,False
F0260,6,polyisobutene,Polyisobutene,no-take,121,False
F0260,7,simmondsia-chinensis-seed-oil,Simmondsia Chinensis (Jojoba) Seed Oil,goodie,134,False
F0260,8,camellia-oleifera-seed-oil,Camellia Oleifera Seed Oil,goodie,18,True
F0260,9,tocopheryl-acetate,Tocopheryl Acetate,no-take,357,False
F0260,10,ethylhexylglycerin,Ethylhexylglycerin,no-take,134,False
F0260,11,phenoxyethanol,Phenoxyethanol,no-take,286,False
F0261,1,diisostearyl-malate,Diisostearyl Malate,no-take,228,False
F0261,2,tridecyl-trimellitate,Tridecyl Trimellitate,no-take,126,False
F0261,3,polyisobutene,Polyisobutene,no-take,121,False
F0261,4,silica,Silica,no-take,267,False
F0261,5,caprylic-capric-triglyceride,Caprylic/​Capric Triglyceride,no-take,215,False
F0261,6,simmondsia-chinensis-seed-oil,Simmondsia Chinensis (Jojoba) Seed Oil,goodie,134,False
F0261,7,sodium-hyaluronate,Sodium Hyaluronate,goodie,132,False
F0261,9,tocopheryl-acetate,Tocopheryl Acetate,no-take,357,False
F0261,10,ethylhexylglycerin,Ethylhexylglycerin,no-take,134,False
F0261,11,phenoxyethanol,Phenoxyethanol,no-take,286,False
F0261,12,parfum,Parfum (Fragrance),icky,331,False
F0261,13,linalool,Linalool,icky,91,False
F0261,14,citronellol,Citronellol,icky,45,False
F0261,15,limonene,Limonene,icky,138,False
F0262,1,polyisobutene,Polyisobutene,no-take,121,False
F0262,2,ethylhexyl-palmitate,Ethylhexyl Palmitate,no-take,205,False
F0262,3,hydrogenated-polyisobutene,Hydrogenated Polyisobutene,no-take,165,False
F0262,4,silica-dimethyl-silylate,Silica Dimethyl Silylate,no-take,160,False
F0262,5,prunus-amygdalus-dulcis-oil,Prunus Amygdalus Dulcis (Sweet Almond) Oil,goodie,66,False
F0262,6,ethylene-propylene-styrene-copolymer,Ethylene/​Propylene/​Styrene Copolymer,no-take,70,False
F0262,7,caprylyl-glycol,Caprylyl Glycol,no-take,167,False
F0262,8,tocopheryl-acetate,Tocopheryl Acetate,no-take,357,False
F0262,9,stevia-rebaudiana-extract,Stevia Rebaudiana Extract,sin_calificacion,21,True
F0262,10,glycerin,Glycerin,superstar,102,False
F0262,11,caprylhydroxamic-acid,Caprylhydroxamic Acid,no-take,42,False
F0262,12,butylene-ethylene-styrene-copolymer,Butylene/​Ethylene/​Styrene Copolymer,no-take,68,False
F0262,13,pentaerythrityl-tetra-di-t-butyl-hydroxyhydrocinnamate,Pentaerythrityl Tetra-Di-T-Butyl Hydroxyhydrocinnamate,no-take,222,False
F0262,14,alumina,Alumina,no-take,91,False
F0262,15,parfum,Parfum (Fragrance),icky,331,False
F0263,2,caprylic-capric-triglyceride,Caprylic/​Capric Triglyceride,no-take,215,False
F0263,3,ethylhexyl-palmitate,Ethylhexyl Palmitate,no-take,205,False
F0263,4,polybutene,Polybutene,no-take,212,False
F0263,5,isostearyl-alcohol,Isostearyl Alcohol,no-take,5,True
F0263,6,octyldodecanol,Octyldodecanol,no-take,208,False
F0263,7,dibutyl-lauroyl-glutamide,Dibutyl Lauroyl Glutamide,no-take,13,True
F0263,8,dibutyl-ethylhexanoyl-glutamide,Dibutyl Ethylhexanoyl Glutamide,no-take,18,True
F0263,9,parfum,Parfum (Fragrance),icky,331,False
F0263,10,silica,Silica,no-take,267,False
F0263,11,phenoxyethanol,Phenoxyethanol,no-take,286,False
F0264,1,ethylhexyl-palmitate,Ethylhexyl Palmitate,no-take,205,False
F0264,2,synthetic-wax,Synthetic Wax,no-take,176,False
F0264,3,hydrogenated-polyisobutene,Hydrogenated Polyisobutene,no-take,165,False
F0264,4,polyisobutene,Polyisobutene,no-take,121,False
F0264,5,caprylic-capric-triglyceride,Caprylic/​Capric Triglyceride,no-take,215,False
F0264,6,diisostearyl-malate,Diisostearyl Malate,no-take,228,False
F0264,7,tridecyl-trimellitate,Tridecyl Trimellitate,no-take,126,False
F0264,8,bis-diglyceryl-polyacyladipate-2,Bis-Diglyceryl Polyacyladipate-2,no-take,169,False
F0264,9,camellia-oleifera-seed-oil,Camellia Oleifera Seed Oil,goodie,18,True
F0264,10,tocopheryl-acetate,Tocopheryl Acetate,no-take,357,False
F0264,11,simmondsia-chinensis-seed-oil,Simmondsia Chinensis (Jojoba) Seed Oil,goodie,134,False
F0264,12,ethylhexylglycerin,Ethylhexylglycerin,no-take,134,False
F0264,13,phenoxyethanol,Phenoxyethanol,no-take,286,False
F0264,14,benzyl-alcohol,Benzyl Alcohol,no-take,85,False
F0264,15,parfum,Parfum (Fragrance),icky,331,False
F0265,1,diisostearyl-malate,Diisostearyl Malate,no-take,228,False
F0265,2,tridecyl-trimellitate,Tridecyl Trimellitate,no-take,126,False
F0265,3,polyisobutene,Polyisobutene,no-take,121,False
F0265,4,silica,Silica,no-take,267,False
F0265,5,simmondsia-chinensis-seed-oil,Simmondsia Chinensis (Jojoba) Seed Oil,goodie,134,False
F0265,6,limnanthes-alba-seed-oil,Limnanthes Alba (Meadowfoam) Seed Oil,goodie,36,False
F0265,7,tocopheryl-acetate,Tocopheryl Acetate,no-take,357,False
F0265,8,hydrolyzed-sodium-hyaluronate,Hydrolyzed Sodium Hyaluronate,no-take,21,True
F0265,9,glyceryl-behenate,Glyceryl Behenate,no-take,24,True
F0265,10,ethylhexylglycerin,Ethylhexylglycerin,no-take,134,False
F0265,11,phenoxyethanol,Phenoxyethanol,no-take,286,False
F0265,12,parfum,Parfum (Fragrance),icky,331,False
F0265,13,limonene,Limonene,icky,138,False
F0265,14,linalool,Linalool,icky,91,False
F0265,15,eugenol,Eugenol,icky,13,True
F0266,1,ethylhexyl-stearate,Ethylhexyl Stearate,no-take,17,True
F0266,2,ricinus-communis-seed-oil,Ricinus Communis (Castor) Seed Oil,no-take,145,False
F0266,3,silica-dimethyl-silylate,Silica Dimethyl Silylate,no-take,160,False
F0266,4,oleic-linoleic-linolenic-polyglycerides,Oleic/​Linoleic/​Linolenic Polyglycerides,goodie,15,True
F0266,5,parfum,Parfum (Fragrance),icky,331,False
F0266,6,prunus-amygdalus-dulcis-oil,Prunus Amygdalus Dulcis (Sweet Almond) Oil,goodie,66,False
F0266,7,stevia-rebaudiana-extract,Stevia Rebaudiana Extract,sin_calificacion,21,True
F0266,8,caprylyl-glycol,Caprylyl Glycol,no-take,167,False
F0266,9,tocopheryl-acetate,Tocopheryl Acetate,no-take,357,False
F0266,10,glycerin,Glycerin,superstar,102,False
F0266,11,caprylhydroxamic-acid,Caprylhydroxamic Acid,no-take,42,False
F0266,12,limonene,Limonene,icky,138,False
F0266,13,citronellol,Citronellol,icky,45,False
F0266,14,benzyl-benzoate,Benzyl Benzoate,icky,73,False
F0267,1,water,Aqua (Water),no-take,106,False
F0267,2,glycerin,Glycerin,superstar,102,False
F0267,3,propanediol,Propanediol,no-take,11,True
F0267,5,1-2-hexanediol,"1,2-Hexanediol",no-take,28,True
F0267,6,panthenol,Panthenol,goodie,8,True
F0267,7,sodium-hyaluronate,Sodium Hyaluronate,goodie,132,False
F0267,9,xanthan-gum,Xanthan Gum,no-take,18,True
F0267,10,vaccinium-macrocarpon-fruit-extract,Vaccinium Macrocarpon (Cranberry) Fruit Extract,sin_calificacion,7,True
F0267,11,ethylhexylglycerin,Ethylhexylglycerin,no-take,134,False
F0267,12,lactic-acid,Lactic Acid,superstar,44,False
F0267,13,sodium-hydroxide,Sodium Hydroxide,no-take,6,True
F0267,14,citric-acid,Citric Acid,no-take,85,False
F0267,15,phenoxyethanol,Phenoxyethanol,no-take,286,False
F0268,1,hydrogenated-polyisobutene,Hydrogenated Polyisobutene,no-take,165,False
F0268,2,synthetic-wax,Synthetic Wax,no-take,176,False
F0268,3,bis-diglyceryl-polyacyladipate-2,Bis-Diglyceryl Polyacyladipate-2,no-take,169,False
F0268,5,ethylhexyl-palmitate,Ethylhexyl Palmitate,no-take,205,False
F0268,6,triethylhexanoin,Triethylhexanoin,no-take,21,True
F0268,7,diisostearyl-malate,Diisostearyl Malate,no-take,228,False
F0268,8,polyglyceryl-2-triisostearate,Polyglyceryl-2 Triisostearate,no-take,101,False
F0268,9,tocopheryl-acetate,Tocopheryl Acetate,no-take,357,False
F0268,10,butyrospermum-parkii-butter,Butyrospermum Parkii (Shea) Butter,goodie,149,False
F0268,11,argania-spinosa-kernel-oil,Argania Spinosa Kernel Oil,goodie,36,False
F0268,12,tocopherol,Tocopherol,goodie,289,False
F0268,13,phenoxyethanol,Phenoxyethanol,no-take,286,False
F0268,14,parfum,Parfum (Fragrance),icky,331,False
F0269,1,isononyl-isononanoate,Isononyl Isononanoate,no-take,37,False
F0269,2,silica-dimethyl-silylate,Silica Dimethyl Silylate,no-take,160,False
F0269,3,prunus-persica-kernel-oil,Prunus Persica (Peach) Kernel Oil,no-take,7,True
F0269,4,glycerin,Glycerin,superstar,102,False
F0269,5,caprylyl-glycol,Caprylyl Glycol,no-take,167,False
F0269,6,ethylhexyl-palmitate,Ethylhexyl Palmitate,no-take,205,False
F0269,7,caprylhydroxamic-acid,Caprylhydroxamic Acid,no-take,42,False
F0269,8,parfum,Parfum (Fragrance),icky,331,False
F0269,9,limonene,Limonene,icky,138,False
F0269,10,citronellol,Citronellol,icky,45,False
F0270,1,polyisobutene,Polyisobutene,no-take,121,False
F0270,2,ethylhexyl-palmitate,Ethylhexyl Palmitate,no-take,205,False
F0270,3,hydrogenated-polyisobutene,Hydrogenated Polyisobutene,no-take,165,False
F0270,4,silica-dimethyl-silylate,Silica Dimethyl Silylate,no-take,160,False
F0270,5,prunus-amygdalus-dulcis-oil,Prunus Amygdalus Dulcis (Sweet Almond) Oil,goodie,66,False
F0270,6,daucus-carota-sativa-seed-oil,Daucus Carota Sativa (Carrot) Seed Oil,no-take,6,True
F0270,7,tocopheryl-acetate,Tocopheryl Acetate,no-take,357,False
F0270,8,canola-oil,Canola Oil,no-take,12,True
F0270,9,helianthus-annuus-seed-oil,Helianthus Annuus (Sunflower) Seed Oil,goodie,123,False
F0270,10,ethylene-propylene-styrene-copolymer,Ethylene/​Propylene/​Styrene Copolymer,no-take,70,False
F0270,11,caprylyl-glycol,Caprylyl Glycol,no-take,167,False
F0270,12,stevia-rebaudiana-extract,Stevia Rebaudiana Extract,sin_calificacion,21,True
F0270,13,glycerin,Glycerin,superstar,102,False
F0270,14,caprylhydroxamic-acid,Caprylhydroxamic Acid,no-take,42,False
F0270,15,butylene-ethylene-styrene-copolymer,Butylene/​Ethylene/​Styrene Copolymer,no-take,68,False
F0271,1,octyldodecanol,Octyldodecanol,no-take,208,False
F0271,2,hydrogenated-polyisobutene,Hydrogenated Polyisobutene,no-take,165,False
F0271,3,triethylhexanoin,Triethylhexanoin,no-take,21,True
F0271,4,cocos-nucifera-oil,Cocos Nucifera (Coconut) Oil,goodie,57,False
F0271,5,polyisobutene,Polyisobutene,no-take,121,False
F0271,6,caprylic-capric-triglyceride,Caprylic/​Capric Triglyceride,no-take,215,False
F0271,7,hydrogenated-polydecene,Hydrogenated Polydecene,no-take,30,True
F0271,8,microcrystalline-wax,Cera Microcristallina (Microcrystalline Wax),no-take,140,False
F0271,9,silica-dimethyl-silylate,Silica Dimethyl Silylate,no-take,160,False
F0271,10,butyrospermum-parkii-butter,Butyrospermum Parkii (Shea) Butter,goodie,149,False
F0271,11,tocopheryl-acetate,Tocopheryl Acetate,no-take,357,False
F0271,12,sodium-hyaluronate,Sodium Hyaluronate,goodie,132,False
F0271,13,ethylene-propylene-styrene-copolymer,Ethylene/​Propylene/​Styrene Copolymer,no-take,70,False
F0271,14,caprylyl-glycol,Caprylyl Glycol,no-take,167,False
F0271,15,ethylhexyl-palmitate,Ethylhexyl Palmitate,no-take,205,False
F0272,1,ethylhexyl-palmitate,Ethylhexyl Palmitate,no-take,205,False
F0272,2,hydrogenated-polyisobutene,Hydrogenated Polyisobutene,no-take,165,False
F0272,3,synthetic-wax,Synthetic Wax,no-take,176,False
F0272,4,polyisobutene,Polyisobutene,no-take,121,False
F0272,5,tocopheryl-acetate,Tocopheryl Acetate,no-take,357,False
F0272,6,ethylhexylglycerin,Ethylhexylglycerin,no-take,134,False
F0272,7,benzyl-salicylate,Benzyl Salicylate,icky,14,True
F0272,8,phenoxyethanol,Phenoxyethanol,no-take,286,False
F0272,9,benzyl-alcohol,Benzyl Alcohol,no-take,85,False
F0272,10,parfum,Parfum (Fragrance),icky,331,False
F0272,11,hexyl-cinnamal,Hexyl Cinnamal,icky,34,False
F0272,12,linalool,Linalool,icky,91,False
F0272,13,amyl-cinnamal,Amyl Cinnamal,no-take,8,True
F0272,14,hydroxycitronellal,Hydroxycitronellal,icky,17,True
F0272,15,limonene,Limonene,icky,138,False
F0273,1,triethylhexanoin,Triethylhexanoin,no-take,21,True
F0273,2,polyisobutene,Polyisobutene,no-take,121,False
F0273,3,caprylic-capric-triglyceride,Caprylic/​Capric Triglyceride,no-take,215,False
F0273,4,microcrystalline-wax,Cera Microcristallina (Microcrystalline Wax),no-take,140,False
F0273,5,prunus-avium-seed-oil,Prunus Avium (Sweet Cherry) Seed Oil,no-take,23,True
F0273,6,euphorbia-cerifera-cera,Euphorbia Cerifera (Candelilla) Wax,no-take,73,False
F0273,7,tocopheryl-acetate,Tocopheryl Acetate,no-take,357,False
F0273,8,cocos-nucifera-oil,Cocos Nucifera (Coconut) Oil,goodie,57,False
F0273,9,caprylyl-glycol,Caprylyl Glycol,no-take,167,False
F0273,10,ricinus-communis-seed-oil,Ricinus Communis (Castor) Seed Oil,no-take,145,False
F0273,11,stevia-rebaudiana-extract,Stevia Rebaudiana Extract,sin_calificacion,21,True
F0273,12,glycerin,Glycerin,superstar,102,False
F0273,13,caprylhydroxamic-acid,Caprylhydroxamic Acid,no-take,42,False
F0273,14,alumina,Alumina,no-take,91,False
F0273,15,parfum,Parfum (Fragrance),icky,331,False
F0274,1,hydrogenated-coconut-oil,Hydrogenated Coconut Oil,no-take,9,True
F0274,2,ricinus-communis-seed-oil,Ricinus Communis (Castor) Seed Oil,no-take,145,False
F0274,3,helianthus-annuus-seed-oil,Helianthus Annuus (Sunflower) Seed Oil,goodie,123,False
F0274,4,caprylic-capric-triglyceride,Caprylic/​Capric Triglyceride,no-take,215,False
F0274,5,isostearyl-isostearate,Isostearyl Isostearate,no-take,16,True
F0274,6,tribehenin,Tribehenin,no-take,82,False
F0274,7,cetyl-alcohol,Cetyl Alcohol,no-take,20,True
F0274,8,oryza-sativa-bran-wax,Oryza Sativa Bran Cera (Oryza Sativa (Rice) Bran Wax),sin_calificacion,10,True
F0274,9,alumina,Alumina,no-take,91,False
F0274,10,tocopherol,Tocopherol,goodie,289,False
F0274,11,parfum,Parfum (Fragrance),icky,331,False
F0275,1,bis-diglyceryl-polyacyladipate-2,Bis-Diglyceryl Polyacyladipate-2,no-take,169,False
F0275,2,polyisobutene,Polyisobutene,no-take,121,False
F0275,3,tridecyl-trimellitate,Tridecyl Trimellitate,no-take,126,False
F0275,4,diisostearyl-malate,Diisostearyl Malate,no-take,228,False
F0275,6,dipentaerythrityl-hexahydroxystearate-hexastearate-hexarosinate,Dipentaerythrityl Hexahydroxystearate/​Hexastearate/​Hexarosinate,no-take,10,True
F0275,7,silica,Silica,no-take,267,False
F0275,8,glyceryl-behenate-eicosadioate,Glyceryl Behenate/​Eicosadioate,no-take,21,True
F0275,9,vanillyl-butyl-ether,Vanillyl Butyl Ether,sin_calificacion,33,False
F0275,11,sodium-hyaluronate,Sodium Hyaluronate,goodie,132,False
F0275,12,tocopheryl-acetate,Tocopheryl Acetate,no-take,357,False
F0275,13,ethyl-menthane-carboxamide,Ethyl Menthane Carboxamide,no-take,6,True
F0275,14,ethylhexylglycerin,Ethylhexylglycerin,no-take,134,False
F0275,15,lactic-acid,Lactic Acid,superstar,44,False
F0276,1,ethylhexyl-palmitate,Ethylhexyl Palmitate,no-take,205,False
F0276,2,hydrogenated-polyisobutene,Hydrogenated Polyisobutene,no-take,165,False
F0276,3,synthetic-wax,Synthetic Wax,no-take,176,False
F0276,4,polyisobutene,Polyisobutene,no-take,121,False
F0276,5,caprylic-capric-triglyceride,Caprylic/​Capric Triglyceride,no-take,215,False
F0276,6,diisostearyl-malate,Diisostearyl Malate,no-take,228,False
F0276,7,tridecyl-trimellitate,Tridecyl Trimellitate,no-take,126,False
F0276,8,bis-diglyceryl-polyacyladipate-2,Bis-Diglyceryl Polyacyladipate-2,no-take,169,False
F0276,9,camellia-oleifera-seed-oil,Camellia Oleifera Seed Oil,goodie,18,True
F0276,10,simmondsia-chinensis-seed-oil,Simmondsia Chinensis (Jojoba) Seed Oil,goodie,134,False
F0276,11,tocopheryl-acetate,Tocopheryl Acetate,no-take,357,False
F0276,12,tocopherol,Tocopherol,goodie,289,False
F0276,13,ethylhexylglycerin,Ethylhexylglycerin,no-take,134,False
F0276,14,phenoxyethanol,Phenoxyethanol,no-take,286,False
F0276,15,parfum,Parfum (Fragrance),icky,331,False
F0277,1,diisostearyl-malate,Diisostearyl Malate,no-take,228,False
F0277,2,tridecyl-trimellitate,Tridecyl Trimellitate,no-take,126,False
F0277,3,polyisobutene,Polyisobutene,no-take,121,False
F0277,4,ethylhexyl-palmitate,Ethylhexyl Palmitate,no-take,205,False
F0277,5,silica,Silica,no-take,267,False
F0277,6,simmondsia-chinensis-seed-oil,Simmondsia Chinensis (Jojoba) Seed Oil,goodie,134,False
F0277,7,tocopheryl-acetate,Tocopheryl Acetate,no-take,357,False
F0277,8,ethylhexylglycerin,Ethylhexylglycerin,no-take,134,False
F0277,9,lactic-acid,Lactic Acid,superstar,44,False
F0277,10,phenoxyethanol,Phenoxyethanol,no-take,286,False
F0277,11,benzyl-alcohol,Benzyl Alcohol,no-take,85,False
F0277,12,parfum,Parfum (Fragrance),icky,331,False
F0278,1,triethylhexanoin,Triethylhexanoin,no-take,21,True
F0278,2,polyisobutene,Polyisobutene,no-take,121,False
F0278,3,microcrystalline-wax,Cera Microcristallina (Microcrystalline Wax),no-take,140,False
F0278,4,prunus-amygdalus-dulcis-oil,Prunus Amygdalus Dulcis (Sweet Almond) Oil,goodie,66,False
F0278,5,euphorbia-cerifera-cera,Euphorbia Cerifera (Candelilla) Wax,no-take,73,False
F0278,6,parfum,Parfum (Fragrance),icky,331,False
F0278,7,crambe-abyssinica-seed-oil,Crambe Abyssinica Seed Oil,goodie,6,True
F0278,8,glycine-soja-oil,Glycine Soja (Soybean) Oil,goodie,41,False
F0278,9,tocopheryl-acetate,Tocopheryl Acetate,no-take,357,False
F0278,10,tocopherol,Tocopherol,goodie,289,False
F0278,11,caprylyl-glycol,Caprylyl Glycol,no-take,167,False
F0278,12,ricinus-communis-seed-oil,Ricinus Communis (Castor) Seed Oil,no-take,145,False
F0278,13,beta-sitosterol,Beta-Sitosterol,sin_calificacion,6,True
F0278,14,stevia-rebaudiana-extract,Stevia Rebaudiana Extract,sin_calificacion,21,True
F0278,15,glycerin,Glycerin,superstar,102,False
F0279,1,sucrose,Sucrose,goodie,6,True
F0279,2,polyisobutene,Polyisobutene,no-take,121,False
F0279,4,prunus-amygdalus-dulcis-oil,Prunus Amygdalus Dulcis (Sweet Almond) Oil,goodie,66,False
F0279,5,triethylhexanoin,Triethylhexanoin,no-take,21,True
F0279,6,hydroxystearic-acid,Hydroxystearic Acid,no-take,8,True
F0279,7,cocos-nucifera-oil,Cocos Nucifera (Coconut) Oil,goodie,57,False
F0279,8,tocopheryl-acetate,Tocopheryl Acetate,no-take,357,False
F0279,10,daucus-carota-sativa-seed-oil,Daucus Carota Sativa (Carrot) Seed Oil,no-take,6,True
F0279,11,canola-oil,Canola Oil,no-take,12,True
F0279,12,helianthus-annuus-seed-oil,Helianthus Annuus (Sunflower) Seed Oil,goodie,123,False
F0279,13,caprylyl-glycol,Caprylyl Glycol,no-take,167,False
F0279,14,glycerin,Glycerin,superstar,102,False
F0279,15,caprylhydroxamic-acid,Caprylhydroxamic Acid,no-take,42,False
F0280,1,diisostearyl-malate,Diisostearyl Malate,no-take,228,False
F0280,2,tridecyl-trimellitate,Tridecyl Trimellitate,no-take,126,False
F0280,3,polyisobutene,Polyisobutene,no-take,121,False
F0280,4,silica,Silica,no-take,267,False
F0280,5,simmondsia-chinensis-seed-oil,Simmondsia Chinensis (Jojoba) Seed Oil,goodie,134,False
F0280,6,limnanthes-alba-seed-oil,Limnanthes Alba (Meadowfoam) Seed Oil,goodie,36,False
F0280,7,tocopheryl-acetate,Tocopheryl Acetate,no-take,357,False
F0280,8,hydrolyzed-sodium-hyaluronate,Hydrolyzed Sodium Hyaluronate,no-take,21,True
F0280,9,glyceryl-behenate,Glyceryl Behenate,no-take,24,True
F0280,10,ethylhexylglycerin,Ethylhexylglycerin,no-take,134,False
F0280,11,phenoxyethanol,Phenoxyethanol,no-take,286,False
F0280,12,parfum,Parfum (Fragrance),icky,331,False
F0280,13,linalool,Linalool,icky,91,False
F0280,14,citronellol,Citronellol,icky,45,False
F0280,15,limonene,Limonene,icky,138,False
F0281,1,octyldodecanol,Octyldodecanol,no-take,208,False
F0281,2,polybutene,Polybutene,no-take,212,False
F0281,3,hydrogenated-polyisobutene,Hydrogenated Polyisobutene,no-take,165,False
F0281,4,dicalcium-phosphate,Dicalcium Phosphate,no-take,50,False
F0281,5,silica,Silica,no-take,267,False
F0281,6,hydrogenated-styrene-isoprene-copolymer,Hydrogenated Styrene/​Isoprene Copolymer,no-take,44,False
F0281,7,caprylic-capric-triglyceride,Caprylic/​Capric Triglyceride,no-take,215,False
F0281,9,pentaerythrityl-tetra-di-t-butyl-hydroxyhydrocinnamate,Pentaerythrityl Tetra-Di-T-Butyl Hydroxyhydrocinnamate,no-take,222,False
F0281,10,ethyl-vanillin,Ethyl Vanillin,no-take,38,False
F0281,11,parfum,Parfum (Fragrance),icky,331,False
F0282,1,polybutene,Polybutene,no-take,212,False
F0282,2,hydrogenated-polyisobutene,Hydrogenated Polyisobutene,no-take,165,False
F0282,3,ethylhexyl-palmitate,Ethylhexyl Palmitate,no-take,205,False
F0282,5,simmondsia-chinensis-seed-oil,Simmondsia Chinensis (Jojoba) Seed Oil,goodie,134,False
F0282,6,tocopheryl-acetate,Tocopheryl Acetate,no-take,357,False
F0282,7,ethylhexylglycerin,Ethylhexylglycerin,no-take,134,False
F0282,8,phenoxyethanol,Phenoxyethanol,no-take,286,False
F0282,9,benzyl-benzoate,Benzyl Benzoate,icky,73,False
F0282,10,parfum,Parfum (Fragrance),icky,331,False
F0283,1,bis-diglyceryl-polyacyladipate-2,Bis-Diglyceryl Polyacyladipate-2,no-take,169,False
F0283,2,synthetic-wax,Synthetic Wax,no-take,176,False
F0283,3,prunus-amygdalus-dulcis-oil,Prunus Amygdalus Dulcis (Sweet Almond) Oil,goodie,66,False
F0283,4,pentaerythrityl-tetraisostearate,Pentaerythrityl Tetraisostearate,no-take,100,False
F0283,5,polyisobutene,Polyisobutene,no-take,121,False
F0283,6,ethylhexyl-palmitate,Ethylhexyl Palmitate,no-take,205,False
F0283,7,hydrogenated-castor-oil,Hydrogenated Castor Oil,no-take,55,False
F0283,8,tridecyl-trimellitate,Tridecyl Trimellitate,no-take,126,False
F0283,9,c12-15-alkyl-benzoate,C12-15 Alkyl Benzoate,no-take,29,True
F0283,10,octyldodecanol,Octyldodecanol,no-take,208,False
F0283,11,trimethyl-pentaphenyl-trisiloxane,Trimethyl Pentaphenyl Trisiloxane,no-take,8,True
F0283,12,methyl-hydrogenated-rosinate,Methyl Hydrogenated Rosinate,no-take,18,True
F0283,13,butyrospermum-parkii-butter,Butyrospermum Parkii (Shea) Butter,goodie,149,False
F0283,15,tocopherol,Tocopherol,goodie,289,False
F0284,1,polybutene,Polybutene,no-take,212,False
F0284,2,hydrogenated-polyisobutene,Hydrogenated Polyisobutene,no-take,165,False
F0284,3,octyldodecanol,Octyldodecanol,no-take,208,False
F0284,4,silica-dimethyl-silylate,Silica Dimethyl Silylate,no-take,160,False
F0284,5,trimethylolpropane-triisostearate,Trimethylolpropane Triisostearate,no-take,34,False
F0284,6,hydrogenated-styrene-isoprene-copolymer,Hydrogenated Styrene/​Isoprene Copolymer,no-take,44,False
F0284,7,caprylic-capric-triglyceride,Caprylic/​Capric Triglyceride,no-take,215,False
F0284,8,tocopherol,Tocopherol,goodie,289,False
F0284,9,vp-hexadecene-copolymer,VP/​Hexadecene Copolymer,no-take,45,False
F0284,10,octyldodecyl-stearoyl-stearate,Octyldodecyl Stearoyl Stearate,no-take,20,True
F0284,11,caprylyl-glycol,Caprylyl Glycol,no-take,167,False
F0284,12,pentaerythrityl-tetra-di-t-butyl-hydroxyhydrocinnamate,Pentaerythrityl Tetra-Di-T-Butyl Hydroxyhydrocinnamate,no-take,222,False
F0284,13,aroma,Aroma (Flavor),sin_calificacion,150,False
F0285,1,ricinus-communis-seed-oil,Ricinus Communis (Castor) Seed Oil,no-take,145,False
F0285,2,ethylhexyl-stearate,Ethylhexyl Stearate,no-take,17,True
F0285,3,silica-dimethyl-silylate,Silica Dimethyl Silylate,no-take,160,False
F0285,4,bis-diglyceryl-polyacyladipate-2,Bis-Diglyceryl Polyacyladipate-2,no-take,169,False
F0285,5,polyglyceryl-3-diisostearate,Polyglyceryl-3 Diisostearate,no-take,35,False
F0285,6,oleic-linoleic-linolenic-polyglycerides,Oleic/​Linoleic/​Linolenic Polyglycerides,goodie,15,True
F0285,7,cocoyl-hydrolyzed-collagen,Cocoyl Hydrolyzed Collagen,no-take,9,True
F0285,8,tocopheryl-acetate,Tocopheryl Acetate,no-take,357,False
F0285,9,glycine-soja-seed-extract,Glycine Soja (Soybean) Seed Extract,goodie,6,True
F0285,10,stevia-rebaudiana-extract,Stevia Rebaudiana Extract,sin_calificacion,21,True
F0285,11,ceramide-ng,Ceramide NG,goodie,10,True
F0285,12,caprylyl-glycol,Caprylyl Glycol,no-take,167,False
F0285,13,silica,Silica,no-take,267,False
F0285,14,glycerin,Glycerin,superstar,102,False
F0285,15,caprylhydroxamic-acid,Caprylhydroxamic Acid,no-take,42,False
F0286,1,polybutene,Polybutene,no-take,212,False
F0286,2,bis-diglyceryl-polyacyladipate-2,Bis-Diglyceryl Polyacyladipate-2,no-take,169,False
F0286,3,butyrospermum-parkii-butter,Butyrospermum Parkii (Shea) Butter,goodie,149,False
F0286,4,dimer-dilinoleyl-dimer-dilinoleate,Dimer Dilinoleyl Dimer Dilinoleate,no-take,22,True
F0286,5,pentaerythrityl-tetraisostearate,Pentaerythrityl Tetraisostearate,no-take,100,False
F0286,6,sorbitan-olivate,Sorbitan Olivate,goodie,6,True
F0286,7,synthetic-wax,Synthetic Wax,no-take,176,False
F0286,8,ethylhexyl-palmitate,Ethylhexyl Palmitate,no-take,205,False
F0286,9,tocopheryl-acetate,Tocopheryl Acetate,no-take,357,False
F0286,10,bisabolol,Bisabolol,goodie,6,True
F0286,11,helianthus-annuus-seed-oil,Helianthus Annuus (Sunflower) Seed Oil,goodie,123,False
F0286,12,caprylic-capric-triglyceride,Caprylic/​Capric Triglyceride,no-take,215,False
F0286,13,tocopherol,Tocopherol,goodie,289,False
F0286,14,ethylhexylglycerin,Ethylhexylglycerin,no-take,134,False
F0286,15,tribehenin,Tribehenin,no-take,82,False
F0287,1,polybutene,Polybutene,no-take,212,False
F0287,2,octyldodecanol,Octyldodecanol,no-take,208,False
F0287,3,hydrogenated-polyisobutene,Hydrogenated Polyisobutene,no-take,165,False
F0287,4,silica-dimethyl-silylate,Silica Dimethyl Silylate,no-take,160,False
F0287,5,disteardimonium-hectorite,Disteardimonium Hectorite,no-take,82,False
F0287,6,hydrogenated-styrene-isoprene-copolymer,Hydrogenated Styrene/​Isoprene Copolymer,no-take,44,False
F0287,7,aluminum-calcium-sodium-silicate,Aluminum Calcium Sodium Silicate,sin_calificacion,8,True
F0287,8,caprylic-capric-triglyceride,Caprylic/​Capric Triglyceride,no-take,215,False
F0287,9,tocopheryl-acetate,Tocopheryl Acetate,no-take,357,False
F0287,10,octyldodecyl-stearoyl-stearate,Octyldodecyl Stearoyl Stearate,no-take,20,True
F0287,11,pentaerythrityl-tetra-di-t-butyl-hydroxyhydrocinnamate,Pentaerythrityl Tetra-Di-T-Butyl Hydroxyhydrocinnamate,no-take,222,False
F0287,12,propylene-carbonate,Propylene Carbonate,no-take,95,False
F0287,13,sodium-saccharin,Sodium Saccharin,sin_calificacion,22,True
F0287,14,vp-hexadecene-copolymer,VP/​Hexadecene Copolymer,no-take,45,False
F0287,15,aroma,Aroma (Flavor),sin_calificacion,150,False
F0288,1,ethylhexyl-stearate,Ethylhexyl Stearate,no-take,17,True
F0288,2,ricinus-communis-seed-oil,Ricinus Communis (Castor) Seed Oil,no-take,145,False
F0288,3,silica-dimethyl-silylate,Silica Dimethyl Silylate,no-take,160,False
F0288,4,oleic-linoleic-linolenic-polyglycerides,Oleic/​Linoleic/​Linolenic Polyglycerides,goodie,15,True
F0288,5,prunus-amygdalus-dulcis-oil,Prunus Amygdalus Dulcis (Sweet Almond) Oil,goodie,66,False
F0288,6,tocopheryl-acetate,Tocopheryl Acetate,no-take,357,False
F0288,7,stevia-rebaudiana-extract,Stevia Rebaudiana Extract,sin_calificacion,21,True
F0288,8,canola-oil,Canola Oil,no-take,12,True
F0288,9,daucus-carota-sativa-seed-oil,Daucus Carota Sativa (Carrot) Seed Oil,no-take,6,True
F0288,10,helianthus-annuus-seed-oil,Helianthus Annuus (Sunflower) Seed Oil,goodie,123,False
F0288,11,caprylyl-glycol,Caprylyl Glycol,no-take,167,False
F0288,12,glycerin,Glycerin,superstar,102,False
F0288,13,caprylhydroxamic-acid,Caprylhydroxamic Acid,no-take,42,False
F0288,14,daucus-carota-sativa-root-extract,Daucus Carota Sativa (Carrot) Root Extract,goodie,7,True
F0288,15,beta-carotene,Beta-Carotene,sin_calificacion,7,True
F0289,1,diisostearyl-malate,Diisostearyl Malate,no-take,228,False
F0289,2,helianthus-annuus-hybrid-oil,Helianthus Annuus Hybrid Oil (Helianthus Annuus (Sunflower) Seed Oil),no-take,8,True
F0289,3,ricinus-communis-seed-oil,Ricinus Communis (Castor) Seed Oil,no-take,145,False
F0289,4,diisostearoyl-polyglyceryl-3-dimer-dilinoleate,Diisostearoyl Polyglyceryl-3 Dimer Dilinoleate,no-take,5,True
F0289,5,silica,Silica,no-take,267,False
F0289,6,polyglyceryl-2-isostearate-dimer-dilinoleate-copolymer,Polyglyceryl-2 Isostearate/​Dimer Dilinoleate Copolymer,no-take,27,True
F0289,7,prunus-armeniaca-kernel-oil,Prunus Armeniaca (Apricot) Kernel Oil,goodie,19,True
F0289,8,argania-spinosa-kernel-oil,Argania Spinosa Kernel Oil,goodie,36,False
F0289,9,tocopheryl-acetate,Tocopheryl Acetate,no-take,357,False
F0289,10,simmondsia-chinensis-seed-oil,Simmondsia Chinensis (Jojoba) Seed Oil,goodie,134,False
F0289,11,parfum,Parfum (Fragrance),icky,331,False
F0290,1,polybutene,Polybutene,no-take,212,False
F0290,2,hydrogenated-polyisobutene,Hydrogenated Polyisobutene,no-take,165,False
F0290,3,ethylhexyl-palmitate,Ethylhexyl Palmitate,no-take,205,False
F0290,4,simmondsia-chinensis-seed-oil,Simmondsia Chinensis (Jojoba) Seed Oil,goodie,134,False
F0290,6,vanillyl-butyl-ether,Vanillyl Butyl Ether,sin_calificacion,33,False
F0290,7,tocopheryl-acetate,Tocopheryl Acetate,no-take,357,False
F0290,8,ethylhexylglycerin,Ethylhexylglycerin,no-take,134,False
F0290,9,ethyl-menthane-carboxamide,Ethyl Menthane Carboxamide,no-take,6,True
F0290,10,phenoxyethanol,Phenoxyethanol,no-take,286,False
F0290,11,limonene,Limonene,icky,138,False
F0290,12,parfum,Parfum (Fragrance),icky,331,False
F0290,13,benzyl-benzoate,Benzyl Benzoate,icky,73,False
F0290,14,linalool,Linalool,icky,91,False
F0290,15,citral,Citral,icky,34,False
F0291,1,polybutene,Polybutene,no-take,212,False
F0291,2,diisostearyl-malate,Diisostearyl Malate,no-take,228,False
F0291,3,octyldodecanol,Octyldodecanol,no-take,208,False
F0291,4,silica,Silica,no-take,267,False
F0291,5,shorea-robusta-resin,Shorea Robusta Resin,sin_calificacion,19,True
F0291,7,helianthus-annuus-seed-oil,Helianthus Annuus (Sunflower) Seed Oil,goodie,123,False
F0291,8,butyrospermum-parkii-butter,Butyrospermum Parkii (Shea) Butter,goodie,149,False
F0291,9,theobroma-cacao-seed-butter,Theobroma Cacao (Cocoa) Seed Butter,goodie,18,True
F0291,10,tocopheryl-acetate,Tocopheryl Acetate,no-take,357,False
F0291,11,tocopherol,Tocopherol,goodie,289,False
F0291,12,sodium-hyaluronate,Sodium Hyaluronate,goodie,132,False
F0291,13,ethylcellulose,Ethylcellulose,no-take,13,True
F0291,14,ethylhexyl-palmitate,Ethylhexyl Palmitate,no-take,205,False
F0292,1,diisostearyl-malate,Diisostearyl Malate,no-take,228,False
F0292,2,tridecyl-trimellitate,Tridecyl Trimellitate,no-take,126,False
F0292,3,synthetic-wax,Synthetic Wax,no-take,176,False
F0292,4,triethylhexanoin,Triethylhexanoin,no-take,21,True
F0292,5,polyisobutene,Polyisobutene,no-take,121,False
F0292,6,bis-behenyl-isostearyl-phytosteryl-dimer-dilinoleyl-dimer-dilinoleate,Bis-Behenyl/​Isostearyl/​Phytosteryl Dimer Dilinoleyl Dimer Dilinoleate,no-take,42,False
F0292,7,bis-diglyceryl-polyacyladipate-2,Bis-Diglyceryl Polyacyladipate-2,no-take,169,False
F0292,8,pentaerythrityl-tetraisostearate,Pentaerythrityl Tetraisostearate,no-take,100,False
F0292,9,polyglyceryl-2-triisostearate,Polyglyceryl-2 Triisostearate,no-take,101,False
F0292,10,tocopheryl-acetate,Tocopheryl Acetate,no-take,357,False
F0292,11,vitis-vinifera-seed-oil,Vitis Vinifera (Grape) Seed Oil,goodie,15,True
F0292,12,butyrospermum-parkii-butter,Butyrospermum Parkii (Shea) Butter,goodie,149,False
F0292,13,cocos-nucifera-oil,Cocos Nucifera (Coconut) Oil,goodie,57,False
F0292,14,prunus-avium-seed-oil,Prunus Avium (Sweet Cherry) Seed Oil,no-take,23,True
F0292,15,tocopherol,Tocopherol,goodie,289,False
F0293,1,ethylhexyl-stearate,Ethylhexyl Stearate,no-take,17,True
F0293,2,ricinus-communis-seed-oil,Ricinus Communis (Castor) Seed Oil,no-take,145,False
F0293,3,silica-dimethyl-silylate,Silica Dimethyl Silylate,no-take,160,False
F0293,4,oleic-linoleic-linolenic-polyglycerides,Oleic/​Linoleic/​Linolenic Polyglycerides,goodie,15,True
F0293,5,prunus-amygdalus-dulcis-oil,Prunus Amygdalus Dulcis (Sweet Almond) Oil,goodie,66,False
F0293,6,stevia-rebaudiana-extract,Stevia Rebaudiana Extract,sin_calificacion,21,True
F0293,7,tocopheryl-acetate,Tocopheryl Acetate,no-take,357,False
F0293,8,caprylyl-glycol,Caprylyl Glycol,no-take,167,False
F0293,9,ethylhexyl-palmitate,Ethylhexyl Palmitate,no-take,205,False
F0293,10,caprylhydroxamic-acid,Caprylhydroxamic Acid,no-take,42,False
F0293,11,glycerin,Glycerin,superstar,102,False
F0293,12,silica,Silica,no-take,267,False
F0293,13,parfum,Parfum (Fragrance),icky,331,False
F0294,1,ethylhexyl-palmitate,Ethylhexyl Palmitate,no-take,205,False
F0294,2,calcium-carbonate,Calcium Carbonate,no-take,5,True
F0294,3,kaolin,Kaolin,goodie,40,False
F0294,4,microcrystalline-wax,Cera Microcristallina (Microcrystalline Wax),no-take,140,False
F0294,5,euphorbia-cerifera-cera,Euphorbia Cerifera (Candelilla) Wax,no-take,73,False
F0294,6,synthetic-wax,Synthetic Wax,no-take,176,False
F0294,7,disteardimonium-hectorite,Disteardimonium Hectorite,no-take,82,False
F0294,8,petrolatum,Petrolatum,goodie,33,False
F0294,9,silica-dimethyl-silylate,Silica Dimethyl Silylate,no-take,160,False
F0294,10,tocopherol,Tocopherol,goodie,289,False
F0294,11,glyceryl-caprylate,Glyceryl Caprylate,no-take,20,True
F0294,12,vp-hexadecene-copolymer,Vp/​Hexadecene Copolymer,no-take,45,False
F0294,13,bht,BHT,no-take,68,False
F0294,14,octyldodecanol,Octyldodecanol,no-take,208,False
F0294,15,parfum,Parfum (Fragrance),icky,331,False
F0295,1,bis-diglyceryl-polyacyladipate-2,Bis-Diglyceryl Polyacyladipate-2,no-take,169,False
F0295,2,tridecyl-trimellitate,Tridecyl Trimellitate,no-take,126,False
F0295,3,polyisobutene,Polyisobutene,no-take,121,False
F0295,4,diisostearyl-malate,Diisostearyl Malate,no-take,228,False
F0295,5,synthetic-wax,Synthetic Wax,no-take,176,False
F0295,6,dipentaerythrityl-hexahydroxystearate-hexastearate-hexarosinate,Dipentaerythrityl Hexahydroxystearate/​Hexastearate/​Hexarosinate,no-take,10,True
F0295,7,silica,Silica,no-take,267,False
F0295,8,glyceryl-behenate-eicosadioate,Glyceryl Behenate/​Eicosadioate,no-take,21,True
F0295,9,tocopheryl-acetate,Tocopheryl Acetate,no-take,357,False
F0295,10,limnanthes-alba-seed-oil,Limnanthes Alba (Meadowfoam) Seed Oil,goodie,36,False
F0295,11,hydrogenated-jojoba-oil,Hydrogenated Jojoba Oil,no-take,13,True
F0295,12,hydrolyzed-sodium-hyaluronate,Hydrolyzed Sodium Hyaluronate,no-take,21,True
F0295,14,ethyl-menthane-carboxamide,Ethyl Menthane Carboxamide,no-take,6,True
F0295,15,vanillyl-butyl-ether,Vanillyl Butyl Ether,sin_calificacion,33,False
F0296,1,polybutene,Polybutene,no-take,212,False
F0296,2,octyldodecanol,Octyldodecanol,no-take,208,False
F0296,3,silica-dimethyl-silylate,Silica Dimethyl Silylate,no-take,160,False
F0296,4,disteardimonium-hectorite,Disteardimonium Hectorite,no-take,82,False
F0296,5,dextrin-palmitate,Dextrin Palmitate,no-take,10,True
F0296,6,tocopheryl-acetate,Tocopheryl Acetate,no-take,357,False
F0296,7,propylene-carbonate,Propylene Carbonate,no-take,95,False
F0296,8,silica,Silica,no-take,267,False
F0296,9,sodium-saccharin,Sodium Saccharin,sin_calificacion,22,True
F0296,10,phenoxyethanol,Phenoxyethanol,no-take,286,False
F0296,11,aroma,Aroma (Flavor),sin_calificacion,150,False
F0297,1,diisostearyl-malate,Diisostearyl Malate,no-take,228,False
F0297,2,tridecyl-trimellitate,Tridecyl Trimellitate,no-take,126,False
F0297,3,synthetic-wax,Synthetic Wax,no-take,176,False
F0297,4,triethylhexanoin,Triethylhexanoin,no-take,21,True
F0297,5,polyisobutene,Polyisobutene,no-take,121,False
F0297,6,bis-behenyl-isostearyl-phytosteryl-dimer-dilinoleyl-dimer-dilinoleate,Bis-Behenyl/​Isostearyl/​Phytosteryl Dimer Dilinoleyl Dimer Dilinoleate,no-take,42,False
F0297,7,bis-diglyceryl-polyacyladipate-2,Bis-Diglyceryl Polyacyladipate-2,no-take,169,False
F0297,8,pentaerythrityl-tetraisostearate,Pentaerythrityl Tetraisostearate,no-take,100,False
F0297,9,polyglyceryl-2-triisostearate,Polyglyceryl-2 Triisostearate,no-take,101,False
F0297,10,tocopheryl-acetate,Tocopheryl Acetate,no-take,357,False
F0297,11,vitis-vinifera-seed-oil,Vitis Vinifera (Grape) Seed Oil,goodie,15,True
F0297,12,butyrospermum-parkii-butter,Butyrospermum Parkii (Shea) Butter,goodie,149,False
F0297,13,cocos-nucifera-oil,Cocos Nucifera (Coconut) Oil,goodie,57,False
F0297,14,prunus-avium-seed-oil,Prunus Avium (Sweet Cherry) Seed Oil,no-take,23,True
F0297,15,tocopherol,Tocopherol,goodie,289,False
F0298,1,bis-diglyceryl-polyacyladipate-2,Bis-Diglyceryl Polyacyladipate-2,no-take,169,False
F0298,2,synthetic-wax,Synthetic Wax,no-take,176,False
F0298,3,prunus-amygdalus-dulcis-oil,Prunus Amygdalus Dulcis (Sweet Almond) Oil,goodie,66,False
F0298,4,pentaerythrityl-tetraisostearate,Pentaerythrityl Tetraisostearate,no-take,100,False
F0298,5,polyisobutene,Polyisobutene,no-take,121,False
F0298,6,ethylhexyl-palmitate,Ethylhexyl Palmitate,no-take,205,False
F0298,7,hydrogenated-castor-oil,Hydrogenated Castor Oil,no-take,55,False
F0298,8,tridecyl-trimellitate,Tridecyl Trimellitate,no-take,126,False
F0298,9,c12-15-alkyl-benzoate,C12-15 Alkyl Benzoate,no-take,29,True
F0298,10,octyldodecanol,Octyldodecanol,no-take,208,False
F0298,11,trimethyl-pentaphenyl-trisiloxane,Trimethyl Pentaphenyl Trisiloxane,no-take,8,True
F0298,12,methyl-hydrogenated-rosinate,Methyl Hydrogenated Rosinate,no-take,18,True
F0298,13,butyrospermum-parkii-butter,Butyrospermum Parkii (Shea) Butter,goodie,149,False
F0298,15,tocopherol,Tocopherol,goodie,289,False
F0299,1,polyisobutene,Polyisobutene,no-take,121,False
F0299,2,bis-diglyceryl-polyacyladipate-2,Bis-Diglyceryl Polyacyladipate-2,no-take,169,False
F0299,3,tridecyl-trimellitate,Tridecyl Trimellitate,no-take,126,False
F0299,4,ethylhexyl-palmitate,Ethylhexyl Palmitate,no-take,205,False
F0299,5,diisostearyl-malate,Diisostearyl Malate,no-take,228,False
F0299,6,synthetic-wax,Synthetic Wax,no-take,176,False
F0299,7,silica,Silica,no-take,267,False
F0299,8,dipentaerythrityl-hexahydroxystearate-hexastearate-hexarosinate,Dipentaerythrityl Hexahydroxystearate/​Hexastearate/​Hexarosinate,no-take,10,True
F0299,9,c12-15-alkyl-benzoate,C12-15 Alkyl Benzoate,no-take,29,True
F0299,10,tocopheryl-acetate,Tocopheryl Acetate,no-take,357,False
F0299,11,simmondsia-chinensis-seed-oil,Simmondsia Chinensis (Jojoba) Seed Oil,goodie,134,False
F0299,12,ethylhexylglycerin,Ethylhexylglycerin,no-take,134,False
F0299,13,lactic-acid,Lactic Acid,superstar,44,False
F0299,14,phenoxyethanol,Phenoxyethanol,no-take,286,False
F0299,15,parfum,Parfum (Fragrance),icky,331,False
F0300,1,caprylic-capric-triglyceride,Caprylic/​Capric Triglyceride,no-take,215,False
F0300,2,helianthus-annuus-hybrid-oil,Helianthus Annuus Hybrid Oil (Helianthus Annuus (Sunflower) Seed Oil),no-take,8,True
F0300,3,talc,Talc,no-take,35,False
F0300,5,euphorbia-cerifera-cera,Euphorbia Cerifera (Candelilla) Wax,no-take,73,False
F0300,6,helianthus-annuus-seed-wax,Helianthus Annuus (Sunflower) Seed Wax,no-take,47,False
F0300,7,tribehenin,Tribehenin,no-take,82,False
F0300,8,squalane,Squalane,goodie,82,False
F0300,9,polyglyceryl-2-isostearate-dimer-dilinoleate-copolymer,Polyglyceryl-2 Isostearate/​Dimer Dilinoleate Copolymer,no-take,27,True
F0300,10,copernicia-cerifera-wax,Copernicia Cerifera (Carnauba) Wax,no-take,67,False
F0300,12,butyrospermum-parkii-butter,Butyrospermum Parkii (Shea) Butter,goodie,149,False
F0300,13,ricinus-communis-seed-oil,Ricinus Communis (Castor) Seed Oil,no-take,145,False
F0300,14,sodium-hyaluronate,Sodium Hyaluronate,goodie,132,False
F0300,15,tocopherol,Tocopherol,goodie,289,False
F0301,1,water,Aqua (Water),no-take,106,False
F0301,2,glycerin,Glycerin,superstar,102,False
F0301,3,butylene-glycol,Butylene Glycol,no-take,61,False
F0301,7,sodium-hyaluronate,Sodium Hyaluronate,goodie,132,False
F0301,9,hexylene-glycol,Hexylene Glycol,no-take,51,False
F0301,12,pentylene-glycol,Pentylene Glycol,no-take,26,True
F0302,1,polyisobutene,Polyisobutene,no-take,121,False
F0302,2,bis-diglyceryl-polyacyladipate-2,Bis-Diglyceryl Polyacyladipate-2,no-take,169,False
F0302,3,tridecyl-trimellitate,Tridecyl Trimellitate,no-take,126,False
F0302,4,ethylhexyl-palmitate,Ethylhexyl Palmitate,no-take,205,False
F0302,5,diisostearyl-malate,Diisostearyl Malate,no-take,228,False
F0302,6,synthetic-wax,Synthetic Wax,no-take,176,False
F0302,7,silica,Silica,no-take,267,False
F0302,8,dipentaerythrityl-hexahydroxystearate-hexastearate-hexarosinate,Dipentaerythrityl Hexahydroxystearate/​Hexastearate/​Hexarosinate,no-take,10,True
F0302,9,c12-15-alkyl-benzoate,C12-15 Alkyl Benzoate,no-take,29,True
F0302,10,tocopheryl-acetate,Tocopheryl Acetate,no-take,357,False
F0302,11,simmondsia-chinensis-seed-oil,Simmondsia Chinensis (Jojoba) Seed Oil,goodie,134,False
F0302,12,ethylhexylglycerin,Ethylhexylglycerin,no-take,134,False
F0302,13,lactic-acid,Lactic Acid,superstar,44,False
F0302,14,phenoxyethanol,Phenoxyethanol,no-take,286,False
F0302,15,parfum,Parfum (Fragrance),icky,331,False
F0303,1,bis-diglyceryl-polyacyladipate-2,Bis-Diglyceryl Polyacyladipate-2,no-take,169,False
F0303,2,diisostearyl-malate,Diisostearyl Malate,no-take,228,False
F0303,3,polyisobutene,Polyisobutene,no-take,121,False
F0303,4,caprylic-capric-triglyceride,Caprylic/​Capric Triglyceride,no-take,215,False
F0303,5,synthetic-wax,Synthetic Wax,no-take,176,False
F0303,6,tridecyl-trimellitate,Tridecyl Trimellitate,no-take,126,False
F0303,7,glycerin,Glycerin,superstar,102,False
F0303,8,silica-dimethyl-silylate,Silica Dimethyl Silylate,no-take,160,False
F0303,9,sorbitan-isostearate,Sorbitan Isostearate,no-take,86,False
F0303,10,butyrospermum-parkii-butter,Butyrospermum Parkii (Shea) Butter,goodie,149,False
F0303,11,tocopheryl-acetate,Tocopheryl Acetate,no-take,357,False
F0303,12,limnanthes-alba-seed-oil,Limnanthes Alba (Meadowfoam) Seed Oil,goodie,36,False
F0303,13,hydrolyzed-sodium-hyaluronate,Hydrolyzed Sodium Hyaluronate,no-take,21,True
F0303,14,squalane,Squalane,goodie,82,False
F0303,15,caprylyl-glycol,Caprylyl Glycol,no-take,167,False
F0304,1,polyisobutene,Polyisobutene,no-take,121,False
F0304,2,ethylhexyl-palmitate,Ethylhexyl Palmitate,no-take,205,False
F0304,3,tridecyl-trimellitate,Tridecyl Trimellitate,no-take,126,False
F0304,4,silica-dimethyl-silylate,Silica Dimethyl Silylate,no-take,160,False
F0304,5,dextrin-palmitate,Dextrin Palmitate,no-take,10,True
F0304,7,dimer-dilinoleyl-dimer-dilinoleate,Dimer Dilinoleyl Dimer Dilinoleate,no-take,22,True
F0304,8,persea-gratissima-oil,Persea Gratissima (Avocado) Oil,goodie,45,False
F0304,9,prunus-avium-seed-oil,Prunus Avium (Sweet Cherry) Seed Oil,no-take,23,True
F0304,10,helianthus-annuus-seed-oil,Helianthus Annuus (Sunflower) Seed Oil,goodie,123,False
F0304,11,tribehenin,Tribehenin,no-take,82,False
F0304,12,squalane,Squalane,goodie,82,False
F0304,13,sorbitan-isostearate,Sorbitan Isostearate,no-take,86,False
F0304,14,palmitoyl-tripeptide-1,Palmitoyl Tripeptide-1,goodie,50,False
F0305,1,polyisobutene,Polyisobutene,no-take,121,False
F0305,2,ethylhexyl-palmitate,Ethylhexyl Palmitate,no-take,205,False
F0305,3,hydrogenated-polyisobutene,Hydrogenated Polyisobutene,no-take,165,False
F0305,4,silica-dimethyl-silylate,Silica Dimethyl Silylate,no-take,160,False
F0305,5,parfum,Parfum (Fragrance),icky,331,False
F0305,6,prunus-amygdalus-dulcis-oil,Prunus Amygdalus Dulcis (Sweet Almond) Oil,goodie,66,False
F0305,7,tocopheryl-acetate,Tocopheryl Acetate,no-take,357,False
F0305,8,ethylene-propylene-styrene-copolymer,Ethylene/​Propylene/​Styrene Copolymer,no-take,70,False
F0305,9,caprylyl-glycol,Caprylyl Glycol,no-take,167,False
F0305,10,stevia-rebaudiana-extract,Stevia Rebaudiana Extract,sin_calificacion,21,True
F0305,11,glycerin,Glycerin,superstar,102,False
F0305,12,caprylhydroxamic-acid,Caprylhydroxamic Acid,no-take,42,False
F0305,13,butylene-ethylene-styrene-copolymer,Butylene/​Ethylene/​Styrene Copolymer,no-take,68,False
F0305,14,pentaerythrityl-tetra-di-t-butyl-hydroxyhydrocinnamate,Pentaerythrityl Tetra-Di-T-Butyl Hydroxyhydrocinnamate,no-take,222,False
F0305,15,benzyl-benzoate,Benzyl Benzoate,icky,73,False
F0306,1,ethylhexyl-palmitate,Ethylhexyl Palmitate,no-take,205,False
F0306,2,diisostearyl-malate,Diisostearyl Malate,no-take,228,False
F0306,3,synthetic-wax,Synthetic Wax,no-take,176,False
F0306,4,polyisobutene,Polyisobutene,no-take,121,False
F0306,5,dipentaerythrityl-hexahydroxystearate-hexastearate-hexarosinate,Dipentaerythrityl Hexahydroxystearate/​Hexastearate/​Hexarosinate,no-take,10,True
F0306,6,tridecyl-trimellitate,Tridecyl Trimellitate,no-take,126,False
F0306,7,polyglyceryl-2-triisostearate,Polyglyceryl-2 Triisostearate,no-take,101,False
F0306,8,simmondsia-chinensis-seed-oil,Simmondsia Chinensis (Jojoba) Seed Oil,goodie,134,False
F0306,9,tocopheryl-acetate,Tocopheryl Acetate,no-take,357,False
F0306,10,ethylhexylglycerin,Ethylhexylglycerin,no-take,134,False
F0306,11,benzyl-salicylate,Benzyl Salicylate,icky,14,True
F0306,12,phenoxyethanol,Phenoxyethanol,no-take,286,False
F0306,13,benzyl-alcohol,Benzyl Alcohol,no-take,85,False
F0306,14,parfum,Parfum (Fragrance),icky,331,False
F0306,15,hexyl-cinnamal,Hexyl Cinnamal,icky,34,False
F0307,1,diisostearyl-malate,Diisostearyl Malate,no-take,228,False
F0307,2,polyisobutene,Polyisobutene,no-take,121,False
F0307,3,bis-diglyceryl-polyacyladipate-2,Bis-Diglyceryl Polyacyladipate-2,no-take,169,False
F0307,4,tridecyl-trimellitate,Tridecyl Trimellitate,no-take,126,False
F0307,5,ethylhexyl-palmitate,Ethylhexyl Palmitate,no-take,205,False
F0307,6,synthetic-wax,Synthetic Wax,no-take,176,False
F0307,7,dipentaerythrityl-hexahydroxystearate-hexastearate-hexarosinate,Dipentaerythrityl Hexahydroxystearate/​Hexastearate/​Hexarosinate,no-take,10,True
F0307,8,silica,Silica,no-take,267,False
F0307,9,ethyl-menthane-carboxamide,Ethyl Menthane Carboxamide,no-take,6,True
F0307,10,glyceryl-behenate-eicosadioate,Glyceryl Behenate/​Eicosadioate,no-take,21,True
F0307,11,vanillyl-butyl-ether,Vanillyl Butyl Ether,sin_calificacion,33,False
F0307,12,hydrolyzed-sodium-hyaluronate,Hydrolyzed Sodium Hyaluronate,no-take,21,True
F0307,13,limnanthes-alba-seed-oil,Limnanthes Alba (Meadowfoam) Seed Oil,goodie,36,False
F0307,14,tocopheryl-acetate,Tocopheryl Acetate,no-take,357,False
F0308,1,triethylhexanoin,Triethylhexanoin,no-take,21,True
F0308,2,polyisobutene,Polyisobutene,no-take,121,False
F0308,3,ethylhexyl-palmitate,Ethylhexyl Palmitate,no-take,205,False
F0308,4,bis-diglyceryl-polyacyladipate-2,Bis-Diglyceryl Polyacyladipate-2,no-take,169,False
F0308,5,dibutyl-lauroyl-glutamide,Dibutyl Lauroyl Glutamide,no-take,13,True
F0308,6,dibutyl-ethylhexanoyl-glutamide,Dibutyl Ethylhexanoyl Glutamide,no-take,18,True
F0308,7,limnanthes-alba-seed-oil,Limnanthes Alba (Meadowfoam) Seed Oil,goodie,36,False
F0308,8,tocopheryl-acetate,Tocopheryl Acetate,no-take,357,False
F0308,9,hydrolyzed-sodium-hyaluronate,Hydrolyzed Sodium Hyaluronate,no-take,21,True
F0308,10,glyceryl-behenate,Glyceryl Behenate,no-take,24,True
F0308,11,ethylhexylglycerin,Ethylhexylglycerin,no-take,134,False
F0308,12,phenoxyethanol,Phenoxyethanol,no-take,286,False
F0308,13,benzyl-alcohol,Benzyl Alcohol,no-take,85,False
F0308,14,parfum,Parfum (Fragrance),icky,331,False
F0308,15,citronellol,Citronellol,icky,45,False
F0309,1,ethylhexyl-stearate,Ethylhexyl Stearate,no-take,17,True
F0309,2,ricinus-communis-seed-oil,Ricinus Communis (Castor) Seed Oil,no-take,145,False
F0309,3,silica-dimethyl-silylate,Silica Dimethyl Silylate,no-take,160,False
F0309,4,oleic-linoleic-linolenic-polyglycerides,Oleic/​Linoleic/​Linolenic Polyglycerides,goodie,15,True
F0309,5,parfum,Parfum (Fragrance),icky,331,False
F0309,6,prunus-amygdalus-dulcis-oil,Prunus Amygdalus Dulcis (Sweet Almond) Oil,goodie,66,False
F0309,7,stevia-rebaudiana-extract,Stevia Rebaudiana Extract,sin_calificacion,21,True
F0309,8,caprylyl-glycol,Caprylyl Glycol,no-take,167,False
F0309,9,tocopheryl-acetate,Tocopheryl Acetate,no-take,357,False
F0309,10,glycerin,Glycerin,superstar,102,False
F0309,11,caprylhydroxamic-acid,Caprylhydroxamic Acid,no-take,42,False
F0309,12,silica,Silica,no-take,267,False
F0310,1,water,Aqua (Water),no-take,106,False
F0310,2,propanediol,Propanediol,no-take,11,True
F0310,3,butylene-glycol,Butylene Glycol,no-take,61,False
F0310,5,glycerin,Glycerin,superstar,102,False
F0310,6,panthenol,Panthenol,goodie,8,True
F0310,7,parfum,Parfum (Fragrance),icky,331,False
F0310,8,sodium-hyaluronate,Sodium Hyaluronate,goodie,132,False
F0310,9,propylene-glycol,Propylene Glycol,no-take,13,True
F0310,10,ethylhexylglycerin,Ethylhexylglycerin,no-take,134,False
F0310,13,lactic-acid,Lactic Acid,superstar,44,False
F0310,14,sodium-hydroxide,Sodium Hydroxide,no-take,6,True
F0310,15,citric-acid,Citric Acid,no-take,85,False
F0311,1,diisostearyl-malate,Diisostearyl Malate,no-take,228,False
F0311,2,tridecyl-trimellitate,Tridecyl Trimellitate,no-take,126,False
F0311,3,synthetic-wax,Synthetic Wax,no-take,176,False
F0311,4,triethylhexanoin,Triethylhexanoin,no-take,21,True
F0311,5,polyisobutene,Polyisobutene,no-take,121,False
F0311,6,bis-behenyl-isostearyl-phytosteryl-dimer-dilinoleyl-dimer-dilinoleate,Bis-Behenyl/​Isostearyl/​Phytosteryl Dimer Dilinoleyl Dimer Dilinoleate,no-take,42,False
F0311,7,bis-diglyceryl-polyacyladipate-2,Bis-Diglyceryl Polyacyladipate-2,no-take,169,False
F0311,8,pentaerythrityl-tetraisostearate,Pentaerythrityl Tetraisostearate,no-take,100,False
F0311,9,polyglyceryl-2-triisostearate,Polyglyceryl-2 Triisostearate,no-take,101,False
F0311,10,prunus-avium-seed-oil,Prunus Avium (Sweet Cherry) Seed Oil,no-take,23,True
F0311,11,cocos-nucifera-oil,Cocos Nucifera (Coconut) Oil,goodie,57,False
F0311,12,butyrospermum-parkii-butter,Butyrospermum Parkii (Shea) Butter,goodie,149,False
F0311,13,tocopheryl-acetate,Tocopheryl Acetate,no-take,357,False
F0311,14,vitis-vinifera-seed-oil,Vitis Vinifera (Grape) Seed Oil,goodie,15,True
F0311,15,tocopherol,Tocopherol,goodie,289,False
F0312,1,bis-diglyceryl-polyacyladipate-2,Bis-Diglyceryl Polyacyladipate-2,no-take,169,False
F0312,2,polybutene,Polybutene,no-take,212,False
F0312,3,butyrospermum-parkii-butter,Butyrospermum Parkii (Shea) Butter,goodie,149,False
F0312,4,dimer-dilinoleyl-dimer-dilinoleate,Dimer Dilinoleyl Dimer Dilinoleate,no-take,22,True
F0312,5,pentaerythrityl-tetraisostearate,Pentaerythrityl Tetraisostearate,no-take,100,False
F0312,6,sorbitan-olivate,Sorbitan Olivate,goodie,6,True
F0312,7,synthetic-wax,Synthetic Wax,no-take,176,False
F0312,8,ethylhexyl-palmitate,Ethylhexyl Palmitate,no-take,205,False
F0312,9,tocopheryl-acetate,Tocopheryl Acetate,no-take,357,False
F0312,10,bisabolol,Bisabolol,goodie,6,True
F0312,11,helianthus-annuus-seed-oil,Helianthus Annuus (Sunflower) Seed Oil,goodie,123,False
F0312,12,tocopherol,Tocopherol,goodie,289,False
F0312,13,tribehenin,Tribehenin,no-take,82,False
F0312,14,sorbitan-isostearate,Sorbitan Isostearate,no-take,86,False
F0312,15,ethylhexylglycerin,Ethylhexylglycerin,no-take,134,False
F0313,1,polyisobutene,Polyisobutene,no-take,121,False
F0313,2,paraffinum-liquidum,Paraffinum Liquidum (Mineral Oil),no-take,33,False
F0313,3,tridecyl-trimellitate,Tridecyl Trimellitate,no-take,126,False
F0313,4,silica-dimethyl-silylate,Silica Dimethyl Silylate,no-take,160,False
F0313,5,tocopheryl-acetate,Tocopheryl Acetate,no-take,357,False
F0313,6,rosa-canina-fruit-oil,Rosa Canina Fruit Oil,no-take,28,True
F0313,7,caprylic-capric-triglyceride,Caprylic/​Capric Triglyceride,no-take,215,False
F0313,8,tocopherol,Tocopherol,goodie,289,False
F0313,9,aloe-barbadensis-leaf-extract,Aloe Barbadensis Leaf Extract,goodie,25,True
F0313,10,phenoxyethanol,Phenoxyethanol,no-take,286,False
F0313,11,parfum,Parfum (Fragrance),icky,331,False
F0313,12,hexyl-cinnamal,Hexyl Cinnamal,icky,34,False
F0313,13,linalool,Linalool,icky,91,False
F0314,1,diisostearyl-malate,Diisostearyl Malate,no-take,228,False
F0314,2,tridecyl-trimellitate,Tridecyl Trimellitate,no-take,126,False
F0314,3,polyisobutene,Polyisobutene,no-take,121,False
F0314,4,silica,Silica,no-take,267,False
F0314,5,simmondsia-chinensis-seed-oil,Simmondsia Chinensis (Jojoba) Seed Oil,goodie,134,False
F0314,6,limnanthes-alba-seed-oil,Limnanthes Alba (Meadowfoam) Seed Oil,goodie,36,False
F0314,7,tocopheryl-acetate,Tocopheryl Acetate,no-take,357,False
F0314,8,hydrolyzed-sodium-hyaluronate,Hydrolyzed Sodium Hyaluronate,no-take,21,True
F0314,9,glyceryl-behenate,Glyceryl Behenate,no-take,24,True
F0314,10,ethylhexylglycerin,Ethylhexylglycerin,no-take,134,False
F0314,11,phenoxyethanol,Phenoxyethanol,no-take,286,False
F0314,12,parfum,Parfum (Fragrance),icky,331,False
F0314,13,limonene,Limonene,icky,138,False
F0314,14,citral,Citral,icky,34,False
F0315,1,bis-diglyceryl-polyacyladipate-2,Bis-Diglyceryl Polyacyladipate-2,no-take,169,False
F0315,2,octyldodecanol,Octyldodecanol,no-take,208,False
F0315,4,bis-diglyceryl-polyacyladipate-1,Bis-Diglyceryl Polyacyladipate-1,no-take,20,True
F0315,5,shorea-robusta-resin,Shorea Robusta Resin,sin_calificacion,19,True
F0315,6,helianthus-annuus-seed-oil,Helianthus Annuus (Sunflower) Seed Oil,goodie,123,False
F0315,7,talc,Talc,no-take,35,False
F0315,8,silica,Silica,no-take,267,False
F0315,9,tribehenin,Tribehenin,no-take,82,False
F0315,11,caprylic-capric-triglyceride,Caprylic/​Capric Triglyceride,no-take,215,False
F0315,12,cocoyl-hydrolyzed-collagen,Cocoyl Hydrolyzed Collagen,no-take,9,True
F0315,14,butyrospermum-parkii-butter,Butyrospermum Parkii (Shea) Butter,goodie,149,False
F0315,15,ricinus-communis-seed-oil,Ricinus Communis (Castor) Seed Oil,no-take,145,False
F0316,1,diisostearyl-malate,Diisostearyl Malate,no-take,228,False
F0316,2,polyisobutene,Polyisobutene,no-take,121,False
F0316,3,tridecyl-trimellitate,Tridecyl Trimellitate,no-take,126,False
F0316,4,simmondsia-chinensis-seed-oil,Simmondsia Chinensis (Jojoba) Seed Oil,goodie,134,False
F0316,5,limnanthes-alba-seed-oil,Limnanthes Alba (Meadowfoam) Seed Oil,goodie,36,False
F0316,6,tocopheryl-acetate,Tocopheryl Acetate,no-take,357,False
F0316,7,hydrolyzed-sodium-hyaluronate,Hydrolyzed Sodium Hyaluronate,no-take,21,True
F0316,8,silica,Silica,no-take,267,False
F0316,9,glyceryl-behenate,Glyceryl Behenate,no-take,24,True
F0316,10,ethylhexylglycerin,Ethylhexylglycerin,no-take,134,False
F0316,11,phenoxyethanol,Phenoxyethanol,no-take,286,False
F0316,12,parfum,Parfum (Fragrance),icky,331,False
F0316,13,linalool,Linalool,icky,91,False
F0316,14,citronellol,Citronellol,icky,45,False
F0316,15,limonene,Limonene,icky,138,False
F0317,1,polybutene,Polybutene,no-take,212,False
F0317,2,octyldodecanol,Octyldodecanol,no-take,208,False
F0317,3,bis-diglyceryl-polyacyladipate-2,Bis-Diglyceryl Polyacyladipate-2,no-take,169,False
F0317,4,octyldodecyl-stearoyl-stearate,Octyldodecyl Stearoyl Stearate,no-take,20,True
F0317,5,silica-dimethyl-silylate,Silica Dimethyl Silylate,no-take,160,False
F0317,6,menthone-glycerin-acetal,Menthone Glycerin Acetal,no-take,15,True
F0317,7,butyrospermum-parkii-butter-unsaponifiables,Butyrospermum Parkii (Shea Butter) Unsaponifiables,sin_calificacion,15,True
F0317,8,pentaerythrityl-tetra-di-t-butyl-hydroxyhydrocinnamate,Pentaerythrityl Tetra-Di-T-Butyl Hydroxyhydrocinnamate,no-take,222,False
F0317,9,citric-acid,Citric Acid,no-take,85,False
F0317,10,aroma,Aroma (Flavor),sin_calificacion,150,False
F0318,1,diisostearyl-malate,Diisostearyl Malate,no-take,228,False
F0318,2,ethylhexyl-palmitate,Ethylhexyl Palmitate,no-take,205,False
F0318,3,tridecyl-trimellitate,Tridecyl Trimellitate,no-take,126,False
F0318,4,isononyl-isononanoate,Isononyl Isononanoate,no-take,37,False
F0318,5,bis-diglyceryl-polyacyladipate-2,Bis-Diglyceryl Polyacyladipate-2,no-take,169,False
F0318,6,dibutyl-lauroyl-glutamide,Dibutyl Lauroyl Glutamide,no-take,13,True
F0318,7,dibutyl-ethylhexanoyl-glutamide,Dibutyl Ethylhexanoyl Glutamide,no-take,18,True
F0318,8,tocopheryl-acetate,Tocopheryl Acetate,no-take,357,False
F0318,9,ethylhexylglycerin,Ethylhexylglycerin,no-take,134,False
F0318,10,lactic-acid,Lactic Acid,superstar,44,False
F0318,11,phenoxyethanol,Phenoxyethanol,no-take,286,False
F0318,12,benzyl-alcohol,Benzyl Alcohol,no-take,85,False
F0318,13,parfum,Parfum (Fragrance),icky,331,False
F0318,14,limonene,Limonene,icky,138,False
F0318,15,geraniol,Geraniol,icky,43,False
F0319,1,polyisobutene,Polyisobutene,no-take,121,False
F0319,2,ethylhexyl-palmitate,Ethylhexyl Palmitate,no-take,205,False
F0319,3,silica-silylate,Silica Silylate,no-take,26,True
F0319,4,argania-spinosa-kernel-oil,Argania Spinosa Kernel Oil,goodie,36,False
F0319,5,simmondsia-chinensis-seed-oil,Simmondsia Chinensis (Jojoba) Seed Oil,goodie,134,False
F0319,6,tocopheryl-acetate,Tocopheryl Acetate,no-take,357,False
F0319,7,phenoxyethanol,Phenoxyethanol,no-take,286,False
F0319,8,parfum,Parfum (Fragrance),icky,331,False
F0319,9,hexyl-cinnamal,Hexyl Cinnamal,icky,34,False
F0319,10,citronellol,Citronellol,icky,45,False
F0319,11,linalool,Linalool,icky,91,False
F0319,12,cinnamyl-alcohol,Cinnamyl Alcohol,no-take,9,True
F0320,1,ethylhexyl-palmitate,Ethylhexyl Palmitate,no-take,205,False
F0320,2,calcium-carbonate,Calcium Carbonate,no-take,5,True
F0320,3,kaolin,Kaolin,goodie,40,False
F0320,4,microcrystalline-wax,Cera Microcristallina (Microcrystalline Wax),no-take,140,False
F0320,5,euphorbia-cerifera-cera,Euphorbia Cerifera (Candelilla) Wax,no-take,73,False
F0320,6,synthetic-wax,Synthetic Wax,no-take,176,False
F0320,7,disteardimonium-hectorite,Disteardimonium Hectorite,no-take,82,False
F0320,8,petrolatum,Petrolatum,goodie,33,False
F0320,9,silica-dimethyl-silylate,Silica Dimethyl Silylate,no-take,160,False
F0320,10,tocopherol,Tocopherol,goodie,289,False
F0320,11,glyceryl-caprylate,Glyceryl Caprylate,no-take,20,True
F0320,12,vp-hexadecene-copolymer,VP/​Hexadecene Copolymer,no-take,45,False
F0320,13,bht,BHT,no-take,68,False
F0320,14,octyldodecanol,Octyldodecanol,no-take,208,False
F0320,15,aluminum-hydroxide,Aluminum Hydroxide,no-take,112,False
F0321,1,bis-diglyceryl-polyacyladipate-2,Bis-Diglyceryl Polyacyladipate-2,no-take,169,False
F0321,2,bis-diglyceryl-polyacyladipate-1,Bis-Diglyceryl Polyacyladipate-1,no-take,20,True
F0321,3,c12-15-alkyl-benzoate,C12-15 Alkyl Benzoate,no-take,29,True
F0321,5,silica,Silica,no-take,267,False
F0321,6,ethylhexyl-salicylate,Ethylhexyl Salicylate,no-take,7,True
F0321,7,ethylhexyl-triazone,Ethylhexyl Triazone,goodie,5,True
F0321,9,glyceryl-behenate,Glyceryl Behenate,no-take,24,True
F0321,10,helianthus-annuus-seed-oil,Helianthus Annuus (Sunflower) Seed Oil,goodie,123,False
F0321,12,limonene,Limonene,icky,138,False
F0321,13,citral,Citral,icky,34,False
F0321,14,aroma,Aroma (Flavor),sin_calificacion,150,False
F0321,15,linalool,Linalool,icky,91,False
F0322,1,diisostearyl-malate,Diisostearyl Malate,no-take,228,False
F0322,2,polyisobutene,Polyisobutene,no-take,121,False
F0322,3,ethylhexyl-palmitate,Ethylhexyl Palmitate,no-take,205,False
F0322,4,tridecyl-trimellitate,Tridecyl Trimellitate,no-take,126,False
F0322,5,simmondsia-chinensis-seed-oil,Simmondsia Chinensis (Jojoba) Seed Oil,goodie,134,False
F0322,6,limnanthes-alba-seed-oil,Limnanthes Alba (Meadowfoam) Seed Oil,goodie,36,False
F0322,7,tocopheryl-acetate,Tocopheryl Acetate,no-take,357,False
F0322,8,zingiber-officinale-root-oil,Zingiber Officinale (Ginger) Root Oil,no-take,13,True
F0322,9,hydrolyzed-sodium-hyaluronate,Hydrolyzed Sodium Hyaluronate,no-take,21,True
F0322,11,silica,Silica,no-take,267,False
F0322,12,ethyl-menthane-carboxamide,Ethyl Menthane Carboxamide,no-take,6,True
F0322,13,vanillyl-butyl-ether,Vanillyl Butyl Ether,sin_calificacion,33,False
F0322,14,glyceryl-behenate,Glyceryl Behenate,no-take,24,True
F0322,15,ethylhexylglycerin,Ethylhexylglycerin,no-take,134,False
F0323,1,octyldodecanol,Octyldodecanol,no-take,208,False
F0323,2,caprylic-capric-triglyceride,Caprylic/​Capric Triglyceride,no-take,215,False
F0323,3,ricinus-communis-seed-oil,Ricinus Communis (Castor) Seed Oil,no-take,145,False
F0323,4,diisostearyl-malate,Diisostearyl Malate,no-take,228,False
F0323,6,euphorbia-cerifera-cera,Euphorbia Cerifera (Candelilla) Wax,no-take,73,False
F0323,7,microcrystalline-wax,Cera Microcristallina (Microcrystalline Wax),no-take,140,False
F0323,8,helianthus-annuus-seed-wax,Helianthus Annuus (Sunflower) Seed Wax,no-take,47,False
F0323,9,bis-diglyceryl-polyacyladipate-2,Bis-Diglyceryl Polyacyladipate-2,no-take,169,False
F0323,10,c10-18-triglycerides,C10-18 Triglycerides,no-take,14,True
F0323,11,cocoyl-hydrolyzed-collagen,Cocoyl Hydrolyzed Collagen,no-take,9,True
F0323,12,sodium-hyaluronate,Sodium Hyaluronate,goodie,132,False
F0323,13,tocopherol,Tocopherol,goodie,289,False
F0323,14,helianthus-annuus-seed-oil,Helianthus Annuus (Sunflower) Seed Oil,goodie,123,False
F0323,15,silica,Silica,no-take,267,False
F0324,1,ethylhexyl-stearate,Ethylhexyl Stearate,no-take,17,True
F0324,2,ricinus-communis-seed-oil,Ricinus Communis (Castor) Seed Oil,no-take,145,False
F0324,3,silica-dimethyl-silylate,Silica Dimethyl Silylate,no-take,160,False
F0324,4,oleic-linoleic-linolenic-polyglycerides,Oleic/​Linoleic/​Linolenic Polyglycerides,goodie,15,True
F0324,5,prunus-amygdalus-dulcis-oil,Prunus Amygdalus Dulcis (Sweet Almond) Oil,goodie,66,False
F0324,6,stevia-rebaudiana-extract,Stevia Rebaudiana Extract,sin_calificacion,21,True
F0324,7,tocopheryl-acetate,Tocopheryl Acetate,no-take,357,False
F0324,8,caprylyl-glycol,Caprylyl Glycol,no-take,167,False
F0324,9,caprylhydroxamic-acid,Caprylhydroxamic Acid,no-take,42,False
F0324,10,glycerin,Glycerin,superstar,102,False
F0324,11,silica,Silica,no-take,267,False
F0324,12,aroma,Aroma (Flavor),sin_calificacion,150,False
F0324,13,limonene,Limonene,icky,138,False
F0325,1,ethylhexyl-stearate,Ethylhexyl Stearate,no-take,17,True
F0325,2,ricinus-communis-seed-oil,Ricinus Communis (Castor) Seed Oil,no-take,145,False
F0325,3,silica-dimethyl-silylate,Silica Dimethyl Silylate,no-take,160,False
F0325,4,polyglyceryl-2-isostearate-dimer-dilinoleate-copolymer,Polyglyceryl-2 Isostearate/​Dimer Dilinoleate Copolymer,no-take,27,True
F0325,5,parfum,Parfum (Fragrance),icky,331,False
F0325,6,prunus-amygdalus-dulcis-oil,Prunus Amygdalus Dulcis (Sweet Almond) Oil,goodie,66,False
F0325,7,stevia-rebaudiana-extract,Stevia Rebaudiana Extract,sin_calificacion,21,True
F0325,8,tocopheryl-acetate,Tocopheryl Acetate,no-take,357,False
F0325,9,phenylpropanol,Phenylpropanol,no-take,6,True
F0325,10,glycerin,Glycerin,superstar,102,False
F0325,11,alumina,Alumina,no-take,91,False
F0325,12,benzyl-alcohol,Benzyl Alcohol,no-take,85,False
F0325,13,vanillin,Vanillin,sin_calificacion,52,False
F0326,1,polybutene,Polybutene,no-take,212,False
F0326,2,bis-diglyceryl-polyacyladipate-2,Bis-Diglyceryl Polyacyladipate-2,no-take,169,False
F0326,3,butyrospermum-parkii-butter,Butyrospermum Parkii (Shea) Butter,goodie,149,False
F0326,4,dimer-dilinoleyl-dimer-dilinoleate,Dimer Dilinoleyl Dimer Dilinoleate,no-take,22,True
F0326,5,pentaerythrityl-tetraisostearate,Pentaerythrityl Tetraisostearate,no-take,100,False
F0326,6,sorbitan-olivate,Sorbitan Olivate,goodie,6,True
F0326,7,synthetic-wax,Synthetic Wax,no-take,176,False
F0326,8,ethylhexyl-palmitate,Ethylhexyl Palmitate,no-take,205,False
F0326,9,tocopheryl-acetate,Tocopheryl Acetate,no-take,357,False
F0326,10,bisabolol,Bisabolol,goodie,6,True
F0326,11,helianthus-annuus-seed-oil,Helianthus Annuus (Sunflower) Seed Oil,goodie,123,False
F0326,12,tocopherol,Tocopherol,goodie,289,False
F0326,13,caprylic-capric-triglyceride,Caprylic/​Capric Triglyceride,no-take,215,False
F0326,14,ethylhexylglycerin,Ethylhexylglycerin,no-take,134,False
F0326,15,tribehenin,Tribehenin,no-take,82,False
F0327,1,water,Aqua (Water),no-take,106,False
F0327,5,methylpropanediol,Methylpropanediol,no-take,5,True
F0327,6,glycerin,Glycerin,superstar,102,False
F0327,7,butylene-glycol,Butylene Glycol,no-take,61,False
F0327,8,panthenol,Panthenol,goodie,8,True
F0327,9,tocopherol,Tocopherol,goodie,289,False
F0327,10,helianthus-annuus-seed-oil,Helianthus Annuus (Sunflower) Seed Oil,goodie,123,False
F0327,12,caprylyl-glycol,Caprylyl Glycol,no-take,167,False
F0327,13,stearic-acid,Stearic Acid,no-take,9,True
F0327,14,palmitic-acid,Palmitic Acid,no-take,14,True
F0327,15,phenylpropanol,Phenylpropanol,no-take,6,True
F0328,1,caprylic-capric-triglyceride,Caprylic/​Capric Triglyceride,no-take,215,False
F0328,2,prunus-amygdalus-dulcis-oil,Prunus Amygdalus Dulcis (Sweet Almond) Oil,goodie,66,False
F0328,3,polyisobutene,Polyisobutene,no-take,121,False
F0328,4,oryza-sativa-cera,Oryza Sativa Cera (Oryza Sativa (Rice) Bran Wax),no-take,7,True
F0328,5,ethylhexyl-palmitate,Ethylhexyl Palmitate,no-take,205,False
F0328,6,silica-dimethyl-silylate,Silica Dimethyl Silylate,no-take,160,False
F0328,7,silica,Silica,no-take,267,False
F0328,8,butyrospermum-parkii-butter,Butyrospermum Parkii (Shea) Butter,goodie,149,False
F0328,9,caprylyl-glycol,Caprylyl Glycol,no-take,167,False
F0328,10,glycerin,Glycerin,superstar,102,False
F0328,11,caprylhydroxamic-acid,Caprylhydroxamic Acid,no-take,42,False
F0328,12,alumina,Alumina,no-take,91,False
F0328,13,citric-acid,Citric Acid,no-take,85,False
F0328,14,parfum,Parfum (Fragrance),icky,331,False
F0329,1,polyisobutene,Polyisobutene,no-take,121,False
F0329,2,caprylic-capric-triglyceride,Caprylic/​Capric Triglyceride,no-take,215,False
F0329,3,hydrogenated-polydecene,Hydrogenated Polydecene,no-take,30,True
F0329,4,prunus-persica-kernel-oil,Prunus Persica (Peach) Kernel Oil,no-take,7,True
F0329,5,hydrogenated-polyisobutene,Hydrogenated Polyisobutene,no-take,165,False
F0329,6,silica-dimethyl-silylate,Silica Dimethyl Silylate,no-take,160,False
F0329,7,tocopheryl-acetate,Tocopheryl Acetate,no-take,357,False
F0329,8,sodium-hyaluronate,Sodium Hyaluronate,goodie,132,False
F0329,9,canola-oil,Canola Oil,no-take,12,True
F0329,10,helianthus-annuus-seed-oil,Helianthus Annuus (Sunflower) Seed Oil,goodie,123,False
F0329,11,ethylene-propylene-styrene-copolymer,Ethylene/​Propylene/​Styrene Copolymer,no-take,70,False
F0329,12,ethylhexyl-palmitate,Ethylhexyl Palmitate,no-take,205,False
F0329,13,caprylyl-glycol,Caprylyl Glycol,no-take,167,False
F0329,14,ricinus-communis-seed-oil,Ricinus Communis (Castor) Seed Oil,no-take,145,False
F0329,15,butylene-ethylene-styrene-copolymer,Butylene/​Ethylene/​Styrene Copolymer,no-take,68,False
F0330,1,polyisobutene,Polyisobutene,no-take,121,False
F0330,2,ethylhexyl-palmitate,Ethylhexyl Palmitate,no-take,205,False
F0330,3,hydrogenated-polyisobutene,Hydrogenated Polyisobutene,no-take,165,False
F0330,4,silica-dimethyl-silylate,Silica Dimethyl Silylate,no-take,160,False
F0330,5,prunus-amygdalus-dulcis-oil,Prunus Amygdalus Dulcis (Sweet Almond) Oil,goodie,66,False
F0330,6,daucus-carota-sativa-seed-oil,Daucus Carota Sativa (Carrot) Seed Oil,no-take,6,True
F0330,7,tocopheryl-acetate,Tocopheryl Acetate,no-take,357,False
F0330,8,canola-oil,Canola Oil,no-take,12,True
F0330,9,helianthus-annuus-seed-oil,Helianthus Annuus (Sunflower) Seed Oil,goodie,123,False
F0330,10,ethylene-propylene-styrene-copolymer,Ethylene/​Propylene/​Styrene Copolymer,no-take,70,False
F0330,11,caprylyl-glycol,Caprylyl Glycol,no-take,167,False
F0330,12,mentha-piperita-oil,Mentha Piperita (Peppermint) Oil,icky,16,True
F0330,13,stevia-rebaudiana-extract,Stevia Rebaudiana Extract,sin_calificacion,21,True
F0330,14,glycerin,Glycerin,superstar,102,False
F0330,15,caprylhydroxamic-acid,Caprylhydroxamic Acid,no-take,42,False
F0331,1,bis-diglyceryl-polyacyladipate-2,Bis-Diglyceryl Polyacyladipate-2,no-take,169,False
F0331,2,tridecyl-trimellitate,Tridecyl Trimellitate,no-take,126,False
F0331,3,polyisobutene,Polyisobutene,no-take,121,False
F0331,4,diisostearyl-malate,Diisostearyl Malate,no-take,228,False
F0331,5,synthetic-wax,Synthetic Wax,no-take,176,False
F0331,6,dipentaerythrityl-hexahydroxystearate-hexastearate-hexarosinate,Dipentaerythrityl Hexahydroxystearate/​Hexastearate/​Hexarosinate,no-take,10,True
F0331,7,silica,Silica,no-take,267,False
F0331,8,glyceryl-behenate-eicosadioate,Glyceryl Behenate/​Eicosadioate,no-take,21,True
F0331,9,limnanthes-alba-seed-oil,Limnanthes Alba (Meadowfoam) Seed Oil,goodie,36,False
F0331,11,tocopheryl-acetate,Tocopheryl Acetate,no-take,357,False
F0331,12,hydrolyzed-sodium-hyaluronate,Hydrolyzed Sodium Hyaluronate,no-take,21,True
F0331,13,ethyl-menthane-carboxamide,Ethyl Menthane Carboxamide,no-take,6,True
F0331,14,vanillyl-butyl-ether,Vanillyl Butyl Ether,sin_calificacion,33,False
F0332,1,hydrogenated-polyisobutene,Hydrogenated Polyisobutene,no-take,165,False
F0332,2,caprylic-capric-triglyceride,Caprylic/​Capric Triglyceride,no-take,215,False
F0332,3,vinyl-dimethicone-methicone-silsesquioxane-crosspolymer,Vinyl Dimethicone/​Methicone Silsesquioxane Crosspolymer,no-take,10,True
F0332,4,isononyl-isononanoate,Isononyl Isononanoate,no-take,37,False
F0332,5,euphorbia-cerifera-cera,Euphorbia Cerifera Cera (Euphorbia Cerifera (Candelilla) Wax),no-take,73,False
F0332,6,simmondsia-chinensis-seed-oil,Simmondsia Chinensis (Jojoba) Seed Oil,goodie,134,False
F0332,7,polyisobutene,Polyisobutene,no-take,121,False
F0332,8,octyldodecanol,Octyldodecanol,no-take,208,False
F0332,9,silica,Silica,no-take,267,False
F0332,10,bis-diglyceryl-polyacyladipate-2,Bis-Diglyceryl Polyacyladipate-2,no-take,169,False
F0332,11,synthetic-wax,Synthetic Wax,no-take,176,False
F0332,12,tocopheryl-acetate,Tocopheryl Acetate,no-take,357,False
F0332,13,macadamia-integrifolia-seed-oil,Macadamia Integrifolia Seed Oil,goodie,6,True
F0332,14,cocos-nucifera-oil,Cocos Nucifera (Coconut) Oil,goodie,57,False
F0332,15,tocopherol,Tocopherol,goodie,289,False
F0333,1,ricinus-communis-seed-oil,Ricinus Communis (Castor) Seed Oil,no-take,145,False
F0333,2,bis-diglyceryl-polyacyladipate-1,Bis-Diglyceryl Polyacyladipate-1,no-take,20,True
F0333,3,octyldodecanol,Octyldodecanol,no-take,208,False
F0333,4,caprylic-capric-triglyceride,Caprylic/​Capric Triglyceride,no-take,215,False
F0333,5,euphorbia-cerifera-cera,Euphorbia Cerifera (Candelilla) Wax,no-take,73,False
F0333,6,synthetic-wax,Synthetic Wax,no-take,176,False
F0333,7,cetyl-alcohol,Cetyl Alcohol,no-take,20,True
F0333,8,copernicia-cerifera-wax,Copernicia Cerifera (Carnauba) Wax,no-take,67,False
F0333,9,butyrospermum-parkii-butter,Butyrospermum Parkii (Shea) Butter,goodie,149,False
F0333,10,silica,Silica,no-take,267,False
F0333,11,rosmarinus-officinalis-flower-extract,Rosmarinus Officinalis (Rosemary) Flower Extract,no-take,12,True
F0333,12,mentha-piperita-oil,Mentha Piperita (Peppermint) Oil,icky,16,True
F0333,13,tocopherol,Tocopherol,goodie,289,False
F0333,14,helianthus-annuus-seed-oil,Helianthus Annuus (Sunflower) Seed Oil,goodie,123,False
F0333,15,talc,Talc,no-take,35,False
F0334,1,ethylhexyl-stearate,Ethylhexyl Stearate,no-take,17,True
F0334,2,ricinus-communis-seed-oil,Ricinus Communis (Castor) Seed Oil,no-take,145,False
F0334,3,silica-dimethyl-silylate,Silica Dimethyl Silylate,no-take,160,False
F0334,4,oleic-linoleic-linolenic-polyglycerides,Oleic/​Linoleic/​Linolenic Polyglycerides,goodie,15,True
F0334,5,parfum,Parfum (Fragrance),icky,331,False
F0334,6,prunus-amygdalus-dulcis-oil,Prunus Amygdalus Dulcis (Sweet Almond) Oil,goodie,66,False
F0334,7,canola-oil,Canola Oil,no-take,12,True
F0334,8,tocopheryl-acetate,Tocopheryl Acetate,no-take,357,False
F0334,9,stevia-rebaudiana-extract,Stevia Rebaudiana Extract,sin_calificacion,21,True
F0334,10,propylene-carbonate,Propylene Carbonate,no-take,95,False
F0334,11,caprylyl-glycol,Caprylyl Glycol,no-take,167,False
F0334,12,caprylhydroxamic-acid,Caprylhydroxamic Acid,no-take,42,False
F0334,13,glycerin,Glycerin,superstar,102,False
F0334,14,ethylhexyl-palmitate,Ethylhexyl Palmitate,no-take,205,False
F0335,1,ethylhexyl-stearate,Ethylhexyl Stearate,no-take,17,True
F0335,2,ricinus-communis-seed-oil,Ricinus Communis (Castor) Seed Oil,no-take,145,False
F0335,3,silica-dimethyl-silylate,Silica Dimethyl Silylate,no-take,160,False
F0335,4,oleic-linoleic-linolenic-polyglycerides,Oleic/​Linoleic/​Linolenic Polyglycerides,goodie,15,True
F0335,5,prunus-amygdalus-dulcis-oil,Prunus Amygdalus Dulcis (Sweet Almond) Oil,goodie,66,False
F0335,6,stevia-rebaudiana-extract,Stevia Rebaudiana Extract,sin_calificacion,21,True
F0335,7,caprylyl-glycol,Caprylyl Glycol,no-take,167,False
F0335,8,tocopheryl-acetate,Tocopheryl Acetate,no-take,357,False
F0335,9,glycerin,Glycerin,superstar,102,False
F0335,10,caprylhydroxamic-acid,Caprylhydroxamic Acid,no-take,42,False
F0335,11,silica,Silica,no-take,267,False
F0335,12,parfum,Parfum (Fragrance),icky,331,False
F0336,1,diisostearyl-malate,Diisostearyl Malate,no-take,228,False
F0336,2,tridecyl-trimellitate,Tridecyl Trimellitate,no-take,126,False
F0336,3,synthetic-wax,Synthetic Wax,no-take,176,False
F0336,4,triethylhexanoin,Triethylhexanoin,no-take,21,True
F0336,5,polyisobutene,Polyisobutene,no-take,121,False
F0336,6,bis-behenyl-isostearyl-phytosteryl-dimer-dilinoleyl-dimer-dilinoleate,Bis-Behenyl/​Isostearyl/​Phytosteryl Dimer Dilinoleyl Dimer Dilinoleate,no-take,42,False
F0336,7,bis-diglyceryl-polyacyladipate-2,Bis-Diglyceryl Polyacyladipate-2,no-take,169,False
F0336,8,pentaerythrityl-tetraisostearate,Pentaerythrityl Tetraisostearate,no-take,100,False
F0336,9,polyglyceryl-2-triisostearate,Polyglyceryl-2 Triisostearate,no-take,101,False
F0336,10,tocopheryl-acetate,Tocopheryl Acetate,no-take,357,False
F0336,11,vitis-vinifera-seed-oil,Vitis Vinifera (Grape) Seed Oil,goodie,15,True
F0336,12,butyrospermum-parkii-butter,Butyrospermum Parkii (Shea) Butter,goodie,149,False
F0336,13,cocos-nucifera-oil,Cocos Nucifera (Coconut) Oil,goodie,57,False
F0336,14,prunus-avium-seed-oil,Prunus Avium (Sweet Cherry) Seed Oil,no-take,23,True
F0336,15,tocopherol,Tocopherol,goodie,289,False
F0337,1,ricinus-communis-seed-oil,Ricinus Communis (Castor) Seed Oil,no-take,145,False
F0337,2,bis-diglyceryl-polyacyladipate-1,Bis-Diglyceryl Polyacyladipate-1,no-take,20,True
F0337,3,octyldodecanol,Octyldodecanol,no-take,208,False
F0337,4,caprylic-capric-triglyceride,Caprylic/​Capric Triglyceride,no-take,215,False
F0337,5,euphorbia-cerifera-cera,Euphorbia Cerifera (Candelilla) Wax,no-take,73,False
F0337,6,synthetic-wax,Synthetic Wax,no-take,176,False
F0337,7,cetyl-alcohol,Cetyl Alcohol,no-take,20,True
F0337,8,copernicia-cerifera-wax,Copernicia Cerifera (Carnauba) Wax,no-take,67,False
F0337,9,talc,Talc,no-take,35,False
F0337,10,butyrospermum-parkii-butter,Butyrospermum Parkii (Shea) Butter,goodie,149,False
F0337,11,silica,Silica,no-take,267,False
F0337,12,rosmarinus-officinalis-flower-extract,Rosmarinus Officinalis (Rosemary) Flower Extract,no-take,12,True
F0337,13,tocopherol,Tocopherol,goodie,289,False
F0337,14,helianthus-annuus-seed-oil,Helianthus Annuus (Sunflower) Seed Oil,goodie,123,False
F0338,1,polybutene,Polybutene,no-take,212,False
F0338,2,hydrogenated-polyisobutene,Hydrogenated Polyisobutene,no-take,165,False
F0338,3,octyldodecanol,Octyldodecanol,no-take,208,False
F0338,4,mentha-piperita-oil,Mentha Piperita (Peppermint) Oil,icky,16,True
F0338,5,menthol,Menthol,icky,47,False
F0338,6,simmondsia-chinensis-seed-oil,Simmondsia Chinensis (Jojoba) Seed Oil,goodie,134,False
F0338,7,parfum,Parfum/​Fragrance,icky,331,False
F0338,8,ethylene-propylene-styrene-copolymer,Ethylene/​Propylene/​Styrene Copolymer,no-take,70,False
F0338,9,phenoxyethanol,Phenoxyethanol,no-take,286,False
F0338,10,tocopheryl-acetate,Tocopheryl Acetate,no-take,357,False
F0338,11,saccharin,Saccharin,sin_calificacion,6,True
F0338,12,butylene-ethylene-styrene-copolymer,Butylene/​Ethylene/​Styrene Copolymer,no-take,68,False
F0338,13,butyrospermum-parkii-butter,Butyrospermum Parkii (Shea) Butter,goodie,149,False
F0338,14,butyrospermum-parkii-butter-unsaponifiables,Butyrospermum Parkii (Shea) Butter Unsaponifiables,sin_calificacion,15,True
F0338,15,bht,BHT,no-take,68,False
F0339,1,octyldodecanol,Octyldodecanol,no-take,208,False
F0339,2,diisostearyl-malate,Diisostearyl Malate,no-take,228,False
F0339,3,dimethicone,Dimethicone,no-take,103,False
F0339,4,polyethylene,Polyethylene,no-take,122,False
F0339,6,aluminum-starch-octenylsuccinate,Aluminum Starch Octenylsuccinate,no-take,12,True
F0339,7,lauroyl-lysine,Lauroyl Lysine,no-take,16,True
F0339,8,silica,Silica,no-take,267,False
F0339,9,nylon-12,Nylon-12,no-take,9,True
F0339,10,trimethylsiloxysilicate,Trimethylsiloxysilicate,no-take,48,False
F0339,11,polypropylsilsesquioxane,Polypropylsilsesquioxane,no-take,5,True
F0339,13,synthetic-wax,Synthetic Wax,no-take,176,False
F0339,14,parfum,Parfum/​Fragrance,icky,331,False
F0339,15,octyldodecyl-neopentanoate,Octyldodecyl Neopentanoate,no-take,18,True
F0340,1,dimethicone,Dimethicone,no-take,103,False
F0340,2,dimethicone-vinyl-dimethicone-crosspolymer,Dimethicone/​Vinyl Dimethicone Crosspolymer,no-take,25,True
F0340,3,isododecane,Isododecane,no-take,59,False
F0340,4,polyglyceryl-2-triisostearate,Polyglyceryl-2 Triisostearate,no-take,101,False
F0340,5,peg-10-dimethicone,PEG-10 Dimethicone,no-take,5,True
F0340,6,tribehenin,Tribehenin,no-take,82,False
F0340,7,disteardimonium-hectorite,Disteardimonium Hectorite,no-take,82,False
F0340,8,propylene-carbonate,Propylene Carbonate,no-take,95,False
F0341,1,octyldodecanol,Octyldodecanol,no-take,208,False
F0341,2,octyldodecyl-neopentanoate,Octyldodecyl Neopentanoate,no-take,18,True
F0341,3,dibutyl-lauroyl-glutamide,Dibutyl Lauroyl Glutamide,no-take,13,True
F0341,4,dibutyl-ethylhexanoyl-glutamide,Dibutyl Ethylhexanoyl Glutamide,no-take,18,True
F0341,5,silica,Silica,no-take,267,False
F0341,6,caprylyl-glycol,Caprylyl Glycol,no-take,167,False
F0341,7,tocopheryl-acetate,Tocopheryl Acetate,no-take,357,False
F0342,1,bis-diglyceryl-polyacyladipate-2,Bis-Diglyceryl Polyacyladipate-2,no-take,169,False
F0342,2,diisostearyl-malate,Diisostearyl Malate,no-take,228,False
F0342,3,hydrogenated-polyisobutene,Hydrogenated Polyisobutene,no-take,165,False
F0342,4,squalane,Squalane,goodie,82,False
F0342,5,bis-behenyl-isostearyl-phytosteryl-dimer-dilinoleyl-dimer-dilinoleate,Bis-Behenyl/​Isostearyl/​Phytosteryl Dimer Dilinoleyl Dimer Dilinoleate,no-take,42,False
F0342,6,polybutene,Polybutene,no-take,212,False
F0342,7,cera-alba,Cera Alba/​Beeswax/​Cire D'Abeille,no-take,41,False
F0342,8,synthetic-wax,Synthetic Wax,no-take,176,False
F0342,9,butyrospermum-parkii-butter,Butyrospermum Parkii (Shea) Butter,goodie,149,False
F0342,10,polyglyceryl-2-triisostearate,Polyglyceryl-2 Triisostearate,no-take,101,False
F0342,11,aroma,Aroma/​Flavor,sin_calificacion,150,False
F0342,12,parfum,Parfum/​Fragrance,icky,331,False
F0342,13,caprylyl-glycol,Caprylyl Glycol,no-take,167,False
F0342,14,triethoxycaprylylsilane,Triethoxycaprylylsilane,no-take,28,True
F0342,15,aluminum-hydroxide,Aluminum Hydroxide,no-take,112,False
F0343,1,polybutene,Polybutene,no-take,212,False
F0343,2,hydrogenated-polydecene,Hydrogenated Polydecene,no-take,30,True
F0343,3,caprylic-capric-triglyceride,Caprylic/​Capric Triglyceride,no-take,215,False
F0343,5,diisostearyl-malate,Diisostearyl Malate,no-take,228,False
F0343,6,hydrogenated-styrene-isoprene-copolymer,Hydrogenated Styrene/​Isoprene Copolymer,no-take,44,False
F0343,7,silica-silylate,Silica Silylate,no-take,26,True
F0343,8,dicalcium-phosphate,Dicalcium Phosphate,no-take,50,False
F0343,9,ethylhexyl-palmitate,Ethylhexyl Palmitate,no-take,205,False
F0343,10,aroma,Aroma/​Flavor,sin_calificacion,150,False
F0343,11,ethyl-vanillin,Ethyl Vanillin,no-take,38,False
F0343,12,tocopheryl-acetate,Tocopheryl Acetate,no-take,357,False
F0343,13,pentaerythrityl-tetra-di-t-butyl-hydroxyhydrocinnamate,Pentaerythrityl Tetra-Di-T-Butyl Hydroxyhydrocinnamate,no-take,222,False
F0343,14,tocopherol,Tocopherol,goodie,289,False
F0343,15,silica-dimethyl-silylate,Silica Dimethyl Silylate,no-take,160,False
F0344,1,polybutene,Polybutene,no-take,212,False
F0344,2,hydrogenated-polyisobutene,Hydrogenated Polyisobutene,no-take,165,False
F0344,3,octyldodecanol,Octyldodecanol,no-take,208,False
F0344,4,mentha-piperita-oil,Mentha Piperita (Peppermint) Oil,icky,16,True
F0344,5,menthol,Menthol,icky,47,False
F0344,6,simmondsia-chinensis-seed-oil,Simmondsia Chinensis (Jojoba) Seed Oil,goodie,134,False
F0344,7,ethylene-propylene-styrene-copolymer,Ethylene/​Propylene/​Styrene Copolymer,no-take,70,False
F0344,8,phenoxyethanol,Phenoxyethanol,no-take,286,False
F0344,9,tocopheryl-acetate,Tocopheryl Acetate,no-take,357,False
F0344,10,saccharin,Saccharin,sin_calificacion,6,True
F0344,11,butylene-ethylene-styrene-copolymer,Butylene/​Ethylene/​Styrene Copolymer,no-take,68,False
F0344,12,butyrospermum-parkii-butter,Butyrospermum Parkii (Shea) Butter,goodie,149,False
F0344,13,butyrospermum-parkii-butter-unsaponifiables,Butyrospermum Parkii (Shea) Butter Unsaponifiables,sin_calificacion,15,True
F0344,14,bht,BHT,no-take,68,False
F0344,15,water,Aqua/​Water/​Eau,no-take,106,False
F0345,1,dimethicone,Dimethicone,no-take,103,False
F0345,2,trimethylsiloxysilicate,Trimethylsiloxysilicate,no-take,48,False
F0345,3,polyisobutene,Polyisobutene,no-take,121,False
F0345,4,silica,Silica,no-take,267,False
F0345,5,polyethylene,Polyethylene,no-take,122,False
F0345,6,ozokerite,Ozokerite,no-take,42,False
F0345,8,disteardimonium-hectorite,Disteardimonium Hectorite,no-take,82,False
F0345,9,pentaerythrityl-tetra-di-t-butyl-hydroxyhydrocinnamate,Pentaerythrityl Tetra-Di-T-Butyl Hydroxyhydrocinnamate,no-take,222,False
F0345,10,propylene-carbonate,Propylene Carbonate,no-take,95,False
F0346,1,water,Aqua/​Water/​Eau,no-take,106,False
F0346,2,diphenyl-dimethicone,Diphenyl Dimethicone,no-take,6,True
F0346,3,diisostearyl-malate,Diisostearyl Malate,no-take,228,False
F0346,4,bis-diglyceryl-polyacyladipate-2,Bis-Diglyceryl Polyacyladipate-2,no-take,169,False
F0346,5,hydrogenated-polyisobutene,Hydrogenated Polyisobutene,no-take,165,False
F0346,6,glycerin,Glycerin,superstar,102,False
F0346,7,cetyl-peg-ppg-10-1-dimethicone,Cetyl PEG/​PPG-10/​1 Dimethicone,no-take,26,True
F0346,8,dipropylene-glycol,Dipropylene Glycol,no-take,5,True
F0346,9,sorbitan-isostearate,Sorbitan Isostearate,no-take,86,False
F0346,10,polysorbate-60,Polysorbate 60,no-take,18,True
F0346,11,octyldodecanol,Octyldodecanol,no-take,208,False
F0346,12,pentylene-glycol,Pentylene Glycol,no-take,26,True
F0346,13,ceteareth-20,Ceteareth-20,no-take,5,True
F0346,14,hydroxyethyl-acrylate-sodium-acryloyldimethyl-taurate-copolymer,Hydroxyethyl Acrylate/​Sodium Acryloyldimethyl Taurate Copolymer,no-take,20,True
F0346,15,squalane,Squalane,goodie,82,False
F0347,1,polybutene,Polybutene,no-take,212,False
F0347,2,octyldodecanol,Octyldodecanol,no-take,208,False
F0347,3,bis-diglyceryl-polyacyladipate-2,Bis-Diglyceryl Polyacyladipate-2,no-take,169,False
F0347,5,microcrystalline-wax,Cera Microcristallina/​Microcrystalline Wax/​Cire Microcristalline,no-take,140,False
F0347,6,hydrogenated-polyisobutene,Hydrogenated Polyisobutene,no-take,165,False
F0347,7,polyethylene,Polyethylene,no-take,122,False
F0347,8,silica-dimethyl-silylate,Silica Dimethyl Silylate,no-take,160,False
F0347,9,butyrospermum-parkii-butter,Butyrospermum Parkii (Shea) Butter,goodie,149,False
F0347,10,vp-eicosene-copolymer,Vp/​Eicosene Copolymer,no-take,11,True
F0347,11,sorbitan-oleate,Sorbitan Oleate,no-take,13,True
F0347,12,vp-hexadecene-copolymer,VP/​Hexadecene Copolymer,no-take,45,False
F0347,13,silica,Silica,no-take,267,False
F0347,14,ethylhexyl-palmitate,Ethylhexyl Palmitate,no-take,205,False
F0347,15,caprylyl-glycol,Caprylyl Glycol,no-take,167,False
F0348,1,vegetable-oil,Olus Oil,no-take,14,True
F0348,2,ricinus-communis-seed-oil,Ricinus Communis (Castor) Seed Oil,no-take,145,False
F0348,3,polybutene,Polybutene,no-take,212,False
F0348,4,punica-granatum-sterols,Punica Granatum Sterols,sin_calificacion,5,True
F0348,6,trimethylolpropane-triisostearate,Trimethylolpropane Triisostearate,no-take,34,False
F0348,7,diisostearyl-malate,Diisostearyl Malate,no-take,228,False
F0348,8,candelilla-cera,Candelilla Cera/​Euphorbia Cerifera (Candelilla) Wax/​Cire De Candelilla,no-take,38,False
F0348,9,cera-alba,Cera Alba/​Beeswax/​Cire D'Abeille,no-take,41,False
F0348,10,hydrogenated-vegetable-oil,Hydrogenated Vegetable Oil,no-take,26,True
F0348,11,polyethylene,Polyethylene,no-take,122,False
F0348,12,phenoxyethanol,Phenoxyethanol,no-take,286,False
F0348,13,hydrogenated-polycyclopentadiene,Hydrogenated Polycyclopentadiene,sin_calificacion,18,True
F0348,14,vanillin,Vanillin,sin_calificacion,52,False
F0348,15,parfum,Parfum/​Fragrance,icky,331,False
F0349,1,dimethicone,Dimethicone,no-take,103,False
F0349,2,dimethicone-vinyl-dimethicone-crosspolymer,Dimethicone/​Vinyl Dimethicone Crosspolymer,no-take,25,True
F0349,3,isododecane,Isododecane,no-take,59,False
F0349,4,polyglyceryl-2-triisostearate,Polyglyceryl-2 Triisostearate,no-take,101,False
F0349,5,peg-10-dimethicone,PEG-10 Dimethicone,no-take,5,True
F0349,6,tribehenin,Tribehenin,no-take,82,False
F0349,7,triethoxycaprylylsilane,Triethoxycaprylylsilane,no-take,28,True
F0349,8,disteardimonium-hectorite,Disteardimonium Hectorite,no-take,82,False
F0349,9,propylene-carbonate,Propylene Carbonate,no-take,95,False
F0349,10,aluminum-hydroxide,Aluminum Hydroxide,no-take,112,False
F0350,1,polybutene,Polybutene,no-take,212,False
F0350,2,diisostearyl-malate,Diisostearyl Malate,no-take,228,False
F0350,3,bis-diglyceryl-polyacyladipate-2,Bis-Diglyceryl Polyacyladipate-2,no-take,169,False
F0350,4,octyldodecanol,Octyldodecanol,no-take,208,False
F0350,5,caprylic-capric-triglyceride,Caprylic/​Capric Triglyceride,no-take,215,False
F0350,6,polyethylene,Polyethylene,no-take,122,False
F0350,7,silica,Silica,no-take,267,False
F0350,8,butyrospermum-parkii-butter,Butyrospermum Parkii (Shea) Butter,goodie,149,False
F0350,9,ethylhexyl-palmitate,Ethylhexyl Palmitate,no-take,205,False
F0350,10,phenoxyethanol,Phenoxyethanol,no-take,286,False
F0350,11,tocopherol,Tocopherol,goodie,289,False
F0350,13,parfum,Parfum/​Fragrance,icky,331,False
F0350,14,tribehenin,Tribehenin,no-take,82,False
F0350,15,helianthus-annuus-seed-oil,Helianthus Annuus (Sunflower) Seed Oil,goodie,123,False
F0351,1,polybutene,Polybutene,no-take,212,False
F0351,2,octyldodecanol,Octyldodecanol,no-take,208,False
F0351,3,bis-diglyceryl-polyacyladipate-2,Bis-Diglyceryl Polyacyladipate-2,no-take,169,False
F0351,5,cera-microcrystalline,Cera Microcristallina/​Microcrystalline Wax/​Cire Microcristalline,sin_calificacion,11,True
F0351,6,polyethylene,Polyethylene,no-take,122,False
F0351,7,silica-dimethyl-silylate,Silica Dimethyl Silylate,no-take,160,False
F0351,8,vp-eicosene-copolymer,Vp/​Eicosene Copolymer,no-take,11,True
F0351,9,vp-hexadecene-copolymer,VP/​Hexadecene Copolymer,no-take,45,False
F0351,10,butyrospermum-parkii-butter,Butyrospermum Parkii (Shea) Butter,goodie,149,False
F0351,11,silica,Silica,no-take,267,False
F0351,12,sorbitan-oleate,Sorbitan Oleate,no-take,13,True
F0351,13,octyldodecyl-neopentanoate,Octyldodecyl Neopentanoate,no-take,18,True
F0351,14,ethylhexyl-palmitate,Ethylhexyl Palmitate,no-take,205,False
F0351,15,caprylyl-glycol,Caprylyl Glycol,no-take,167,False
F0352,1,polybutene,Polybutene,no-take,212,False
F0352,2,octyldodecanol,Octyldodecanol,no-take,208,False
F0352,3,bis-diglyceryl-polyacyladipate-2,Bis-Diglyceryl Polyacyladipate-2,no-take,169,False
F0352,5,microcrystalline-wax,Cera Microcristallina/​Microcrystalline Wax/​Cire Microcristalline,no-take,140,False
F0352,6,polyethylene,Polyethylene,no-take,122,False
F0352,7,silica-dimethyl-silylate,Silica Dimethyl Silylate,no-take,160,False
F0352,8,vp-eicosene-copolymer,Vp/​Eicosene Copolymer,no-take,11,True
F0352,9,vp-hexadecene-copolymer,Vp/​Hexadecene Copolymer,no-take,45,False
F0352,10,butyrospermum-parkii-butter,Butyrospermum Parkii (Shea) Butter,goodie,149,False
F0352,11,sorbitan-oleate,Sorbitan Oleate,no-take,13,True
F0352,12,silica,Silica,no-take,267,False
F0352,13,octyldodecyl-neopentanoate,Octyldodecyl Neopentanoate,no-take,18,True
F0352,14,ethylhexyl-palmitate,Ethylhexyl Palmitate,no-take,205,False
F0352,15,caprylyl-glycol,Caprylyl Glycol,no-take,167,False
F0353,1,polybutene,Polybutene,no-take,212,False
F0353,2,hydrogenated-polyisobutene,Hydrogenated Polyisobutene,no-take,165,False
F0353,3,octyldodecanol,Octyldodecanol,no-take,208,False
F0353,4,simmondsia-chinensis-seed-oil,Simmondsia Chinensis (Jojoba) Seed Oil,goodie,134,False
F0353,5,ethylene-propylene-styrene-copolymer,Ethylene/​Propylene/​Styrene Copolymer,no-take,70,False
F0353,6,phenoxyethanol,Phenoxyethanol,no-take,286,False
F0353,7,aroma,Aroma/​Flavor,sin_calificacion,150,False
F0353,8,parfum,Parfum/​Fragrance,icky,331,False
F0353,9,tocopheryl-acetate,Tocopheryl Acetate,no-take,357,False
F0353,10,butylene-ethylene-styrene-copolymer,Butylene/​Ethylene/​Styrene Copolymer,no-take,68,False
F0353,11,tetrahexyldecyl-ascorbate,Tetrahexyldecyl Ascorbate,goodie,22,True
F0353,12,butyrospermum-parkii-butter,Butyrospermum Parkii (Shea) Butter,goodie,149,False
F0353,13,butyrospermum-parkii-butter-unsaponifiables,Butyrospermum Parkii (Shea) Butter Unsaponifiables,sin_calificacion,15,True
F0353,14,bht,BHT,no-take,68,False
F0353,15,benzyl-benzoate,Benzyl Benzoate,icky,73,False
F0354,1,ricinus-communis-seed-oil,Ricinus Communis (Castor) Seed Oil,no-take,145,False
F0354,2,octyldodecanol,Octyldodecanol,no-take,208,False
F0354,3,candelilla-cera,Candelilla Cera/​Euphorbia Cerifera (Candelilla) Wax/​Cire De Candelilla,no-take,38,False
F0354,4,squalane,Squalane,goodie,82,False
F0354,5,caprylic-capric-triglyceride,Caprylic/​Capric Triglyceride,no-take,215,False
F0354,7,ethylcellulose,Ethylcellulose,no-take,13,True
F0354,8,argania-spinosa-kernel-oil,Argania Spinosa Kernel Oil,goodie,36,False
F0354,9,butyrospermum-parkii-butter,Butyrospermum Parkii (Shea) Butter,goodie,149,False
F0354,10,tocopherol,Tocopherol,goodie,289,False
F0354,11,mangifera-indica-seed-oil,Mangifera Indica (Mango) Seed Butter,goodie,38,False
F0354,12,prunus-armeniaca-kernel-oil,Prunus Armeniaca (Apricot) Kernel Oil,goodie,19,True
F0354,13,vanilla-planifolia-fruit-extract,Vanilla Planifolia (Vanilla) Fruit Extract,sin_calificacion,7,True
F0354,14,theobroma-cacao-seed-butter,Theobroma Cacao (Cocoa) Seed Butter,goodie,18,True
F0355,2,cetearyl-ethylhexanoate,Cetearyl Ethylhexanoate,no-take,14,True
F0355,3,synthetic-wax,Synthetic Wax,no-take,176,False
F0355,4,polybutene,Polybutene,no-take,212,False
F0355,5,polymethyl-methacrylate,Polymethyl Methacrylate,no-take,7,True
F0355,6,cera-alba,Cera Alba (Beeswax/​Cir E D’Abeille),no-take,41,False
F0355,7,c20-24-alkyl-dimethicone,C20-24 Alkyl Dimethicone,no-take,6,True
F0355,8,copernicia-cerifera-wax,Copernicia Cerifera Cera (Copernicia Cerifera (Carnauba) Wax/​Cire De Carnauba),no-take,67,False
F0355,9,microcrystalline-wax,Cera Microcristallina (Microcrystalline Wax/​Cire Microcristalline),no-take,140,False
F0355,10,polyethylene,Polyethylene,no-take,122,False
F0355,11,dicalcium-phosphate,Dicalcium Phosphate,no-take,50,False
F0355,12,trimethylsiloxysilicate,Trimethylsiloxysilicate,no-take,48,False
F0355,13,lecithin,Lecithin,goodie,47,False
F0355,14,tocopherol,Tocopherol,goodie,289,False
F0355,15,ascorbyl-palmitate,Ascorbyl Palmitate,icky,67,False
F0356,1,polybutene,Polybutene,no-take,212,False
F0356,2,caprylic-capric-triglyceride,Caprylic/​Capric Triglyceride,no-take,215,False
F0356,3,polyethylene,Polyethylene,no-take,122,False
F0356,4,microcrystalline-wax,Cera Microcristallina (Microcrystalline Wax/​Cire Microcristalline),no-take,140,False
F0356,5,dicalcium-phosphate,Dicalcium Phosphate,no-take,50,False
F0356,6,stearalkonium-hectorite,Stearalkonium Hectorite,no-take,26,True
F0356,7,propylene-carbonate,Propylene Carbonate,no-take,95,False
F0356,8,argania-spinosa-kernel-oil,Argania Spinosa Kernel Oil,goodie,36,False
F0356,9,ethyl-vanillin,Ethyl Vanillin,no-take,38,False
F0356,10,carthamus-tinctorius-seed-oil,Carthamus Tinctorius Seed Oil (Carthamus Tinctorius (Safflower) Seed Oil),goodie,17,True
F0356,12,pentaerythrityl-tetra-di-t-butyl-hydroxyhydrocinnamate,Pentaerythrityl Tetra-Di-T-Butyl Hydroxyhydrocinnamate,no-take,222,False
F0356,13,tocopheryl-acetate,Tocopheryl Acetate,no-take,357,False
F0357,2,octyldodecanol,Octyldodecanol,no-take,208,False
F0357,5,polyethylene,Polyethylene,no-take,122,False
F0357,6,caprylic-capric-triglyceride,Caprylic/​Capric Triglyceride,no-take,215,False
F0357,7,microcrystalline-wax,Cera Microcristallina (Microcrystalline Wax/​Cire Microcristalline),no-take,140,False
F0357,9,dicalcium-phosphate,Dicalcium Phosphate,no-take,50,False
F0357,10,stearalkonium-bentonite,Stearalkonium Bentonite,no-take,8,True
F0357,11,propylene-carbonate,Propylene Carbonate,no-take,95,False
F0357,13,ethyl-vanillin,Ethyl Vanillin,no-take,38,False
F0358,1,dimethicone,Dimethicone,no-take,103,False
F0358,2,synthetic-wax,Synthetic Wax,no-take,176,False
F0358,3,trimethylsiloxysilicate,Trimethylsiloxysilicate,no-take,48,False
F0358,5,bis-diglyceryl-polyacyladipate-2,Bis-Diglyceryl Polyacyladipate -2,no-take,169,False
F0358,7,menthone-glycerin-acetal,Menthone Glycerin Acetal,no-take,15,True
F0358,8,ethylhexyl-palmitate,Ethylhexyl Palmitate,no-take,205,False
F0358,9,dicalcium-phosphate,Dicalcium Phosphate,no-take,50,False
F0358,10,tocopherol,Tocopherol,goodie,289,False
F0358,11,disteardimonium-hectorite,Disteardimonium Hectorite,no-take,82,False
F0358,12,polyhydroxystearic-acid,Polyhydroxystearic Acid,no-take,36,False
F0358,13,tribehenin,Tribehenin,no-take,82,False
F0358,14,helianthus-annuus-seed-oil,Helianthus Annuus Seed Oil (Helianthus Annuus (Sunflower) Seed Oil),goodie,123,False
F0358,15,sorbitan-isostearate,Sorbitan Isostearate,no-take,86,False
F0359,1,polyisobutene,Polyisobutene,no-take,121,False
F0359,2,vp-hexadecene-copolymer,VP/​Hexadecene Copolymer,no-take,45,False
F0359,3,microcrystalline-wax,Cera Microcristallina (Microcrystalline Wax/​Cire Microcristalline),no-take,140,False
F0359,4,vegetable-oil,Vegetable Oil,no-take,14,True
F0359,5,myristyl-lactate,Myristyl Lactate,no-take,5,True
F0359,6,hydrogenated-coco-glycerides,Hydrogenated Coco-Glycerides,no-take,11,True
F0359,7,euphorbia-cerifera-cera,Euphorbia Cerifera Cera (Euphorbia Cerifera (Candelilla) Wax/​Cire De Candelilla),no-take,73,False
F0359,9,hydrogenated-vegetable-oil,Hydrogenated Vegetable Oil,no-take,26,True
F0359,10,butyrospermum-parkii-butter,Butyrospermum Parkii Butter (Butyrospermum Parkii (SH Ea) Butter),goodie,149,False
F0359,11,ethylhexyl-palmitate,Ethylhexyl Palmitate,no-take,205,False
F0359,12,silica,Silica,no-take,267,False
F0359,13,tocopheryl-acetate,Tocopheryl Acetate,no-take,357,False
F0359,14,tribehenin,Tribehenin,no-take,82,False
F0359,15,tocopherol,Tocopherol,goodie,289,False
F0360,1,isododecane,Isododecane,no-take,59,False
F0360,2,synthetic-wax,Synthetic Wax,no-take,176,False
F0360,3,polybutene,Polybutene,no-take,212,False
F0360,4,trimethylsiloxysilicate,Trimethylsiloxysilicate,no-take,48,False
F0360,5,sucrose-tetrastearate-triacetate,Sucrose Tetrastearate Triacetate,no-take,22,True
F0360,6,isoamyl-laurate,Isoamyl Laurate,no-take,8,True
F0360,7,silica,Silica,no-take,267,False
F0360,8,hydrogenated-jojoba-oil,Hydrogenated Jojoba Oil,no-take,13,True
F0360,9,cetearyl-behenate,Cetearyl Behenate,sin_calificacion,6,True
F0360,10,pentaerythrityl-tetra-di-t-butyl-hydroxyhydrocinnamate,Pentaerythrityl Tetra-Di-T-Butyl Hydroxyhydrocinnamate,no-take,222,False
F0361,1,octyldodecyl-stearoyl-stearate,Octyldodecyl Stearoyl Stearate,no-take,20,True
F0361,2,hydrogenated-vegetable-oil,Hydrogenated Vegetable Oil,no-take,26,True
F0361,3,hydrogenated-polyisobutene,Hydrogenated Polyisobutene,no-take,165,False
F0361,4,polyethylene,Polyethylene,no-take,122,False
F0361,5,polybutene,Polybutene,no-take,212,False
F0361,6,cera-alba,Cera Alba (Beeswax /​ Cire D'Abeille),no-take,41,False
F0361,8,butyrospermum-parkii-butter,Butyrospermum Parkii Butter (Butyrospermum Parkii (Shea) Butter),goodie,149,False
F0361,9,aroma,Aroma (Flavor),sin_calificacion,150,False
F0361,11,candelilla-cera,Candelilla Cera (Euphorbia Cerifera (Candelilla) Wax /​ Cire De Candelilla),no-take,38,False
F0361,12,butyrospermum-parkii-butter-unsaponifiables,Butyrospermum Parkii Butter Unsaponifiables (Butyrospermum Parkii (Shea) Butter Unsaponifiables),sin_calificacion,15,True
F0361,13,pentaerythrityl-tetraisostearate,Pentaerythrityl Tetraisostearate,no-take,100,False
F0361,14,diethylhexyl-syringylidenemalonate,Diethylhexyl Syringylidenemalonate,no-take,30,True
F0362,1,octyldodecanol,Octyldodecanol,no-take,208,False
F0362,2,polybutene,Polybutene,no-take,212,False
F0362,3,polyethylene,Polyethylene,no-take,122,False
F0362,4,synthetic-beeswax,Synthetic Beeswax,no-take,25,True
F0362,6,dicalcium-phosphate,Dicalcium Phosphate,no-take,50,False
F0362,7,ethyl-vanillin,Ethyl Vanillin,no-take,38,False
F0362,8,pentaerythrityl-tetra-di-t-butyl-hydroxyhydrocinnamate,Pentaerythrityl Tetra-Di-T-Butyl Hydroxyhydrocinnamate,no-take,222,False
F0362,9,citric-acid,Citric Acid,no-take,85,False
F0363,2,ethylcellulose,Ethylcellulose,no-take,13,True
F0363,3,silica,Silica,no-take,267,False
F0363,4,rubus-idaeus-seed-oil,Rubus Idaeus Seed Oil (Rubus Idaeus (Raspberry) Se Ed Oil),no-take,16,True
F0363,5,propyl-gallate,Propyl Gallate,no-take,27,True
F0363,6,alumina,Alumina,no-take,91,False
F0364,1,pentaerythrityl-tetraisostearate,Pentaerythrityl Tetraisostearate,no-take,100,False
F0364,2,diisostearyl-malate,Diisostearyl Malate,no-take,228,False
F0364,3,octyldodecanol,Octyldodecanol,no-take,208,False
F0364,4,trimethylolpropane-triisostearate,Trimethylolpropane Triisostearate,no-take,34,False
F0364,5,synthetic-wax,Synthetic Wax,no-take,176,False
F0364,6,bis-behenyl-isostearyl-phytosteryl-dimer-dilinoleyl-dimer-dilinoleate,Bis-Behenyl/​Isostearyl/​Phytosteryl Dimer Dilinoleyl Dimer Dilinoleate,no-take,42,False
F0364,7,isostearyl-isostearate,Isostearyl Isostearate,no-take,16,True
F0364,8,euphorbia-cerifera-cera,Euphorbia Cerifera Cera (Euphorbia Cerifera (Candelilla) Wax/​Cire De Candelilla),no-take,73,False
F0364,11,phytosteryl-octyldodecyl-lauroyl-glutamate,Phytosteryl/​Octyldodecyl Lauroyl Glutamate,goodie,16,True
F0364,12,butyrospermum-parkii-butter,Butyrospermum Parkii Butter (Butyrospermum Parkii (Shea) Butter),goodie,149,False
F0364,13,vp-hexadecene-copolymer,VP/​Hexadecene Copolymer,no-take,45,False
F0364,14,silica,Silica,no-take,267,False
F0364,15,aroma,Aroma (Flavo R),sin_calificacion,150,False
F0365,1,isododecane,Isododecane,no-take,59,False
F0365,3,disteardimonium-hectorite,Disteardimonium Hectorite,no-take,82,False
F0365,4,dimethicone-vinyl-dimethicone-crosspolymer,Dimethicone/​Vinyl Dimethicone Crosspolymer,no-take,25,True
F0365,5,dimethicone,Dimethicone,no-take,103,False
F0365,6,alcohol,Alcohol,icky,23,True
F0365,7,water,Aqua (Water/​Eau),no-take,106,False
F0365,8,ethyl-vanillin,Ethyl Vanillin,no-take,38,False
F0365,9,dicalcium-phosphate,Dicalcium Phosphate,no-take,50,False
F0365,10,pentaerythrityl-tetra-di-t-butyl-hydroxyhydrocinnamate,Pentaerythrityl Tetra-Di-T-Butyl Hydroxyhydrocinnamate,no-take,222,False
F0366,1,polybutene,Polybutene,no-take,212,False
F0366,2,octyldodecanol,Octyldodecanol,no-take,208,False
F0366,7,tocopherol,Tocopherol,goodie,289,False
F0366,8,diethylhexyl-syringylidenemalonate,Diethylhexyl Syringylidenemalonate,no-take,30,True
F0366,9,caprylic-capric-triglyceride,Caprylic/​Capric Triglyceride,no-take,215,False
F0366,10,ethyl-vanillin,Ethyl Vanillin,no-take,38,False
F0367,1,neopentyl-glycol-dicaprylate-dicaprate,Neopentyl Glycol Dicaprylate/​Dicaprate,no-take,5,True
F0367,2,ozokerite,Ozokerite,no-take,42,False
F0367,3,euphorbia-cerifera-cera,Euphorbia Cerifera Cera (Euphorbia Cerife Ra (Candelilla) Wax/​Cire De Candelilla),no-take,73,False
F0367,4,simmondsia-chinensis-seed-oil,Simmondsia Chinensis Seed Oil (Simmondsia Chinensis (Jojoba) Seed Oil),goodie,134,False
F0367,5,caprylic-capric-triglyceride,Caprylic/​Capric Triglyceride,no-take,215,False
F0367,6,dimethicone-vinyl-dimethicone-crosspolymer,Dimethicone/​Vinyl Dimethicone Crosspolymer,no-take,25,True
F0367,7,microcrystalline-wax,Cera Microcristallina (Microcrystalline Wax/​Cire Microcristalline),no-take,140,False
F0367,8,disteardimonium-hectorite,Disteardimonium Hectorite,no-take,82,False
F0367,9,ethylhexyl-palmitate,Ethylhexyl Palmitate,no-take,205,False
F0367,10,tocopheryl-acetate,Tocopheryl Acetate,no-take,357,False
F0367,11,propylene-carbonate,Propylene Carbonate,no-take,95,False
F0367,12,tribehenin,Tribehenin,no-take,82,False
F0367,14,silica,Silica,no-take,267,False
F0367,15,pentaerythrityl-tetra-di-t-butyl-hydroxyhydrocinnamate,Pentaerythrityl Tetra-Di-T-Butyl Hydroxyhydrocinnamate,no-take,222,False
F0368,1,polyglyceryl-2-isostearate-dimer-dilinoleate-copolymer,Polyglyceryl-2 Isostearate/​Dimer Dilinoleate Copolymer,no-take,27,True
F0368,2,polyglyceryl-2-triisostearate,Polyglyceryl-2 Triisostearate,no-take,101,False
F0368,3,caprylic-capric-triglyceride,Caprylic/​Capric Triglyceride,no-take,215,False
F0368,4,synthetic-wax,Synthetic Wax,no-take,176,False
F0368,5,bis-diglyceryl-polyacyladipate-2,Bis-Diglyceryl Polyacyladipate-2,no-take,169,False
F0368,6,silica,Silica,no-take,267,False
F0368,7,octyldodecanol,Octyldodecanol,no-take,208,False
F0368,8,polyethylene,Polyethylene,no-take,122,False
F0368,9,butyrospermum-parkii-butter,Butyrospermum Parkii Butter (Butyrospermum Park Ii (Shea) Butter),goodie,149,False
F0368,10,stearalkonium-hectorite,Stearalkonium Hectorite,no-take,26,True
F0368,11,tocopheryl-acetate,Tocopheryl Acetate,no-take,357,False
F0368,12,aroma,Aroma (Flavor),sin_calificacion,150,False
F0368,13,argania-spinosa-kernel-oil,Argania Spinosa Kernel Oil,goodie,36,False
F0368,14,vanillyl-butyl-ether,Vanillyl Butyl Ether,sin_calificacion,33,False
F0368,15,propylene-carbonate,Propylene Carbonate,no-take,95,False
F0369,1,octyldodecanol,Octyldodecanol,no-take,208,False
F0369,2,diisostearyl-malate,Diisostearyl Malate,no-take,228,False
F0369,3,pentaerythrityl-tetraisostearate,Pentaerythrityl Tetraisostearate,no-take,100,False
F0369,4,bis-diglyceryl-polyacyladipate-2,Bis-Diglyceryl Polyacyladipate-2,no-take,169,False
F0369,5,polyethylene,Polyethylene,no-take,122,False
F0369,6,phenyl-trimethicone,Phenyl Trimethicone,no-take,23,True
F0369,7,hydrogenated-coco-glycerides,Hydrogenated Coco-Glycerides,no-take,11,True
F0369,8,synthetic-wax,Synthetic Wax,no-take,176,False
F0369,9,c18-36-acid-triglyceride,C18-36 Acid Triglyceride,no-take,10,True
F0369,10,citric-acid,Citric Acid,no-take,85,False
F0369,11,pentaerythrityl-tetra-di-t-butyl-hydroxyhydrocinnamate,Pentaerythrityl Tetra-Di-T- Butyl Hydroxyhydrocinnamate,no-take,222,False
F0369,12,parfum,Parfum (Fragrance),icky,331,False
F0370,1,diisostearyl-malate,Diisostearyl Malate,no-take,228,False
F0370,2,polybutene,Polybutene,no-take,212,False
F0370,3,hydrogenated-polyisobutene,Hydrogenated Polyisobutene,no-take,165,False
F0370,4,polyethylene,Polyethylene,no-take,122,False
F0370,5,vp-hexadecene-copolymer,VP/​Hexadecene Copolymer,no-take,45,False
F0370,6,microcrystalline-wax,Cera Microcristallina (Microcrystalline Wax/​Cire Microcristalline),no-take,140,False
F0370,7,aroma,Aroma (Flavor),sin_calificacion,150,False
F0370,8,limonene,Limonene,icky,138,False
F0370,9,sorbic-acid,Sorbic Acid,no-take,30,True
F0370,10,butyrospermum-parkii-butter,Butyrospermum Parkii Butter (Butyrospermum Parkii (Shea) Butter),goodie,149,False
F0370,11,prunus-amygdalus-dulcis-oil,Prunus Amygdalus Dulcis Oil (Prunus Amygdalus Dulcis (Sweet Almond) Oil),goodie,66,False
F0370,12,simmondsia-chinensis-seed-oil,Simmondsia Chinensis Seed Oil (Simmondsia Chinensis (Jojoba) Seed Oil),goodie,134,False
F0370,13,pentaerythrityl-tetra-di-t-butyl-hydroxyhydrocinnamate,Pentaerythrityl Tetra-Di-T-Butyl Hydroxyhydrocinnamate,no-take,222,False
F0370,14,acrylates-copolymer,Acrylates Copolymer,no-take,14,True
F0370,15,linalool,Linalool,icky,91,False
F0371,1,diisostearyl-malate,Diisostearyl Malate,no-take,228,False
F0371,2,polybutene,Polybutene,no-take,212,False
F0371,3,hydrogenated-polyisobutene,Hydrogenated Polyisobutene,no-take,165,False
F0371,4,polyethylene,Polyethylene,no-take,122,False
F0371,5,vp-hexadecene-copolymer,VP/​Hexadecene Copolymer,no-take,45,False
F0371,6,cera-microcrystalline,Cera Microcrystalline (Microcrystalline Wax/​Cire Microcrystalline),sin_calificacion,11,True
F0371,7,aroma,Aroma (Flavor),sin_calificacion,150,False
F0371,8,sorbic-acid,Sorbic Acid,no-take,30,True
F0371,9,butyrospermum-parkii-butter,Butyrospermum Parkii Butter (Butyrospermum Parkii (Shea) Butter),goodie,149,False
F0371,10,prunus-amygdalus-dulcis-oil,Prunus Amygdalus Dulcis Oil (Prunus Amygdalus Dulcis (Sweet Almond) Oil),goodie,66,False
F0371,11,simmondsia-chinensis-seed-oil,Simmondsia Chinensis Seed Oil (Simmondsia Chinensis (Jojoba) Seed Oil),goodie,134,False
F0371,12,pentaerythrityl-tetra-di-t-butyl-hydroxyhydrocinnamate,Pentaerythrityl Tetra- Di-T-Butyl Hydroxyhydro-Cinnamate,no-take,222,False
F0371,13,limonene,Limonene,icky,138,False
F0371,14,linalool,Linalool,icky,91,False
F0371,15,geraniol,Geraniol,icky,43,False
F0372,1,polybutene,Polybutene,no-take,212,False
F0372,2,octyldodecanol,Octyldodecanol,no-take,208,False
F0372,3,silica-dimethyl-silylate,Silica Dimethyl Silylate,no-take,160,False
F0372,4,octyldodecyl-stearoyl-stearate,Octyldodecyl Stearoyl Stearate,no-take,20,True
F0372,5,triethylhexanoin,Triethylhexanoin,no-take,21,True
F0372,7,isocetyl-stearate,Isocetyl Stearate,no-take,5,True
F0372,8,diisostearyl-malate,Diisostearyl Malate,no-take,228,False
F0372,10,glyceryl-behenate-eicosadioate,Glyceryl Behenate/​Eicosadioate,no-take,21,True
F0372,13,diethylhexyl-syringylidenemalonate,Diethylhexyl Syringylidenemalonate,no-take,30,True
F0373,1,dimer-dilinoleyl-dimer-dilinoleate,Dimer Dilinoleyl Dimer Dilinoleate,no-take,22,True
F0373,3,polyglyceryl-3-diisostearate,Polyglyceryl-3 Diisostearate,no-take,35,False
F0373,4,c10-18-triglycerides,C10-18 Triglycerides,no-take,14,True
F0373,5,theobroma-grandiflorum-seed-butter,Theobroma Grandiflorum Seed Butter,sin_calificacion,8,True
F0373,6,ricinus-communis-seed-oil,Ricinus Communis Seed Oil ( Ricinus Communis (Castor) Seed Oil),no-take,145,False
F0373,7,glycine-soja-seed-extract,Glycine Soja Seed Extract (Glycine Soja (Soybean) Seed Extract),goodie,6,True
F0373,8,silica-dimethyl-silylate,Silica Dimethyl Silylate,no-take,160,False
F0373,9,hydrogenated-polyisobutene,Hydrogenated Polyisobutene,no-take,165,False
F0373,10,castor-oil-ipdi-copolymer,Castor Oil/​IPDI Copolymer,no-take,5,True
F0373,11,prunus-amygdalus-dulcis-oil,Prunus Amygdalus Dulcis Oil (Prunus Amygdalus Dulcis (Sweet Almond) Oil ),goodie,66,False
F0373,12,aroma,Aroma (Flavor),sin_calificacion,150,False
F0373,13,hydrogenated-vegetable-oil,Hydrogenated Vegetable Oil,no-take,26,True
F0373,14,vanillyl-butyl-ether,Vanillyl Butyl Ether,sin_calificacion,33,False
F0373,15,caprylic-capric-triglyceride,Caprylic/​Capric Triglyceride,no-take,215,False
F0374,1,diisostearyl-malate,Diisostearyl Malate,no-take,228,False
F0374,2,hydrogenated-polyisobutene,Hydrogenated Polyisobutene,no-take,165,False
F0374,3,phytosteryl-isostearyl-cetyl-stearyl-behenyl-dimer-dilinoleate,Phytosteryl/​Isostearyl/​Cetyl/​Stearyl/​Behenyl Dimer Dilinoleate,no-take,16,True
F0374,4,hydrogenated-poly-c6-14-olefin,Hydrogenated C6-14 Olefin Polymers,no-take,15,True
F0374,5,polybutene,Polybutene,no-take,212,False
F0374,6,microcrystalline-wax,Microcrystalline Wax,no-take,140,False
F0374,7,butyrospermum-parkii-butter,Shea Butter,goodie,149,False
F0374,8,synthetic-wax,Synthetic Wax,no-take,176,False
F0374,9,candelilla-cera,Candelilla Wax,no-take,38,False
F0374,10,sucrose-tetrastearate-triacetate,Sucrose Tetrastearate Triacetate,no-take,22,True
F0374,12,ethylene-propylene-styrene-copolymer,Ethylene/​Propylene/​Styrene Copolymer,no-take,70,False
F0374,13,parfum,Aromatics,icky,331,False
F0374,14,astrocaryum-murumuru-seed-butter,Astrocaryum Murumuru Seed Butter,no-take,25,True
F0374,15,dimethicone,Dimethicone,no-take,103,False
F0375,1,diisostearyl-malate,Diisostearyl Malate,no-take,228,False
F0375,2,bis-behenyl-isostearyl-phytosteryl-dimer-dilinoleyl-dimer-dilinoleate,Bis-Behenyl/​Isostearyl/​Phytosteryl Dimer Dilinoleyl Dimer Dilinoleate,no-take,42,False
F0375,3,bis-diglyceryl-polyacyladipate-2,Bis-Diglyceryl Polyacyladipate-2,no-take,169,False
F0375,4,hydrogenated-polyisobutene,Hydrogenated Polyisobutene,no-take,165,False
F0375,5,octyldodecanol,Octyldodecanol,no-take,208,False
F0375,6,microcrystalline-wax,Microcrystalline Wax /​ Cera Microcristallina /​ Cire Microcristalline,no-take,140,False
F0375,7,synthetic-wax,Synthetic Wax,no-take,176,False
F0375,8,parfum,Fragrance/​Parfum,icky,331,False
F0375,9,polyglyceryl-2-triisostearate,Polyglyceryl-2 Triisostearate,no-take,101,False
F0375,10,punica-granatum-seed-oil,Punica Granatum Seed Oil,goodie,13,True
F0375,11,silica-dimethyl-silylate,Silica Dimethyl Silylate,no-take,160,False
F0375,12,water,Water/​Aqua/​Eau,no-take,106,False
F0375,13,tocopherol,Tocopherol,goodie,289,False
F0375,14,squalane,Squalane,goodie,82,False
F0375,15,ceramide-np,Ceramide NP,goodie,6,True
F0376,1,hydrogenated-polyisobutene,Hydrogenated Polyisobutene,no-take,165,False
F0376,2,phytosteryl-isostearyl-cetyl-stearyl-behenyl-dimer-dilinoleate,Phytosteryl/​Isostearyl/​Cetyl/​Stearyl/​Behenyl Dimer Dilinoleate,no-take,16,True
F0376,3,hydrogenated-poly-c6-14-olefin,Hydrogenated Poly (C6-14 Olefin),no-take,15,True
F0376,4,diisostearyl-malate,Diisostearyl Malate,no-take,228,False
F0376,5,polybutene,Polybutene,no-take,212,False
F0376,6,phytosteryl-isostearyl-dimer-dilinoleate,Phytosteryl Isostearyl Dimer Dilinoleate,no-take,8,True
F0376,7,microcrystalline-wax,Microcrystalline Wax\Cera Microcristallina\Cire Microcristalline,no-take,140,False
F0376,8,butyrospermum-parkii-butter,Butyrospermum Parkii (Shea) Butter,goodie,149,False
F0376,9,sucrose-tetrastearate-triacetate,Sucrose Tetrastearate Triacetate,no-take,22,True
F0376,10,synthetic-wax,Synthetic Wax,no-take,176,False
F0376,11,ethylene-propylene-styrene-copolymer,Ethylene/​Propylene/​Styrene Copolymer,no-take,70,False
F0376,12,euphorbia-cerifera-cera,Euphorbia Cerifera Wax/​Candelilla Cera Hydrocarbons/​Cire De Candelilla,no-take,73,False
F0376,13,astrocaryum-murumuru-seed-butter,Astrocaryum Murumuru Seed Butter,no-take,25,True
F0376,14,butylene-ethylene-styrene-copolymer,Butylene/​Ethylene/​Styrene Copolymer,no-take,68,False
F0376,15,candelilla-wax-esters,Candelilla Wax Esters,sin_calificacion,10,True
F0377,1,hydrogenated-poly-c6-14-olefin,Hydrogenated Poly (C6-14 Olefin),no-take,15,True
F0377,2,hydrogenated-polyisobutene,Hydrogenated Polyisobutene,no-take,165,False
F0377,3,ethylene-propylene-styrene-copolymer,Ethylene/​Propylene/​Styrene Copolymer,no-take,70,False
F0377,4,caprylic-capric-triglyceride,Caprylic/​Capric Triglyceride,no-take,215,False
F0377,5,tocopheryl-acetate,Tocopheryl Acetate,no-take,357,False
F0377,6,squalane,Squalane,goodie,82,False
F0377,7,water,Water,no-take,106,False
F0377,10,cetyl-alcohol,Cetyl Alcohol,no-take,20,True
F0377,11,parfum,Fragrance,icky,331,False
F0377,12,butylene-ethylene-styrene-copolymer,Butylene/​Ethylene/​Styrene Copolymer,no-take,68,False
F0377,15,oryza-sativa-bran-wax,Oryza Sativa (Rice) Bran Wax,sin_calificacion,10,True
F0378,1,hydrogenated-polyisobutene,Hydrogenated Polyisobutene,no-take,165,False
F0378,2,phytosteryl-isostearyl-cetyl-stearyl-behenyl-dimer-dilinoleate,Phytosteryl/​Isostearyl/​Cetyl/​Stearyl/​Behenyl Dimer Dilinoleate,no-take,16,True
F0378,3,hydrogenated-poly-c6-14-olefin,Hydrogenated Poly (C6-14Olefin),no-take,15,True
F0378,4,diisostearyl-malate,Diisostearyl Malate,no-take,228,False
F0378,5,polybutene,Polybutene,no-take,212,False
F0378,6,phytosteryl-isostearyl-dimer-dilinoleate,Phytosteryl Isostearyl Dimer Dilinoleate,no-take,8,True
F0378,7,microcrystalline-wax,Microcrystalline Wax\Cera Microcristallina\Cire Microcristalline,no-take,140,False
F0378,8,butyrospermum-parkii-butter,Butyrospermum Parkii (Shea)Butter,goodie,149,False
F0378,9,sucrose-tetrastearate-triacetate,Sucrose Tetrastearate Triacetate,no-take,22,True
F0378,10,synthetic-wax,Synthetic Wax,no-take,176,False
F0378,11,ethylene-propylene-styrene-copolymer,Ethylene/​Propylene/​Styrene Copolymer,no-take,70,False
F0378,12,astrocaryum-murumuru-seed-butter,Astrocaryum Murumuru Seed Butter,no-take,25,True
F0378,13,euphorbia-cerifera-cera,Euphorbia Cerifera (Candelilla) Wax/​Candelilla Cera Hydrocarbons/​Cire De Candelilla,no-take,73,False
F0378,14,butylene-ethylene-styrene-copolymer,Butylene/​Ethylene/​Styrene Copolymer,no-take,68,False
F0378,15,parfum,Fragrance/​Parfum,icky,331,False
F0379,1,hydrogenated-polyisobutene,Hydrogenated Polyisobutene,no-take,165,False
F0379,2,phytosteryl-isostearyl-cetyl-stearyl-behenyl-dimer-dilinoleate,Phytosteryl/​Isostearyl/​Cetyl/​Stearyl/​Behenyl Dimer Dilinoleate,no-take,16,True
F0379,3,diisostearyl-malate,Diisostearyl Malate,no-take,228,False
F0379,4,polybutene,Polybutene,no-take,212,False
F0379,5,hydrogenated-poly-c6-14-olefin,Hydrogenated Poly(C6-14 Olefin),no-take,15,True
F0379,6,phytosteryl-isostearyl-dimer-dilinoleate,Phytosteryl Isostearyl Dimer Dilinoleate,no-take,8,True
F0379,7,microcrystalline-wax,Microcrystalline Wax /​ Cera Microcristallina /​ Cire Microcristalline,no-take,140,False
F0379,8,butyrospermum-parkii-butter,Butyrospermum Parkii (Shea) Butter,goodie,149,False
F0379,9,sucrose-tetrastearate-triacetate,Sucrose Tetrastearate Triacetate,no-take,22,True
F0379,10,ethylene-propylene-styrene-copolymer,Ethylene/​Propylene/​Styrene Copolymer,no-take,70,False
F0379,12,euphorbia-cerifera-cera,Euphorbia Cerifera (Candelilla) Wax/​Euphorbia Cerifera Cera,no-take,73,False
F0379,13,candelilla-cera,Cire De Candelilla,no-take,38,False
F0379,14,astrocaryum-murumuru-seed-butter,Astrocaryum Murumuru Seed Butter,no-take,25,True
F0379,15,parfum,Fragrance/​Parfum,icky,331,False
F0380,1,hydrogenated-polyisobutene,Hydrogenated Polyisobutene,no-take,165,False
F0380,2,phytosteryl-isostearyl-cetyl-stearyl-behenyl-dimer-dilinoleate,Phytosteryl/​Isostearyl/​Cetyl/​Stearyl/​Behenyl Dimer Dilinoleate,no-take,16,True
F0380,3,diisostearyl-malate,Diisostearyl Malate,no-take,228,False
F0380,4,polybutene,Polybutene,no-take,212,False
F0380,5,hydrogenated-poly-c6-14-olefin,Hydrogenated Poly(C6-14 Olefin),no-take,15,True
F0380,6,phytosteryl-isostearyl-dimer-dilinoleate,Phytosteryl Isostearyl Dimer Dilinoleate,no-take,8,True
F0380,7,microcrystalline-wax,Microcrystalline Wax /​ Cera Microcristallina /​ Cire Microcristalline,no-take,140,False
F0380,8,butyrospermum-parkii-butter,Butyrospermum Parkii (Shea) Butter,goodie,149,False
F0380,9,sucrose-tetrastearate-triacetate,Sucrose Tetrastearate Triacetate,no-take,22,True
F0380,10,ethylene-propylene-styrene-copolymer,Ethylene/​Propylene/​Styrene Copolymer,no-take,70,False
F0380,11,euphorbia-cerifera-cera,Euphorbia Cerifera (Candelilla) Wax/​Euphorbia Cerifera Cera,no-take,73,False
F0380,12,candelilla-cera,Cire De Candelilla,no-take,38,False
F0380,13,astrocaryum-murumuru-seed-butter,Astrocaryum Murumuru Seed Butter,no-take,25,True
F0380,14,synthetic-wax,Synthetic Wax,no-take,176,False
F0380,15,parfum,Fragrance/​Parfum,icky,331,False
F0381,1,diisostearyl-malate,Diisostearyl Malate,no-take,228,False
F0381,2,hydrogenated-polyisobutene,Hydrogenated Polyisobutene,no-take,165,False
F0381,3,phytosteryl-isostearyl-cetyl-stearyl-behenyl-dimer-dilinoleate,Phytosteryl/​Isostearyl/​Cetyl/​Stearyl/​Behenyl Dimer Dilinoleate,no-take,16,True
F0381,4,polybutene,Polybutene,no-take,212,False
F0381,5,hydrogenated-poly-c6-14-olefin,Hydrogenated Poly (C6-14 Olefin),no-take,15,True
F0381,6,butyrospermum-parkii-butter,Butyrospermum Parkii (Shea) Butter,goodie,149,False
F0381,7,microcrystalline-wax,Microcrystalline Wax/​Cera Microcristallina/​Cire Microcristalline,no-take,140,False
F0381,8,synthetic-wax,Synthetic Wax,no-take,176,False
F0381,9,ethylene-propylene-styrene-copolymer,Ethylene/​Propylene/​Styrene Copolymer,no-take,70,False
F0381,10,sucrose-tetrastearate-triacetate,Sucrose Tetrastearate Triacetate,no-take,22,True
F0381,11,euphorbia-cerifera-cera,Euphorbia Cerifera (Candelilla) Wax/​Candelilla Cera Hydrocarbons/​Cire De Candelilla,no-take,73,False
F0381,12,ethylhexyl-palmitate,Ethylhexyl Palmitate,no-take,205,False
F0381,13,parfum,Fragrance/​Parfum,icky,331,False
F0381,14,candelilla-wax-esters,Candelilla Wax Esters,sin_calificacion,10,True
F0381,15,astrocaryum-murumuru-seed-butter,Astrocaryum Murumuru Seed Butter,no-take,25,True
F0382,1,hydrogenated-polyisobutene,Hydrogenated Polyisobutene,no-take,165,False
F0382,2,phytosteryl-isostearyl-cetyl-stearyl-behenyl-dimer-dilinoleate,Phytosteryl/​Isostearyl/​Cetyl/​Stearyl/​Behenyl Dimer Dilinoleate,no-take,16,True
F0382,3,diisostearyl-malate,Diisostearyl Malate,no-take,228,False
F0382,4,polybutene,Polybutene,no-take,212,False
F0382,5,hydrogenated-poly-c6-14-olefin,Hydrogenated Poly(C6-14 Olefin),no-take,15,True
F0382,6,phytosteryl-isostearyl-dimer-dilinoleate,Phytosteryl Isostearyl Dimer Dilinoleate,no-take,8,True
F0382,7,microcrystalline-wax,Microcrystalline Wax /​ Cera Microcristallina /​ Cire Microcristalline,no-take,140,False
F0382,8,butyrospermum-parkii-butter,Butyrospermum Parkii (Shea) Butter,goodie,149,False
F0382,9,sucrose-tetrastearate-triacetate,Sucrose Tetrastearate Triacetate,no-take,22,True
F0382,10,ethylene-propylene-styrene-copolymer,Ethylene/​Propylene/​Styrene Copolymer,no-take,70,False
F0382,11,euphorbia-cerifera-cera,Euphorbia Cerifera (Candelilla) Wax/​Euphorbia Cerifera Cera,no-take,73,False
F0382,12,candelilla-cera,Cire De Candelilla,no-take,38,False
F0382,13,astrocaryum-murumuru-seed-butter,Astrocaryum Murumuru Seed Butter,no-take,25,True
F0382,14,synthetic-wax,Synthetic Wax,no-take,176,False
F0382,15,parfum,Fragrance/​Parfum,icky,331,False
F0383,1,hydrogenated-polyisobutene,Hydrogenated Polyisobutene,no-take,165,False
F0383,2,phytosteryl-isostearyl-cetyl-stearyl-behenyl-dimer-dilinoleate,Phytosteryl/​Isostearyl/​Cetyl/​Stearyl/​Behenyl Dimer Dilinoleate,no-take,16,True
F0383,3,hydrogenated-poly-c6-14-olefin,Hydrogenated Poly (C6-14Olefin),no-take,15,True
F0383,4,diisostearyl-malate,Diisostearyl Malate,no-take,228,False
F0383,5,polybutene,Polybutene,no-take,212,False
F0383,6,phytosteryl-isostearyl-dimer-dilinoleate,Phytosteryl Isostearyl Dimer Dilinoleate,no-take,8,True
F0383,7,microcrystalline-wax,Microcrystalline Wax\Cera Microcristallina\Cire Microcristalline,no-take,140,False
F0383,8,butyrospermum-parkii-butter,Butyrospermum Parkii (Shea) Butter,goodie,149,False
F0383,9,sucrose-tetrastearate-triacetate,Sucrose Tetrastearate Triacetate,no-take,22,True
F0383,10,synthetic-wax,Synthetic Wax,no-take,176,False
F0383,11,ethylene-propylene-styrene-copolymer,Ethylene/​Propylene/​Styrene Copolymer,no-take,70,False
F0383,12,astrocaryum-murumuru-seed-butter,Astrocaryum Murumuru Seed Butter,no-take,25,True
F0383,13,euphorbia-cerifera-cera,Euphorbia Cerifera (Candelilla) Wax/​ Candelilla Cera Hydrocarbons/​ Cire De Candelilla,no-take,73,False
F0383,14,butylene-ethylene-styrene-copolymer,Butylene/​Ethylene/​Styrene Copolymer,no-take,68,False
F0383,15,parfum,Fragrance/​Parfum,icky,331,False
F0384,1,diisostearyl-malate,Diisostearyl Malate,no-take,228,False
F0384,2,hydrogenated-polyisobutene,Hydrogenated Polyisobutene,no-take,165,False
F0384,3,phytosteryl-isostearyl-cetyl-stearyl-behenyl-dimer-dilinoleate,Phytosteryl/​Isostearyl/​Cetyl/​Stearyl/​Behenyl Dimer Dilinoleate,no-take,16,True
F0384,4,hydrogenated-poly-c6-14-olefin,Hydrogenated C6-14 Olefin Polymers,no-take,15,True
F0384,5,polybutene,Polybutene,no-take,212,False
F0384,6,microcrystalline-wax,Microcrystalline Wax,no-take,140,False
F0384,7,butyrospermum-parkii-butter,Shea Butter,goodie,149,False
F0384,8,synthetic-wax,Synthetic Wax,no-take,176,False
F0384,9,candelilla-cera,Candelilla Wax,no-take,38,False
F0384,10,sucrose-tetrastearate-triacetate,Sucrose Tetrastearate Triacetate,no-take,22,True
F0384,12,ethylene-propylene-styrene-copolymer,Ethylene/​Propylene/​Styrene Copolymer,no-take,70,False
F0384,13,astrocaryum-murumuru-seed-butter,Astrocaryum Murumuru Seed Butter,no-take,25,True
F0384,14,dimethicone,Dimethicone,no-take,103,False
F0384,15,parfum,Aromatics,icky,331,False
F0385,1,hydrogenated-polyisobutene,Hydrogenated Polyisobutene,no-take,165,False
F0385,2,phytosteryl-isostearyl-cetyl-stearyl-behenyl-dimer-dilinoleate,Phytosteryl/​Isostearyl/​Cetyl/​Stearyl/​Behenyl Dimer Dilinoleate,no-take,16,True
F0385,3,hydrogenated-poly-c6-14-olefin,Hydrogenated Poly (C6-14 Olefin),no-take,15,True
F0385,4,diisostearyl-malate,Diisostearyl Malate,no-take,228,False
F0385,5,polybutene,Polybutene,no-take,212,False
F0385,6,phytosteryl-isostearyl-dimer-dilinoleate,Phytosteryl Isostearyl Dimer Dilinoleate,no-take,8,True
F0385,7,microcrystalline-wax,Microcrystalline Wax\Cera Microcristallina\Cire Microcristalline,no-take,140,False
F0385,8,butyrospermum-parkii-butter,Butyrospermum Parkii (Shea) Butter,goodie,149,False
F0385,9,sucrose-tetrastearate-triacetate,Sucrose Tetrastearate Triacetate,no-take,22,True
F0385,10,synthetic-wax,Synthetic Wax,no-take,176,False
F0385,11,ethylene-propylene-styrene-copolymer,Ethylene/​Propylene/​Styrene Copolymer,no-take,70,False
F0385,12,euphorbia-cerifera-cera,Euphorbia Cerifera Wax/​Candelilla Cera Hydrocarbons/​Cire De Candelilla,no-take,73,False
F0385,13,astrocaryum-murumuru-seed-butter,Astrocaryum Murumuru Seed Butter,no-take,25,True
F0385,14,butylene-ethylene-styrene-copolymer,Butylene/​Ethylene/​Styrene Copolymer,no-take,68,False
F0385,15,parfum,Fragrance/​Parfum,icky,331,False
F0386,1,diisostearyl-malate,Diisostearyl Malate,no-take,228,False
F0386,2,hydrogenated-polyisobutene,Hydrogenated Polyisobutene,no-take,165,False
F0386,3,phytosteryl-isostearyl-cetyl-stearyl-behenyl-dimer-dilinoleate,Phytosteryl/​Isostearyl/​Cetyl/​Stearyl/​Behenyl Dimer Dilinoleate,no-take,16,True
F0386,4,hydrogenated-poly-c6-14-olefin,Hydrogenated Poly(C6-14 Olefin),no-take,15,True
F0386,5,polybutene,Polybutene,no-take,212,False
F0386,6,microcrystalline-wax,Microcrystalline Wax /​ Cera Microcristallina /​ Cire Microcristalline,no-take,140,False
F0386,7,butyrospermum-parkii-butter,Butyrospermum Parkii (Shea) Butter,goodie,149,False
F0386,8,synthetic-wax,Synthetic Wax,no-take,176,False
F0386,9,ethylene-propylene-styrene-copolymer,Ethylene/​Propylene/​Styrene Copolymer,no-take,70,False
F0386,10,sucrose-tetrastearate-triacetate,Sucrose Tetrastearate Triacetate,no-take,22,True
F0386,11,butylene-ethylene-styrene-copolymer,Butylene/​Ethylene/​Styrene Copolymer,no-take,68,False
F0386,12,euphorbia-cerifera-cera,Euphorbia Cerifera (Candelilla) Wax/​Candelilla Cera Hydrocarbons/​Cire De Candelilla,no-take,73,False
F0386,13,candelilla-wax-esters,Candelilla Wax Esters,sin_calificacion,10,True
F0386,14,astrocaryum-murumuru-seed-butter,Astrocaryum Murumuru Seed Butter,no-take,25,True
F0386,15,dimethicone,Dimethicone,no-take,103,False
F0387,1,diisostearyl-malate,Diisostearyl Malate,no-take,228,False
F0387,2,bis-behenyl-isostearyl-phytosteryl-dimer-dilinoleyl-dimer-dilinoleate,Bis-Behenyl/​Isostearyl/​Phytosteryl Dimer Dilinoleyl Dimer Dilinoleate,no-take,42,False
F0387,3,bis-diglyceryl-polyacyladipate-2,Bis-Diglyceryl Polyacyladipate-2,no-take,169,False
F0387,4,hydrogenated-polyisobutene,Hydrogenated Polyisobutene,no-take,165,False
F0387,5,octyldodecanol,Octyldodecanol,no-take,208,False
F0387,6,microcrystalline-wax,Microcrystalline Wax /​ Cera Microcristallina /​ Cire Microcristalline,no-take,140,False
F0387,7,synthetic-wax,Synthetic Wax,no-take,176,False
F0387,8,polyglyceryl-2-triisostearate,Polyglyceryl-2 Triisostearate,no-take,101,False
F0387,9,parfum,Fragrance/​Parfum,icky,331,False
F0387,10,punica-granatum-seed-oil,Punica Granatum Seed Oil,goodie,13,True
F0387,11,silica-dimethyl-silylate,Silica Dimethyl Silylate,no-take,160,False
F0387,13,water,Water/​Aqua/​Eau,no-take,106,False
F0387,14,tocopherol,Tocopherol,goodie,289,False
F0387,15,squalane,Squalane,goodie,82,False
F0388,1,hydrogenated-polyisobutene,Hydrogenated Polyisobutene,no-take,165,False
F0388,2,phytosteryl-isostearyl-cetyl-stearyl-behenyl-dimer-dilinoleate,Phytosteryl/​Isostearyl/​Cetyl/​Stearyl/​Behenyl Dimer Dilinoleate,no-take,16,True
F0388,3,diisostearyl-malate,Diisostearyl Malate,no-take,228,False
F0388,4,hydrogenated-poly-c6-14-olefin,Hydrogenated Poly(C6-14 Olefin),no-take,15,True
F0388,5,polybutene,Polybutene,no-take,212,False
F0388,6,phytosteryl-isostearyl-dimer-dilinoleate,Phytosteryl Isostearyl Dimer Dilinoleate,no-take,8,True
F0388,7,microcrystalline-wax,Microcrystalline Wax /​ Cera Microcristallina /​ Cire Microcristalline,no-take,140,False
F0388,8,butyrospermum-parkii-butter,Butyrospermum Parkii (Shea) Butter,goodie,149,False
F0388,9,sucrose-tetrastearate-triacetate,Sucrose Tetrastearate Triacetate,no-take,22,True
F0388,10,ethylene-propylene-styrene-copolymer,Ethylene/​Propylene/​Styrene Copolymer,no-take,70,False
F0388,11,euphorbia-cerifera-cera,Euphorbia Cerifera (Candelilla) Wax/​Euphorbia Cerifera Cera,no-take,73,False
F0388,12,candelilla-cera,Cire De Candelilla,no-take,38,False
F0388,13,astrocaryum-murumuru-seed-butter,Astrocaryum Murumuru Seed Butter,no-take,25,True
F0388,14,synthetic-wax,Synthetic Wax,no-take,176,False
F0388,15,parfum,Fragrance/​Parfum,icky,331,False
F0389,1,microcrystalline-wax,Microcrystalline Wax,no-take,140,False
F0389,2,hydrogenated-polyisobutene,Hydrogenated Polyisobutene,no-take,165,False
F0389,3,pentaerythrityl-tetraisostearate,Pentaerythrityl Tetraisostearate,no-take,100,False
F0389,4,squalane,Squalane,goodie,82,False
F0389,5,butyrospermum-parkii-butter,Butyrospermum Parkii (Shea) Butter,goodie,149,False
F0389,8,astrocaryum-murumuru-seed-butter,Astrocaryum Murumuru Seed Butter,no-take,25,True
F0389,10,argania-spinosa-kernel-oil,Argania Spinosa Kernel Oil,goodie,36,False
F0389,11,glycerin,Glycerin,superstar,102,False
F0389,12,ozokerite,Ozokerite,no-take,42,False
F0389,13,polyethylene,Polyethylene,no-take,122,False
F0389,14,prunus-armeniaca-kernel-oil,Prunus Armeniaca (Apricot) Kernel Oil,goodie,19,True
F0389,15,prunus-persica-kernel-oil,Prunus Persica (Peach) Kernel Oil,no-take,7,True
F0390,1,dimethicone,Dimethicone,no-take,103,False
F0390,2,hydrogenated-polyisobutene,Hydrogenated Polyisobutene,no-take,165,False
F0390,3,polyethylene,Polyethylene,no-take,122,False
F0390,4,octyldodecyl-neopentanoate,Octyldodecyl Neopentanoate,no-take,18,True
F0390,5,silica,Silica,no-take,267,False
F0390,7,trimethylsiloxysilicate,Trimethylsiloxysilicate,no-take,48,False
F0390,8,stearyl-heptanoate,Stearyl Heptanoate,no-take,7,True
F0390,9,dimethicone-crosspolymer,Dimethicone Crosspolymer,no-take,30,True
F0390,11,stearyl-caprylate,Stearyl Caprylate,no-take,5,True
F0390,12,kaolin,Kaolin,goodie,40,False
F0390,13,lauroyl-lysine,Lauroyl Lysine,no-take,16,True
F0390,14,pentaerythrityl-tetra-di-t-butyl-hydroxyhydrocinnamate,Pentaerythrityl Tetra-Di-T-Butyl Hydroxyhydrocinnamate,no-take,222,False
F0390,15,paraffin,Paraffin,no-take,37,False
F0391,1,water,Aqua/​Water/​Eau,no-take,106,False
F0391,2,glycerin,Glycerin,superstar,102,False
F0391,3,hydrogenated-polydecene,Hydrogenated Polydecene,no-take,30,True
F0391,4,diisopropyl-dimer-dilinoleate,Diisopropyl Dimer Dilinoleate,no-take,8,True
F0391,5,polybutene,Polybutene,no-take,212,False
F0391,6,polyglyceryl-2-triisostearate,Polyglyceryl-2 Triisostearate,no-take,101,False
F0391,7,bis-behenyl-isostearyl-phytosteryl-dimer-dilinoleyl-dimer-dilinoleate,Bis-Behenyl/​Isostearyl/​Phytosteryl Dimer Dilinoleyl Dimer Dilinoleate,no-take,42,False
F0391,8,pentaerythrityl-tetraisostearate,Pentaerythrityl Tetraisostearate,no-take,100,False
F0391,10,pentylene-glycol,Pentylene Glycol,no-take,26,True
F0391,11,phenoxyethanol,Phenoxyethanol,no-take,286,False
F0391,13,hydroxyethyl-acrylate-sodium-acryloyldimethyl-taurate-copolymer,Hydroxyethyl Acrylate/​Sodium Acryloyldimethyl Taurate Copolymer,no-take,20,True
F0391,14,citric-acid,Citric Acid,no-take,85,False
F0392,1,lanolin-oil,Lanolin Oil,no-take,6,True
F0392,2,oleyl-erucate,Oleyl Erucate,no-take,5,True
F0392,3,hydrogenated-castor-oil-dimer-dilinoleate,Hydrogenated Castor Oil Dimer Dilinoleate,sin_calificacion,8,True
F0392,4,acetylated-lanolin,Acetylated Lanolin,no-take,5,True
F0392,5,sesamum-indicum-seed-oil,Sesamum Indicum Seed Oil/​Sesame Seed Oil,goodie,5,True
F0392,6,petrolatum,Petrolatum,goodie,33,False
F0392,7,microcrystalline-wax,Cera Microcristallina/​Microcrystalline Wax,no-take,140,False
F0392,8,cera-alba,Cera Alba /​ Beeswax,no-take,41,False
F0392,9,paraffin,Paraffin,no-take,37,False
F0392,10,synthetic-wax,Synthetic Wax,no-take,176,False
F0392,11,alumina,Alumina,no-take,91,False
F0392,12,disteardimonium-hectorite,Disteardimonium Hectorite,no-take,82,False
F0392,13,vinyl-dimethicone-methicone-silsesquioxane-crosspolymer,Vinyl Dimethicone/​Methicone Silsesquioxane Crosspolymer,no-take,10,True
F0392,14,pentaerythrityl-tetra-di-t-butyl-hydroxyhydrocinnamate,Pentaerythrityl Tetra-Di-T-Butyl Hydroxyhydrocinnamate,no-take,222,False
F0392,15,pentaerythrityl-tetraisostearate,Pentaerythrityl Tetraisostearate,no-take,100,False
F0393,1,trimethylsiloxyphenyl-dimethicone,Trimethylsiloxyphenyl Dimethicone,sin_calificacion,12,True
F0393,2,octyldodecanol,Octyldodecanol,no-take,208,False
F0393,4,isododecane,Isododecane,no-take,59,False
F0393,5,squalane,Squalane,goodie,82,False
F0393,6,polybutene,Polybutene,no-take,212,False
F0393,7,silica-dimethyl-silylate,Silica Dimethyl Silylate,no-take,160,False
F0393,8,octyldodecyl-neopentanoate,Octyldodecyl Neopentanoate,no-take,18,True
F0393,9,silica,Silica,no-take,267,False
F0393,11,caprylyl-glycol,Caprylyl Glycol,no-take,167,False
F0393,12,alumina,Alumina,no-take,91,False
F0393,13,tocopheryl-acetate,Tocopheryl Acetate,no-take,357,False
F0393,14,pentaerythrityl-tetraisostearate,Pentaerythrityl Tetraisostearate,no-take,100,False
F0394,1,lanolin-oil,Lanolin Oil,no-take,6,True
F0394,2,oleyl-erucate,Oleyl Erucate,no-take,5,True
F0394,3,acetylated-lanolin,Acetylated Lanolin,no-take,5,True
F0394,4,hydrogenated-castor-oil-dimer-dilinoleate,Hydrogenated Castor Oil Dimer Dilinoleate,sin_calificacion,8,True
F0394,5,sesamum-indicum-seed-oil,Sesamum Indicum Seed Oil/​Sesame Seed Oil,goodie,5,True
F0394,6,petrolatum,Petrolatum,goodie,33,False
F0394,7,microcrystalline-wax,Cera Microcristallina/​Microcrystalline Wax,no-take,140,False
F0394,8,cera-alba,Cera Alba /​ Beeswax,no-take,41,False
F0394,9,paraffin,Paraffin,no-take,37,False
F0394,10,synthetic-wax,Synthetic Wax,no-take,176,False
F0394,11,argania-spinosa-kernel-oil,Argania Spinosa Kernel Oil,goodie,36,False
F0394,12,disteardimonium-hectorite,Disteardimonium Hectorite,no-take,82,False
F0394,13,vinyl-dimethicone-methicone-silsesquioxane-crosspolymer,Vinyl Dimethicone/​Methicone Silsesquioxane Crosspolymer,no-take,10,True
F0394,14,pentaerythrityl-tetra-di-t-butyl-hydroxyhydrocinnamate,Pentaerythrityl Tetra-Di-T-Butyl Hydroxyhydrocinnamate,no-take,222,False
F0394,15,pentaerythrityl-tetraisostearate,Pentaerythrityl Tetraisostearate,no-take,100,False
F0395,1,c18-36-acid-triglyceride,C18-36 Acid Triglyceride,no-take,10,True
F0395,2,bis-diglyceryl-polyacyladipate-2,Bis-Diglyceryl Polyacyladipate-2,no-take,169,False
F0395,3,pentaerythrityl-tetraisostearate,Pentaerythrityl Tetraisostearate,no-take,100,False
F0395,4,polybutene,Polybutene,no-take,212,False
F0395,5,tridecyl-trimellitate,Tridecyl Trimellitate,no-take,126,False
F0395,6,diisostearyl-malate,Diisostearyl Malate,no-take,228,False
F0395,7,silica-dimethyl-silylate,Silica Dimethyl Silylate [Nano],no-take,160,False
F0395,8,ethylhexyl-palmitate,Ethylhexyl Palmitate,no-take,205,False
F0395,9,vanillin,Vanillin,sin_calificacion,52,False
F0395,10,pentylene-glycol,Pentylene Glycol,no-take,26,True
F0395,11,caprylyl-glycol,Caprylyl Glycol,no-take,167,False
F0395,12,menthol,Menthol,icky,47,False
F0395,13,pentaerythrityl-tetra-di-t-butyl-hydroxyhydrocinnamate,Pentaerythrityl Tetra-Di-T-Butyl Hydroxyhydrocinnamate,no-take,222,False
F0395,14,tribehenin,Tribehenin,no-take,82,False
F0395,15,vanillyl-butyl-ether,Vanillyl Butyl Ether,sin_calificacion,33,False
F0396,1,dimethicone,Dimethicone,no-take,103,False
F0396,2,isododecane,Isododecane,no-take,59,False
F0396,3,trimethylsiloxysilicate,Trimethylsiloxysilicate,no-take,48,False
F0396,4,nylon-611-dimethicone-copolymer,Nylon-611/​Dimethicone Copolymer,no-take,6,True
F0396,5,dimethicone-crosspolymer,Dimethicone Crosspolymer,no-take,30,True
F0396,6,c30-45-alkyldimethylsilyl-polypropylsilsesquioxane,C30-45 Alkyldimethylsilyl Polypropylsilsesquioxane,sin_calificacion,10,True
F0396,7,lauroyl-lysine,Lauroyl Lysine,no-take,16,True
F0396,8,silica-silylate,Silica Silylate,no-take,26,True
F0396,9,phenoxyethanol,Phenoxyethanol,no-take,286,False
F0396,10,ethylhexyl-palmitate,Ethylhexyl Palmitate,no-take,205,False
F0396,12,isopropyl-titanium-triisostearate,Isopropyl Titanium Triisostearate,no-take,15,True
F0396,13,trihydroxystearin,Trihydroxystearin,no-take,32,True
F0396,14,benzyl-alcohol,Benzyl Alcohol,no-take,85,False
F0396,15,sodium-hyaluronate,Sodium Hyaluronate,goodie,132,False
F0397,1,hydrogenated-vegetable-oil,Hydrogenated Vegetable Oil,no-take,26,True
F0397,2,c10-18-triglycerides,C10-18 Triglycerides,no-take,14,True
F0397,3,hydrogenated-polyisobutene,Hydrogenated Polyisobutene,no-take,165,False
F0397,5,c20-24-alkyl-dimethicone,C20-24 Alkyl Dimethicone,no-take,6,True
F0397,6,boron-nitride,Boron Nitride,no-take,5,True
F0397,7,disteardimonium-hectorite,Disteardimonium Hectorite,no-take,82,False
F0397,8,parfum,Parfum/​Fragrance,icky,331,False
F0397,9,synthetic-wax,Synthetic Wax,no-take,176,False
F0397,10,alumina,Alumina,no-take,91,False
F0397,11,lecithin,Lecithin,goodie,47,False
F0397,12,propylene-carbonate,Propylene Carbonate,no-take,95,False
F0397,14,aluminum-hydroxide,Aluminum Hydroxide,no-take,112,False
F0397,15,dipalmitoyl-hydroxyproline,Dipalmitoyl Hydroxyproline,sin_calificacion,8,True
F0398,1,dimethicone,Dimethicone,no-take,103,False
F0398,2,hydrogenated-polyisobutene,Hydrogenated Polyisobutene,no-take,165,False
F0398,3,polyethylene,Polyethylene,no-take,122,False
F0398,4,trimethyl-pentaphenyl-trisiloxane,Trimethyl Pentaphenyl Trisiloxane,no-take,8,True
F0398,5,octyldodecyl-neopentanoate,Octyldodecyl Neopentanoate,no-take,18,True
F0398,7,stearyl-heptanoate,Stearyl Heptanoate,no-take,7,True
F0398,8,trimethylsiloxysilicate,Trimethylsiloxysilicate,no-take,48,False
F0398,9,stearyl-caprylate,Stearyl Caprylate,no-take,5,True
F0398,10,argania-spinosa-kernel-oil,Argania Spinosa Kernel Oil,goodie,36,False
F0398,11,alumina,Alumina,no-take,91,False
F0398,12,paraffin,Paraffin,no-take,37,False
F0398,13,pentaerythrityl-tetra-di-t-butyl-hydroxyhydrocinnamate,Pentaerythrityl Tetra-Di-T-Butyl Hydroxyhydrocinnamate,no-take,222,False
F0398,15,microcrystalline-wax,Cera Microcristallina/​Microcrystalline Wax,no-take,140,False
F0399,1,water,Aqua,no-take,106,False
F0399,3,hydrogenated-polyisobutene,Hydrogenated Polyisobutene,no-take,165,False
F0399,4,glycerin,Glycerin,superstar,102,False
F0399,5,aluminum-starch-octenylsuccinate,Aluminium Starch Octenylsuccinate,no-take,12,True
F0399,6,cera-alba,Cera Alba(Beeswax),no-take,41,False
F0399,8,cetyl-peg-ppg-10-1-dimethicone,Cetyl PEG/​PPG-10/​1 Dimethicone,no-take,26,True
F0399,9,macadamia-ternifolia-seed-oil,Macadamia Ternifolia Seed Oil,goodie,14,True
F0399,10,allantoin,Allantoin,goodie,6,True
F0399,12,sodium-hyaluronate,Sodium Hyaluronate,goodie,132,False
F0399,13,silica-dimethyl-silylate,Silica Dimethyl Silylate,no-take,160,False
F0400,1,dimethicone,Dimethicone,no-take,103,False
F0400,2,cera-microcrystalline,Cera Microcristallina/​Microcrystalline Wax/​Cire Microcristalline,sin_calificacion,11,True
F0400,3,polybutene,Polybutene,no-take,212,False
F0400,4,synthetic-wax,Synthetic Wax,no-take,176,False
F0400,5,isocetyl-stearate,Isocetyl Stearate,no-take,5,True
F0400,6,octyldodecyl-stearoyl-stearate,Octyldodecyl Stearoyl Stearate,no-take,20,True
F0400,7,synthetic-beeswax,Synthetic Beeswax,no-take,25,True
F0400,10,disteardimonium-hectorite,Disteardimonium Hectorite,no-take,82,False
F0400,11,tocopherol,Tocopherol,goodie,289,False
F0400,12,propylene-carbonate,Propylene Carbonate,no-take,95,False
F0400,13,rosin,Colophonium/​Rosin/​Colophane,no-take,17,True
F0401,1,hydrogenated-polyisobutene,Hydrogenated Polyisobutene,no-take,165,False
F0401,2,phenyl-trimethicone,Phenyl Trimethicone,no-take,23,True
F0401,5,tridecyl-trimellitate,Tridecyl Trimellitate,no-take,126,False
F0401,6,polyethylene,Polyethylene,no-take,122,False
F0401,9,cera-microcrystalline,Cera Microcristallina/​Microcrystalline Wax/​Cire Microcristalline,sin_calificacion,11,True
F0401,11,c18-36-acid-triglyceride,C18-36 Acid Triglyceride,no-take,10,True
F0401,12,alumina,Alumina,no-take,91,False
F0401,13,pentaerythrityl-tetra-di-t-butyl-hydroxyhydrocinnamate,Pentaerythrityl Tetra-Di-T-Butyl Hydroxyhydrocinnamate,no-take,222,False
F0401,14,pentaerythrityl-tetraisostearate,Pentaerythrityl Tetraisostearate,no-take,100,False
F0401,15,polyhydroxystearic-acid,Polyhydroxystearic Acid,no-take,36,False
F0402,1,c18-36-acid-triglyceride,C18-36 Acid Triglyceride,no-take,10,True
F0402,2,bis-diglyceryl-polyacyladipate-2,Bis-Diglyceryl Polyacyladipate-2,no-take,169,False
F0402,3,polybutene,Polybutene,no-take,212,False
F0402,4,pentaerythrityl-tetraisostearate,Pentaerythrityl Tetraisostearate,no-take,100,False
F0402,5,tridecyl-trimellitate,Tridecyl Trimellitate,no-take,126,False
F0402,6,diisostearyl-malate,Diisostearyl Malate,no-take,228,False
F0402,7,silica-dimethyl-silylate,Silica Dimethyl Silylate [Nano],no-take,160,False
F0402,8,pentylene-glycol,Pentylene Glycol,no-take,26,True
F0402,9,caprylic-capric-triglyceride,Caprylic/​Capric Triglyceride,no-take,215,False
F0402,10,caprylyl-glycol,Caprylyl Glycol,no-take,167,False
F0402,11,pentaerythrityl-tetra-di-t-butyl-hydroxyhydrocinnamate,Pentaerythrityl Tetra-Di-T-Butyl Hydroxyhydrocinnamate,no-take,222,False
F0402,12,alumina,Alumina,no-take,91,False
F0402,13,tocopheryl-acetate,Tocopheryl Acetate,no-take,357,False
F0402,14,ethylhexyl-palmitate,Ethylhexyl Palmitate,no-take,205,False
F0402,15,sodium-saccharin,Sodium Saccharin,sin_calificacion,22,True
F0403,1,hydrogenated-vegetable-oil,Hydrogenated Vegetable Oil,no-take,26,True
F0403,2,c10-18-triglycerides,C10-18 Triglycerides,no-take,14,True
F0403,3,hydrogenated-polyisobutene,Hydrogenated Polyisobutene,no-take,165,False
F0403,5,c20-24-alkyl-dimethicone,C20-24 Alkyl Dimethicone,no-take,6,True
F0403,6,boron-nitride,Boron Nitride,no-take,5,True
F0403,7,disteardimonium-hectorite,Disteardimonium Hectorite,no-take,82,False
F0403,8,parfum,Parfum/​Fragrance,icky,331,False
F0403,9,synthetic-wax,Synthetic Wax,no-take,176,False
F0403,10,dicalcium-phosphate,Dicalcium Phosphate,no-take,50,False
F0403,11,tocopherol,Tocopherol,goodie,289,False
F0403,12,propylene-carbonate,Propylene Carbonate,no-take,95,False
F0403,13,dipalmitoyl-hydroxyproline,Dipalmitoyl Hydroxyproline,sin_calificacion,8,True
F0403,15,geraniol,Geraniol,icky,43,False
F0404,1,dimethicone,Dimethicone,no-take,103,False
F0404,2,bis-diglyceryl-polyacyladipate-2,Bis-Diglyceryl Polyacyladipate-2,no-take,169,False
F0404,3,phenyl-trimethicone,Phenyl Trimethicone,no-take,23,True
F0404,4,tridecyl-trimellitate,Tridecyl Trimellitate,no-take,126,False
F0404,5,hydrogenated-polyisobutene,Hydrogenated Polyisobutene,no-take,165,False
F0404,6,hydrogenated-jojoba-oil,Hydrogenated Jojoba Oil,no-take,13,True
F0404,7,dimethicone-crosspolymer,Dimethicone Crosspolymer,no-take,30,True
F0404,8,isostearyl-isostearate,Isostearyl Isostearate,no-take,16,True
F0404,9,kaolin,Kaolin,goodie,40,False
F0404,10,paraffin,Paraffin,no-take,37,False
F0404,11,microcrystalline-wax,Cera Microcristallina/​Microcrystalline Wax,no-take,140,False
F0404,12,isohexadecane,Isohexadecane,no-take,18,True
F0404,13,nylon-12,Nylon-12,no-take,9,True
F0404,14,vinyl-dimethicone-methicone-silsesquioxane-crosspolymer,Vinyl Dimethicone/​Methicone Silsesquioxane Crosspolymer,no-take,10,True
F0404,15,polyethylene,Polyethylene,no-take,122,False
F0405,1,canola-oil,Canola Oil,no-take,12,True
F0405,2,squalane,Squalane,goodie,82,False
F0405,3,pentaerythrityl-tetraisostearate,Pentaerythrityl Tetraisostearate,no-take,100,False
F0405,4,bis-behenyl-isostearyl-phytosteryl-dimer-dilinoleyl-dimer-dilinoleate,Bis-Behenyl/​Isostearyl/​Phytosteryl Dimer Dilinoleyl Dimer Dilinoleate,no-take,42,False
F0405,5,helianthus-annuus-seed-wax,Helianthus Annuus Seed Cera/​Sunflower Seed Wax,no-take,47,False
F0405,6,caprylic-capric-triglyceride,Caprylic/​Capric Triglyceride,no-take,215,False
F0405,7,candelilla-cera,Candelilla Cera/​Candelilla Wax,no-take,38,False
F0405,8,tocopherol,Tocopherol,goodie,289,False
F0405,9,pentaerythrityl-tetra-di-t-butyl-hydroxyhydrocinnamate,Pentaerythrityl Tetra-Di-T-Butyl Hydroxyhydrocinnamate,no-take,222,False
F0405,10,alumina,Alumina,no-take,91,False
F0405,11,glycine-soja-oil,Glycine Soja Oil /​ Soybean Oil,goodie,41,False
F0405,12,aluminum-hydroxide,Aluminum Hydroxide,no-take,112,False
F0405,13,silica,Silica,no-take,267,False
F0405,14,citronellol,Citronellol,icky,45,False
F0405,15,magnesium-silicate,Magnesium Silicate,no-take,18,True
F0406,1,water,Aqua/​Water/​Eau,no-take,106,False
F0406,2,dimethicone,Dimethicone,no-take,103,False
F0406,3,octyldodecanol,Octyldodecanol,no-take,208,False
F0406,4,isododecane,Isododecane,no-take,59,False
F0406,5,butylene-glycol,Butylene Glycol,no-take,61,False
F0406,6,alcohol,Alcohol,icky,23,True
F0406,8,cetyl-peg-ppg-10-1-dimethicone,Cetyl PEG/​PPG-10/​1 Dimethicone,no-take,26,True
F0406,9,trimethyl-pentaphenyl-trisiloxane,Trimethyl Pentaphenyl Trisiloxane,no-take,8,True
F0406,10,disteardimonium-hectorite,Disteardimonium Hectorite,no-take,82,False
F0406,11,polyglyceryl-4-isostearate,Polyglyceryl-4 Isostearate,no-take,9,True
F0406,12,magnesium-sulfate,Magnesium Sulfate,no-take,7,True
F0406,13,phenoxyethanol,Phenoxyethanol,no-take,286,False
F0406,14,propylene-carbonate,Propylene Carbonate,no-take,95,False
F0407,1,canola-oil,Canola Oil,no-take,12,True
F0407,2,squalane,Squalane,goodie,82,False
F0407,3,pentaerythrityl-tetraisostearate,Pentaerythrityl Tetraisostearate,no-take,100,False
F0407,4,bis-behenyl-isostearyl-phytosteryl-dimer-dilinoleyl-dimer-dilinoleate,Bis-Behenyl/​Isostearyl/​Phytosteryl Dimer Dilinoleyl Dimer Dilinoleate,no-take,42,False
F0407,5,helianthus-annuus-seed-wax,Helianthus Annuus Seed Cera/​Sunflower Seed Wax,no-take,47,False
F0407,6,caprylic-capric-triglyceride,Caprylic/​Capric Triglyceride,no-take,215,False
F0407,7,candelilla-cera,Candelilla Cera/​Candelilla Wax/​Cire De Candelilla,no-take,38,False
F0407,8,tocopherol,Tocopherol,goodie,289,False
F0407,9,alumina,Alumina,no-take,91,False
F0407,10,glycine-soja-oil,Glycine Soja Oil /​ Soybean Oil,goodie,41,False
F0407,11,aluminum-hydroxide,Aluminum Hydroxide,no-take,112,False
F0407,12,silica,Silica,no-take,267,False
F0407,13,citronellol,Citronellol,icky,45,False
F0407,14,magnesium-silicate,Magnesium Silicate,no-take,18,True
F0407,15,limonene,Limonene,icky,138,False
F0408,1,lanolin-oil,Lanolin Oil,no-take,6,True
F0408,2,oleyl-erucate,Oleyl Erucate,no-take,5,True
F0408,3,sesamum-indicum-seed-oil,Sesame Seed Oil,goodie,5,True
F0408,4,microcrystalline-wax,Microcrystalline Wax,no-take,140,False
F0408,7,acetylated-lanolin,Acetylated Lanolin,no-take,5,True
F0408,8,cera-alba,Beeswax,no-take,41,False
F0408,9,disteardimonium-hectorite,Disteardimonium Hectorite,no-take,82,False
F0408,10,parfum,Fragrance,icky,331,False
F0408,11,tocopheryl-acetate,Tocopheryl Acetate,no-take,357,False
F0408,12,rosa-canina-fruit-oil,Rosa Canina Fruit Oil,no-take,28,True
F0408,13,pentaerythrityl-tetra-di-t-butyl-hydroxyhydrocinnamate,Pentaerythrityl Tetra-Di-T-Butyl Hydroxyhydrocinnamate,no-take,222,False
F0408,14,argania-spinosa-kernel-oil,Argania Spinosa Kernel Oil,goodie,36,False
F0408,15,geraniol,Geraniol,icky,43,False
F0409,1,dimethicone,Dimethicone,no-take,103,False
F0409,3,kaolin,Kaolin,goodie,40,False
F0409,4,ceresin,Ceresin,no-take,12,True
F0409,5,paraffin,Paraffin,no-take,37,False
F0409,6,isononyl-isononanoate,Isononyl Isononanoate,no-take,37,False
F0409,7,microcrystalline-wax,Microcrystalline Wax \Cera Microcristallina\Cire Microcristalline,no-take,140,False
F0409,8,silica,Silica,no-take,267,False
F0409,9,caprylic-capric-triglyceride,Caprylic/​Capric Triglyceride,no-take,215,False
F0409,10,copernicia-cerifera-wax,Copernicia Cerifera (Carnauba) Wax\Cera Carnauba\Cire De Carnauba,no-take,67,False
F0409,11,hydrogenated-polyisobutene,Hydrogenated Polyisobutene,no-take,165,False
F0409,12,vanillin,Vanillin,sin_calificacion,52,False
F0409,13,tocopherol,Tocopherol,goodie,289,False
F0410,1,polyglyceryl-2-triisostearate,Polyglyceryl-2 Triisostearate,no-take,101,False
F0410,2,bis-diglyceryl-polyacyladipate-2,Bis-Diglyceryl Polyacyladipate-2,no-take,169,False
F0410,3,hydrogenated-polyisobutene,Hydrogenated Polyisobutene,no-take,165,False
F0410,4,synthetic-wax,Synthetic Wax,no-take,176,False
F0410,5,pentaerythrityl-adipate-caprate-caprylate-heptanoate,Pentaerythrityl Adipate/​Caprate/​Caprylate/​Heptanoate,no-take,8,True
F0410,6,tribehenin,Tribehenin,no-take,82,False
F0410,7,sorbitan-isostearate,Sorbitan Isostearate,no-take,86,False
F0410,8,cetyl-peg-ppg-10-1-dimethicone,Cetyl PEG/​PPG-10/​1 Dimethicone,no-take,26,True
F0410,9,bis-behenyl-isostearyl-phytosteryl-dimer-dilinoleyl-dimer-dilinoleate,Bis-Behenyl/​Isostearyl/​Phytosteryl Dimer Dilinoleyl Dimer Dilinoleate,no-take,42,False
F0410,10,limnanthes-alba-seed-oil,Limnanthes Alba (Meadowfoam) Seed Oil,goodie,36,False
F0410,11,simmondsia-chinensis-seed-oil,Simmondsia Chinensis (Jojoba) Seed Oil,goodie,134,False
F0411,1,pentaerythrityl-tetraisostearate,Pentaerythrityl Tetraisostearate,no-take,100,False
F0411,2,bis-diglyceryl-polyacyladipate-2,Bis-Diglyceryl Polyacyladipate-2,no-take,169,False
F0411,3,caprylic-capric-triglyceride,Caprylic/​Capric Triglyceride,no-take,215,False
F0411,4,oleic-linoleic-linolenic-polyglycerides,Oleic/​Linoleic/​Linolenic Polyglycerides,goodie,15,True
F0411,5,candelilla-cera,Euphorbia Cerifera (Candelilla) Wax\Candelilla Cera\Cire De Candelilla,no-take,38,False
F0411,6,vp-hexadecene-copolymer,PVP/​Hexadecene Copolymer,no-take,45,False
F0411,7,dipentaerythrityl-hexahydroxystearate-hexastearate-hexarosinate,Dipentaerythrityl Hexahydroxystearate/​Hexastearate/​Hexarosinate,no-take,10,True
F0411,8,diisostearyl-malate,Diisostearyl Malate,no-take,228,False
F0411,9,polyethylene,Polyethylene,no-take,122,False
F0411,10,hydrogenated-polydecene,Hydrogenated Polydecene,no-take,30,True
F0411,11,polybutene,Polybutene,no-take,212,False
F0411,13,synthetic-wax,Synthetic Wax,no-take,176,False
F0411,14,butyrospermum-parkii-butter,Butyrospermum Parkii (Shea Butter),goodie,149,False
F0411,15,glycine-soja-seed-extract,Glycine Soja (Soybean) Seed Extract,goodie,6,True
F0412,1,c10-18-triglycerides,C10-18 Triglycerides,no-take,14,True
F0412,2,talc,Talc,no-take,35,False
F0412,3,hydrogenated-vegetable-oil,Hydrogenated Vegetable Oil,no-take,26,True
F0412,4,caprylic-capric-triglyceride,Caprylic/​Capric Triglyceride,no-take,215,False
F0412,6,tocopherol,Tocopherol,goodie,289,False
F0412,7,ascorbyl-palmitate,Ascorbyl Palmitate,icky,67,False
F0413,1,hydrogenated-polyisobutene,Hydrogenated Polyisobutene,no-take,165,False
F0413,2,octyldodecanol,Octyldodecanol,no-take,208,False
F0413,3,cocos-nucifera-oil,Cocos Nucifera (Coconut) Oil,goodie,57,False
F0413,4,ethylene-propylene-styrene-copolymer,Ethylene/​Propylene/​Styrene Copolymer,no-take,70,False
F0413,5,silica,Silica,no-take,267,False
F0413,6,tocopheryl-acetate,Tocopheryl Acetate,no-take,357,False
F0413,7,limnanthes-alba-seed-oil,Limnanthes Alba (Meadowfoam) Seed Oil,goodie,36,False
F0413,8,simmondsia-chinensis-seed-oil,Simmondsia Chinensis (Jojoba) Seed Oil,goodie,134,False
F0413,9,glycine-soja-oil,Glycine Soja (Soybean) Oil,goodie,41,False
F0413,10,zingiber-officinale-root-oil,Zingiber Officinale (Ginger) Root Oil,no-take,13,True
F0413,11,zingiber-officinale-root-extract,Zingiber Officinale (Ginger) Root Extract,goodie,10,True
F0413,12,capsicum-frutescens-fruit-extract,Capsicum Frutescens Fruit Extract,icky,24,True
F0413,13,menthol,Menthol,icky,47,False
F0413,14,tetrahexyldecyl-ascorbate,Tetrahexyldecyl Ascorbate,goodie,22,True
F0413,15,menthoxypropanediol,Menthoxypropanediol,sin_calificacion,16,True
F0414,1,diisostearyl-malate,Diisostearyl Malate,no-take,228,False
F0414,2,caprylic-capric-triglyceride,Caprylic/​Capric Triglyceride,no-take,215,False
F0414,3,ricinus-communis-seed-oil,Ricinus Communis (Castor) Seed Oil,no-take,145,False
F0414,4,hydrogenated-polydecene,Hydrogenated Polydecene,no-take,30,True
F0414,5,bis-diglyceryl-polyacyladipate-2,Bis-Diglyceryl Polyacyladipate-2,no-take,169,False
F0414,6,polyethylene,Polyethylene,no-take,122,False
F0414,7,trioctyldodecyl-citrate,Trioctyldodecyl Citrate,no-take,6,True
F0414,8,polybutene,Polybutene,no-take,212,False
F0414,9,silica,Silica,no-take,267,False
F0414,10,ozokerite,Ozokerite,no-take,42,False
F0414,11,candelilla-cera,Euphorbia Cerifera (Candelilla) Wax\Candelilla Cera\Cire De Candelilla,no-take,38,False
F0414,12,octyldodecanol,Octyldodecanol,no-take,208,False
F0414,13,tocopheryl-acetate,Tocopheryl Acetate,no-take,357,False
F0414,14,sodium-hyaluronate,Sodium Hyaluronate,goodie,132,False
F0414,15,squalane,Squalane,goodie,82,False
F0415,1,diisostearyl-malate,Diisostearyl Malate,no-take,228,False
F0415,2,bis-diglyceryl-polyacyladipate-2,Bis-Diglyceryl Polyacyladipate-2,no-take,169,False
F0415,3,caprylic-capric-triglyceride,Caprylic/​Capric Triglyceride,no-take,215,False
F0415,4,ricinus-communis-seed-oil,Ricinus Communis (Castor) Seed Oil,no-take,145,False
F0415,5,hydrogenated-polydecene,Hydrogenated Polydecene,no-take,30,True
F0415,6,synthetic-wax,Synthetic Wax,no-take,176,False
F0415,7,polybutene,Polybutene,no-take,212,False
F0415,8,trioctyldodecyl-citrate,Trioctyldodecyl Citrate,no-take,6,True
F0415,9,silica,Silica,no-take,267,False
F0415,10,candelilla-cera,Euphorbia Cerifera (Candelilla) Wax Candelilla Cera Cire De Candelilla,no-take,38,False
F0415,11,helianthus-annuus-seed-wax,Helianthus Annuus (Sunflower) Seed Wax,no-take,47,False
F0415,12,octyldodecanol,Octyldodecanol,no-take,208,False
F0415,13,butyrospermum-parkii-butter,Butyrospermum Parkii (Shea) Butter,goodie,149,False
F0415,14,tocopheryl-acetate,Tocopheryl Acetate,no-take,357,False
F0415,15,squalane,Squalane,goodie,82,False
F0416,1,hydrogenated-polyisobutene,Hydrogenated Polyisobutene,no-take,165,False
F0416,2,simmondsia-chinensis-seed-oil,Simmondsia Chinensis (Jojoba) Seed Oil,goodie,134,False
F0416,3,octyldodecanol,Octyldodecanol,no-take,208,False
F0416,4,copernicia-cerifera-wax,Copernicia Cerifera (Carnauba) Wax\ Copernicia Cerifera Cera \Cire De Carnauba,no-take,67,False
F0416,5,tocopheryl-acetate,Tocopheryl Acetate,no-take,357,False
F0416,6,cocos-nucifera-oil,Cocos Nucifera (Coconut) Oil,goodie,57,False
F0416,8,prunus-armeniaca-kernel-oil,Prunus Armeniaca (Apricot) Kernel Oil,goodie,19,True
F0416,9,acrylates-copolymer,Acrylates Copolymer,no-take,14,True
F0416,10,alumina,Alumina,no-take,91,False
F0416,11,aluminum-calcium-sodium-silicate,Aluminum Calcium Sodium Silicate,sin_calificacion,8,True
F0416,12,silica,Silica,no-take,267,False
F0416,13,propylene-carbonate,Propylene Carbonate,no-take,95,False
F0416,14,disteardimonium-hectorite,Disteardimonium Hectorite,no-take,82,False
F0416,15,ethylhexyl-hydroxystearate,Ethylhexyl Hydroxystearate,no-take,5,True
F0417,1,water,Water Aqua Eau,no-take,106,False
F0417,2,diphenyl-dimethicone,Diphenyl Dimethicone,no-take,6,True
F0417,3,diisostearyl-malate,Diisostearyl Malate,no-take,228,False
F0417,4,bis-diglyceryl-polyacyladipate-2,Bis-Diglyceryl Polyacyladipate-2,no-take,169,False
F0417,5,hydrogenated-polyisobutene,Hydrogenated Polyisobutene,no-take,165,False
F0417,7,dipropylene-glycol,Dipropylene Glycol,no-take,5,True
F0417,8,cetyl-peg-ppg-10-1-dimethicone,Cetyl PEG/​PPG-10/​1 Dimethicone,no-take,26,True
F0417,9,sorbitan-isostearate,Sorbitan Isostearate,no-take,86,False
F0417,10,polysorbate-60,Polysorbate 60,no-take,18,True
F0417,11,octyldodecanol,Octyldodecanol,no-take,208,False
F0417,12,pentylene-glycol,Pentylene Glycol,no-take,26,True
F0417,13,squalane,Squalane,goodie,82,False
F0417,14,ethylhexylglycerin,Ethylhexylglycerin,no-take,134,False
F0417,15,rubus-idaeus-seed-oil,Rubus Idaeus (Raspberry) Seed Oil,no-take,16,True
F0418,1,hydrogenated-polyisobutene,Hydrogenated Polyisobutene,no-take,165,False
F0418,2,octyldodecanol,Octyldodecanol,no-take,208,False
F0418,3,cocos-nucifera-oil,Cocos Nucifera (Coconut) Oil,goodie,57,False
F0418,4,ethylene-propylene-styrene-copolymer,Ethylene/​Propylene/​Styrene Copolymer,no-take,70,False
F0418,5,silica,Silica,no-take,267,False
F0418,6,tocopheryl-acetate,Tocopheryl Acetate,no-take,357,False
F0418,7,limnanthes-alba-seed-oil,Limnanthes Alba (Meadowfoam) Seed Oil,goodie,36,False
F0418,8,simmondsia-chinensis-seed-oil,Simmondsia Chinensis (Jojoba) Seed Oil,goodie,134,False
F0418,9,tetrahexyldecyl-ascorbate,Tetrahexyldecyl Ascorbate,goodie,22,True
F0418,10,vanillin,Vanillin,sin_calificacion,52,False
F0418,11,saccharin,Saccharin,sin_calificacion,6,True
F0418,12,polydecene,Polydecene,sin_calificacion,7,True
F0418,13,butylene-ethylene-styrene-copolymer,Butylene/​Ethylene/​Styrene Copolymer,no-take,68,False
F0418,14,hydrogenated-lecithin,Hydrogenated Lecithin,goodie,7,True
F0418,15,pentaerythrityl-tetra-di-t-butyl-hydroxyhydrocinnamate,Pentaerythrityl Tetra-Di-T-Butyl Hydroxyhydrocinnamate,no-take,222,False
F0419,1,petrolatum,Petrolatum,goodie,33,False
F0419,2,polybutene,Polybutene,no-take,212,False
F0419,3,hydrogenated-polyisobutene,Hydrogenated Polyisobutene,no-take,165,False
F0419,4,tocopherol,Tocopherol,goodie,289,False
F0419,5,retinyl-palmitate,Retinyl Palmitate,no-take,11,True
F0419,6,ascorbyl-palmitate,Ascorbyl Palmitate,icky,67,False
F0419,7,cholesterol,Cholesterol,goodie,13,True
F0419,8,butyrospermum-parkii-butter,Butyrospermum Parkii (Shea Butter),goodie,149,False
F0419,9,prunus-amygdalus-dulcis-oil,Prunus Amygdalus Dulcis (Sweet Almond) Oil,goodie,66,False
F0419,12,ricinus-communis-seed-oil,Ricinus Communis (Castor) Seed Oil,no-take,145,False
F0419,13,squalane,Squalane,goodie,82,False
F0419,14,silica,Silica,no-take,267,False
F0419,15,vanillin,Vanillin,sin_calificacion,52,False
F0420,1,glycerin,Glycerin,superstar,102,False
F0420,2,ricinus-communis-seed-oil,Ricinus Communis (Castor) Seed Oil,no-take,145,False
F0420,3,simmondsia-chinensis-seed-oil,Simmondsia Chinensis (Jojoba) Seed Oil,goodie,134,False
F0420,4,pentaerythrityl-adipate-caprate-caprylate-heptanoate,Pentaerythrityl Adipate/​Caprate/​Caprylate/​Heptanoate,no-take,8,True
F0420,5,castor-oil-ipdi-copolymer,Castor Oil/​IPDI Copolymer,no-take,5,True
F0420,6,octyldodecanol,Octyldodecanol,no-take,208,False
F0420,10,prunus-armeniaca-kernel-oil,Prunus Armeniaca (Apricot) Kernel Oil,goodie,19,True
F0420,12,ethylcellulose,Ethylcellulose,no-take,13,True
F0420,13,prunus-amygdalus-dulcis-oil,Prunus Amygdalus Dulcis (Sweet Almond) Oil,goodie,66,False
F0420,14,limnanthes-alba-seed-oil,Limnanthes Alba (Meadowfoam) Seed Oil,goodie,36,False
F0420,15,tocopheryl-acetate,Tocopheryl Acetate,no-take,357,False
F0421,1,dimethicone,Dimethicone,no-take,103,False
F0421,2,tridecyl-trimellitate,Tridecyl Trimellitate,no-take,126,False
F0421,3,polyethylene,Polyethylene,no-take,122,False
F0421,4,phenyl-trimethicone,Phenyl Trimethicone,no-take,23,True
F0421,5,dimethicone-crosspolymer,Dimethicone Crosspolymer,no-take,30,True
F0421,6,hdi-trimethylol-hexyllactone-crosspolymer,Hdi/​Trimethylol Hexyllactone Crosspolymer,no-take,8,True
F0421,7,zeolite,Zeolite,sin_calificacion,5,True
F0421,8,kaolin,Kaolin,goodie,40,False
F0421,9,alumina,Alumina,no-take,91,False
F0421,10,silica,Silica,no-take,267,False
F0421,11,silica-dimethyl-silylate,Silica Dimethyl Silylate (Nano),no-take,160,False
F0421,12,polysilicone-11,Polysilicone-11,no-take,6,True
F0421,13,caprylyl-glycol,Caprylyl Glycol,no-take,167,False
F0421,14,polyhydroxystearic-acid,Polyhydroxystearic Acid,no-take,36,False
F0421,15,aroma,Flavor (Aroma),sin_calificacion,150,False
F0422,1,dimethicone,Dimethicone,no-take,103,False
F0422,2,hydrogenated-polyisobutene,Hydrogenated Polyisobutene,no-take,165,False
F0422,3,cetearyl-ethylhexanoate,Cetearyl Ethylhexanoate,no-take,14,True
F0422,4,dicalcium-phosphate,Dicalcium Phosphate,no-take,50,False
F0422,5,microcrystalline-wax,Microcrystalline Wax\Cera Microcristallina\Cire Microcristalline,no-take,140,False
F0422,6,caprylic-capric-triglyceride,Caprylic/​Capric Triglyceride,no-take,215,False
F0422,7,polyethylene,Polyethylene,no-take,122,False
F0422,8,dimethicone-vinyl-dimethicone-crosspolymer,Dimethicone/​Vinyl Dimethicone Crosspolymer,no-take,25,True
F0422,9,trimethylolpropane-triisostearate,Trimethylolpropane Triisostearate,no-take,34,False
F0422,11,silica,Silica,no-take,267,False
F0422,12,kaolin,Kaolin,goodie,40,False
F0422,13,synthetic-wax,Synthetic Wax,no-take,176,False
F0422,14,bis-diglyceryl-polyacyladipate-2,Bis-Diglyceryl Polyacyladipate-2,no-take,169,False
F0422,15,sodium-hyaluronate,Sodium Hyaluronate,goodie,132,False
F0423,1,octyldodecanol,Octyldodecanol,no-take,208,False
F0423,2,ricinus-communis-seed-oil,Ricinus Communis (Castor) Seed Oil,no-take,145,False
F0423,3,silica,Silica,no-take,267,False
F0423,5,ozokerite,Ozokerite,no-take,42,False
F0423,6,isononyl-isononanoate,Isononyl Isononanoate,no-take,37,False
F0423,7,paraffin,Paraffin,no-take,37,False
F0423,8,phenyl-trimethicone,Phenyl Trimethicone,no-take,23,True
F0423,9,microcrystalline-wax,Microcrystalline Wax \Cera Microcristallina\Cire Microcristalline,no-take,140,False
F0423,10,ethylhexyl-palmitate,Ethylhexyl Palmitate,no-take,205,False
F0423,11,caprylic-capric-triglyceride,Caprylic/​Capric Triglyceride,no-take,215,False
F0423,12,copernicia-cerifera-wax,Copernicia Cerifera (Carnauba) Wax\Cera Carnauba\Cire De Carnauba,no-take,67,False
F0423,13,ascorbyl-palmitate,Ascorbyl Palmitate,icky,67,False
F0423,14,tocopherol,Tocopherol,goodie,289,False
F0423,15,vanillin,Vanillin,sin_calificacion,52,False
F0424,1,polybutene,Polybutene,no-take,212,False
F0424,2,caprylic-capric-triglyceride,Caprylic/​Capric Triglyceride,no-take,215,False
F0424,3,polyethylene,Polyethylene,no-take,122,False
F0424,4,microcrystalline-wax,Microcrystalline Wax\Cera Microcristallina\Cire Microcristalline,no-take,140,False
F0424,5,tocopheryl-acetate,Tocopheryl Acetate,no-take,357,False
F0424,6,argania-spinosa-kernel-oil,Argania Spinosa Kernel Oil,goodie,36,False
F0424,7,carthamus-tinctorius-seed-oil,Carthamus Tinctorius (Safflower) Seed Oil,goodie,17,True
F0424,9,stearalkonium-hectorite,Stearalkonium Hectorite,no-take,26,True
F0424,10,propylene-carbonate,Propylene Carbonate,no-take,95,False
F0424,11,vanillin,Vanillin,sin_calificacion,52,False
F0424,12,bht,BHT,no-take,68,False
F0424,13,pentaerythrityl-tetra-di-t-butyl-hydroxyhydrocinnamate,Pentaerythrityl Tetra-Di-T-Butyl Hydroxyhydrocinnamate,no-take,222,False
F0425,1,caprylic-capric-triglyceride,Caprylic/​Capric Triglyceride,no-take,215,False
F0425,2,dimer-dilinoleyl-dimer-dilinoleate,Dimer Dilinoleyl Dimer Dilinoleate,no-take,22,True
F0425,3,pentaerythrityl-tetraisostearate,Pentaerythrityl Tetraisostearate,no-take,100,False
F0425,4,synthetic-wax,Synthetic Wax,no-take,176,False
F0425,6,silica,Silica,no-take,267,False
F0425,7,rhus-verniciflua-peel-wax,Rhus Verniciflua Peel Wax,no-take,5,True
F0425,8,copernicia-cerifera-wax,Copernicia Cerifera (Carnauba) Wax\Copernicia Cerifera Cera\Cire De Carnauba,no-take,67,False
F0425,9,tocopherol,Tocopherol,goodie,289,False
F0425,10,c10-18-triglycerides,C10-18 Triglycerides,no-take,14,True
F0425,11,polyglyceryl-3-polyricinoleate,Polyglyceryl-3 Polyricinoleate,no-take,11,True
F0425,12,dicalcium-phosphate,Dicalcium Phosphate,no-take,50,False
F0425,13,disteardimonium-hectorite,Disteardimonium Hectorite,no-take,82,False
F0425,14,polyhydroxystearic-acid,Polyhydroxystearic Acid,no-take,36,False
F0425,15,lecithin,Lecithin,goodie,47,False
F0426,1,polybutene,Polybutene,no-take,212,False
F0426,2,octyldodecanol,Octyldodecanol,no-take,208,False
F0426,3,pentaerythrityl-tetraisostearate,Pentaerythrityl Tetraisostearate,no-take,100,False
F0426,4,ricinus-communis-seed-oil,Ricinus Communis (Castor) Seed Oil,no-take,145,False
F0426,5,synthetic-wax,Synthetic Wax,no-take,176,False
F0426,6,diisostearyl-malate,Diisostearyl Malate,no-take,228,False
F0426,7,vp-hexadecene-copolymer,VP/​Hexadecene Copolymer,no-take,45,False
F0426,8,hydrogenated-polyisobutene,Hydrogenated Polyisobutene,no-take,165,False
F0426,9,hdi-trimethylol-hexyllactone-crosspolymer,Hdi/​Trimethylol Hexyllactone Crosspolymer,no-take,8,True
F0426,10,microcrystalline-wax,Microcrystalline Wax\Cera Microcristallina\Cire Microcristalline,no-take,140,False
F0426,11,simmondsia-chinensis-seed-oil,Simmondsia Chinensis (Jojoba) Seed Oil,goodie,134,False
F0426,12,synthetic-beeswax,Synthetic Beeswax,no-take,25,True
F0426,13,argania-spinosa-kernel-oil,Argania Spinosa Kernel Oil,goodie,36,False
F0426,15,camellia-oleifera-seed-oil,Camellia Oleifera Seed Oil,goodie,18,True
F0427,1,hydrogenated-polyisobutene,Hydrogenated Polyisobutene,no-take,165,False
F0427,2,simmondsia-chinensis-seed-oil,Simmondsia Chinensis (Jojoba) Seed Oil,goodie,134,False
F0427,3,tocopheryl-acetate,Tocopheryl Acetate,no-take,357,False
F0427,4,phenoxyethanol,Phenoxyethanol,no-take,286,False
F0428,1,octyldodecanol,Octyldodecanol,no-take,208,False
F0428,3,synthetic-wax,Synthetic Wax,no-take,176,False
F0428,4,pentaerythrityl-tetraisostearate,Pentaerythrityl Tetraisostearate,no-take,100,False
F0428,6,silica,Silica,no-take,267,False
F0428,7,microcrystalline-wax,Microcrystalline Wax\Cera Microcristallina\Cire Microcristalline,no-take,140,False
F0428,8,candelilla-cera,Euphorbia Cerifera (Candelilla) Wax\Candelilla Cera\Cire De Candelilla,no-take,38,False
F0428,9,butyrospermum-parkii-butter,Butyrospermum Parkii (Shea) Butter,goodie,149,False
F0428,10,cocos-nucifera-oil,Cocos Nucifera (Coconut) Oil,goodie,57,False
F0428,11,kaolin,Kaolin,goodie,40,False
F0428,12,bis-diglyceryl-polyacyladipate-2,Bis-Diglyceryl Polyacyladipate-2,no-take,169,False
F0428,13,copernicia-cerifera-wax,Copernicia Cerifera (Carnauba) Wax\ Copernicia Cerifera Cera \Cire De Carnauba,no-take,67,False
F0428,14,boron-nitride,Boron Nitride,no-take,5,True
F0428,15,theobroma-cacao-seed-butter,Theobroma Cacao (Cocoa) Seed Butter,goodie,18,True
F0429,1,isododecane,Isododecane,no-take,59,False
F0429,3,ppg-51-smdi-copolymer,PPG-51/​Smdi Copolymer,sin_calificacion,5,True
F0429,4,disteardimonium-hectorite,Disteardimonium Hectorite,no-take,82,False
F0429,5,dimethicone,Dimethicone,no-take,103,False
F0429,6,polymethyl-methacrylate,Polymethyl Methacrylate,no-take,7,True
F0429,7,kaolin,Kaolin,goodie,40,False
F0429,8,boron-nitride,Boron Nitride,no-take,5,True
F0429,9,silica,Silica,no-take,267,False
F0429,10,passiflora-edulis-seed-oil,Passiflora Edulis Seed Oil,goodie,15,True
F0429,11,propylene-carbonate,Propylene Carbonate,no-take,95,False
F0429,12,hdi-trimethylol-hexyllactone-crosspolymer,Hdi/​Trimethylol Hexyllactone Crosspolymer,no-take,8,True
F0429,13,petrolatum,Petrolatum,goodie,33,False
F0429,14,polybutene,Polybutene,no-take,212,False
F0429,15,cocos-nucifera-oil,Cocos Nucifera (Coconut) Oil,goodie,57,False
F0430,1,petrolatum,Petrolatum,goodie,33,False
F0430,2,ricinus-communis-seed-oil,Ricinus Communis (Castor) Seed Oil,no-take,145,False
F0430,3,octyldodecanol,Octyldodecanol,no-take,208,False
F0430,4,microcrystalline-wax,Microcrystalline Wax\Cera Microcristallina\Cire Microcristalline,no-take,140,False
F0430,5,cera-alba,Beeswax\Cera Alba\Cire D'Abeille,no-take,41,False
F0430,6,octyldodecyl-stearoyl-stearate,Octyldodecyl Stearoyl Stearate,no-take,20,True
F0430,7,bis-diglyceryl-polyacyladipate-2,Bis-Diglyceryl Polyacyladipate-2,no-take,169,False
F0430,8,phenyl-trimethicone,Phenyl Trimethicone,no-take,23,True
F0430,9,tocopheryl-acetate,Tocopheryl Acetate,no-take,357,False
F0430,10,cholesterol,Cholesterol,goodie,13,True
F0430,11,polybutene,Polybutene,no-take,212,False
F0430,13,linoleic-acid,Linoleic Acid,goodie,9,True
F0430,15,palmitic-acid,Palmitic Acid,no-take,14,True
F0431,1,diisostearyl-malate,Diisostearyl Malate,no-take,228,False
F0431,2,polybutene,Polybutene,no-take,212,False
F0431,3,polyglyceryl-2-triisostearate,Polyglyceryl-2 Triisostearate,no-take,101,False
F0431,4,bis-diglyceryl-polyacyladipate-2,Bis-Diglyceryl Polyacyladipate-2,no-take,169,False
F0431,5,caprylic-capric-triglyceride,Caprylic/​Capric Triglyceride,no-take,215,False
F0431,6,microcrystalline-wax,Microcrystalline Wax\Cera Microcristallina\Cire Microcristalline,no-take,140,False
F0431,7,synthetic-wax,Synthetic Wax,no-take,176,False
F0431,8,sodium-hyaluronate,Sodium Hyaluronate,goodie,132,False
F0431,9,butyrospermum-parkii-butter,Butyrospermum Parkii (Shea) Butter,goodie,149,False
F0431,10,persea-gratissima-oil,Persea Gratissima (Avocado) Oil,goodie,45,False
F0431,11,glycine-soja-oil,Glycine Soja (Soybean) Oil,goodie,41,False
F0431,12,capsicum-frutescens-fruit-extract,Capsicum Frutescens Fruit Extract,icky,24,True
F0431,13,zingiber-officinale-root-oil,Zingiber Officinale (Ginger) Root Oil,no-take,13,True
F0431,14,menthoxypropanediol,Menthoxypropanediol,sin_calificacion,16,True
F0431,15,stearalkonium-hectorite,Stearalkonium Hectorite,no-take,26,True
F0432,1,polyglyceryl-2-triisostearate,Polyglyceryl-2 Triisostearate,no-take,101,False
F0432,2,bis-behenyl-isostearyl-phytosteryl-dimer-dilinoleyl-dimer-dilinoleate,Bis-Behenyl/​Isostearyl/​Phytosteryl Dimer Dilinoleyl Dimer Dilinoleate,no-take,42,False
F0432,3,squalane,Squalane,goodie,82,False
F0432,4,butyrospermum-parkii-butter,Butyrospermum Parkii Butter/​Shea Butter,goodie,149,False
F0432,5,cellulose,Cellulose,no-take,5,True
F0432,6,dimer-dilinoleyl-dimer-dilinoleate,Dimer Dilinoleyl Dimer Dilinoleate,no-take,22,True
F0432,8,helianthus-annuus-seed-wax,Helianthus Annuus Seed Cera/​Sunflower Seed Wax,no-take,47,False
F0432,9,hydrogenated-castor-oil-dimer-dilinoleate,Hydrogenated Castor Oil Dimer Dilinoleate,sin_calificacion,8,True
F0432,11,hydrogenated-jojoba-oil,Hydrogenated Jojoba Oil,no-take,13,True
F0432,12,candelilla-cera,Candelilla Cera/​Candelilla Wax,no-take,38,False
F0432,13,parfum,Parfum/​Fragrance,icky,331,False
F0432,14,pentaerythrityl-tetra-di-t-butyl-hydroxyhydrocinnamate,Pentaerythrityl Tetra-Di-T-Butyl Hydroxyhydrocinnamate,no-take,222,False
F0432,15,ethylhexyl-palmitate,Ethylhexyl Palmitate,no-take,205,False
F0433,1,isododecane,Isododecane,no-take,59,False
F0433,2,polyethylene,Polyethylene,no-take,122,False
F0433,3,trimethylsiloxyphenyl-dimethicone,Trimethylsiloxyphenyl Dimethicone,sin_calificacion,12,True
F0433,4,isohexadecane,Isohexadecane,no-take,18,True
F0433,5,dimethicone,Dimethicone,no-take,103,False
F0433,7,polypropylsilsesquioxane,Polypropylsilsesquioxane,no-take,5,True
F0433,8,stearyl-heptanoate,Stearyl Heptanoate,no-take,7,True
F0433,9,hydrogenated-polyisobutene,Hydrogenated Polyisobutene,no-take,165,False
F0433,10,hydrogenated-styrene-methylstyrene-indene-copolymer,Hydrogenated Styrene/​Methylstyrene/​Indene Copolymer,no-take,12,True
F0433,11,alumina,Alumina,no-take,91,False
F0433,12,limonene,Limonene,icky,138,False
F0433,13,aluminum-hydroxide,Aluminum Hydroxide,no-take,112,False
F0433,15,silica,Silica,no-take,267,False
F0434,1,trimethylsiloxyphenyl-dimethicone,Trimethylsiloxyphenyl Dimethicone,sin_calificacion,12,True
F0434,2,octyldodecanol,Octyldodecanol,no-take,208,False
F0434,4,isododecane,Isododecane,no-take,59,False
F0434,5,squalane,Squalane,goodie,82,False
F0434,6,polybutene,Polybutene,no-take,212,False
F0434,7,silica-dimethyl-silylate,Silica Dimethyl Silylate,no-take,160,False
F0434,8,octyldodecyl-neopentanoate,Octyldodecyl Neopentanoate,no-take,18,True
F0434,9,alumina,Alumina,no-take,91,False
F0434,10,silica,Silica,no-take,267,False
F0434,11,caprylyl-glycol,Caprylyl Glycol,no-take,167,False
F0434,13,tocopheryl-acetate,Tocopheryl Acetate,no-take,357,False
F0434,14,pentaerythrityl-tetraisostearate,Pentaerythrityl Tetraisostearate,no-take,100,False
F0434,15,aluminum-hydroxide,Aluminum Hydroxide,no-take,112,False
F0435,1,isododecane,Isododecane,no-take,59,False
F0435,2,trimethylsiloxysilicate,Trimethylsiloxysilicate,no-take,48,False
F0435,3,nylon-611-dimethicone-copolymer,Nylon-611/​Dimethicone Copolymer,no-take,6,True
F0435,4,disteardimonium-hectorite,Disteardimonium Hectorite,no-take,82,False
F0435,5,lauroyl-lysine,Lauroyl Lysine,no-take,16,True
F0435,6,propylene-carbonate,Propylene Carbonate,no-take,95,False
F0435,7,c30-45-alkyldimethylsilyl-polypropylsilsesquioxane,C30-45 Alkyldimethylsilyl Polypropylsilsesquioxane,sin_calificacion,10,True
F0435,8,alumina,Alumina,no-take,91,False
F0435,9,silica,Silica,no-take,267,False
F0435,10,prunus-armeniaca-kernel-oil,Prunus Armeniaca Kernel Oil /​ Apricot Kernel Oil,goodie,19,True
F0435,11,passiflora-edulis-seed-oil,Passiflora Edulis Seed Oil,goodie,15,True
F0435,12,benzyl-alcohol,Benzyl Alcohol,no-take,85,False
F0435,13,aluminum-hydroxide,Aluminum Hydroxide,no-take,112,False
F0435,14,sodium-hyaluronate,Sodium Hyaluronate,goodie,132,False
F0435,15,macadamia-ternifolia-seed-oil,Macadamia Ternifolia Seed Oil,goodie,14,True
F0436,1,c18-36-acid-triglyceride,C18-36 Acid Triglyceride,no-take,10,True
F0436,2,bis-diglyceryl-polyacyladipate-2,Bis-Diglyceryl Polyacyladipate-2,no-take,169,False
F0436,3,polybutene,Polybutene,no-take,212,False
F0436,4,pentaerythrityl-tetraisostearate,Pentaerythrityl Tetraisostearate,no-take,100,False
F0436,5,tridecyl-trimellitate,Tridecyl Trimellitate,no-take,126,False
F0436,6,diisostearyl-malate,Diisostearyl Malate,no-take,228,False
F0436,7,silica-dimethyl-silylate,Silica Dimethyl Silylate [Nano],no-take,160,False
F0436,8,ethylhexyl-palmitate,Ethylhexyl Palmitate,no-take,205,False
F0436,9,tribehenin,Tribehenin,no-take,82,False
F0436,10,pentylene-glycol,Pentylene Glycol,no-take,26,True
F0436,11,phenoxyethanol,Phenoxyethanol,no-take,286,False
F0436,12,sorbitan-isostearate,Sorbitan Isostearate,no-take,86,False
F0436,13,pentaerythrityl-tetra-di-t-butyl-hydroxyhydrocinnamate,Pentaerythrityl Tetra-Di-T-Butyl Hydroxyhydrocinnamate,no-take,222,False
F0436,14,capsicum-frutescens-fruit-extract,Capsicum Frutescens Fruit Extract,icky,24,True
F0436,15,ethylhexylglycerin,Ethylhexylglycerin,no-take,134,False
F0437,1,dimethicone,Dimethicone,no-take,103,False
F0437,2,synthetic-wax,Synthetic Wax,no-take,176,False
F0437,3,trimethylsiloxysilicate,Trimethylsiloxysilicate,no-take,48,False
F0437,5,polyethylene,Polyethylene,no-take,122,False
F0437,6,dicalcium-phosphate,Dicalcium Phosphate,no-take,50,False
F0437,8,alumina,Alumina,no-take,91,False
F0437,9,polyhydroxystearic-acid,Polyhydroxystearic Acid,no-take,36,False
F0437,10,ascorbyl-palmitate,Ascorbyl Palmitate,icky,67,False
F0437,11,bht,BHT,no-take,68,False
F0437,13,citric-acid,Citric Acid,no-take,85,False
F0437,14,disteardimonium-hectorite,Disteardimonium Hectorite,no-take,82,False
F0437,15,lecithin,Lecithin,goodie,47,False
F0438,1,pentaerythrityl-tetraisostearate,Pentaerythrityl Tetraisostearate,no-take,100,False
F0438,2,squalane,Squalane,goodie,82,False
F0438,3,bis-diglyceryl-polyacyladipate-2,Bis-Diglyceryl Polyacyladipate-2,no-take,169,False
F0438,4,dimer-dilinoleyl-dimer-dilinoleate,Dimer Dilinoleyl Dimer Dilinoleate,no-take,22,True
F0438,5,tridecyl-trimellitate,Tridecyl Trimellitate,no-take,126,False
F0438,6,diisostearyl-malate,Diisostearyl Malate,no-take,228,False
F0438,7,silica-dimethyl-silylate,Silica Dimethyl Silylate,no-take,160,False
F0438,8,phenoxyethanol,Phenoxyethanol,no-take,286,False
F0438,9,ethylhexylglycerin,Ethylhexylglycerin,no-take,134,False
F0438,10,pentaerythrityl-tetra-di-t-butyl-hydroxyhydrocinnamate,Pentaerythrityl Tetra-Di-T-Butyl Hydroxyhydrocinnamate,no-take,222,False
F0438,11,tocopheryl-acetate,Tocopheryl Acetate,no-take,357,False
F0438,12,passiflora-edulis-seed-oil,Passiflora Edulis Seed Oil,goodie,15,True
F0438,13,ethylhexyl-palmitate,Ethylhexyl Palmitate,no-take,205,False
F0438,14,tocopherol,Tocopherol,goodie,289,False
F0438,15,trihydroxystearin,Trihydroxystearin,no-take,32,True
F0439,1,polybutene,Polybutene,no-take,212,False
F0439,2,octyldodecanol,Octyldodecanol,no-take,208,False
F0439,3,isopropyl-myristate,Isopropyl Myristate,no-take,19,True
F0439,4,ethylhexyl-methoxycinnamate,Ethylhexyl Methoxycinnamate,no-take,10,True
F0439,5,ozokerite,Ozokerite,no-take,42,False
F0439,6,petrolatum,Petrolatum,goodie,33,False
F0439,7,diisostearyl-malate,Diisostearyl Malate,no-take,228,False
F0439,8,trimethylolpropane-triisostearate,Trimethylolpropane Triisostearate,no-take,34,False
F0439,9,polyethylene,Polyethylene,no-take,122,False
F0439,10,ceresin,Ceresin,no-take,12,True
F0439,11,ethylhexyl-salicylate,Ethylhexyl Salicylate,no-take,7,True
F0439,12,silica-dimethyl-silylate,Silica Dimethyl Silylate,no-take,160,False
F0439,13,candelilla-cera,Candelilla Cera/​Candelilla Wax,no-take,38,False
F0439,14,tocopheryl-acetate,Tocopheryl Acetate,no-take,357,False
F0439,15,jojoba-esters,Jojoba Esters,no-take,18,True
F0440,1,dimethicone,Dimethicone,no-take,103,False
F0440,2,bis-diglyceryl-polyacyladipate-2,Bis-Diglyceryl Polyacyladipate-2,no-take,169,False
F0440,3,isohexadecane,Isohexadecane,no-take,18,True
F0440,4,hydrogenated-polyisobutene,Hydrogenated Polyisobutene,no-take,165,False
F0440,5,phenyl-trimethicone,Phenyl Trimethicone,no-take,23,True
F0440,6,tridecyl-trimellitate,Tridecyl Trimellitate,no-take,126,False
F0440,7,hydrogenated-jojoba-oil,Hydrogenated Jojoba Oil,no-take,13,True
F0440,8,dimethicone-crosspolymer,Dimethicone Crosspolymer,no-take,30,True
F0440,9,kaolin,Kaolin,goodie,40,False
F0440,10,cellulose,Cellulose,no-take,5,True
F0440,11,isostearyl-isostearate,Isostearyl Isostearate,no-take,16,True
F0440,12,paraffin,Paraffin,no-take,37,False
F0440,13,cera-microcrystalline,Cera Microcristallina/​Microcrystalline Wax /​ Cire Microcristalline,sin_calificacion,11,True
F0440,14,polyethylene,Polyethylene,no-take,122,False
F0440,15,synthetic-wax,Synthetic Wax,no-take,176,False
F0441,1,lanolin-oil,Lanolin Oil,no-take,6,True
F0441,2,oleyl-erucate,Oleyl Erucate,no-take,5,True
F0441,3,hydrogenated-castor-oil-dimer-dilinoleate,Hydrogenated Castor Oil Dimer Dilinoleate,sin_calificacion,8,True
F0441,4,acetylated-lanolin,Acetylated Lanolin,no-take,5,True
F0441,5,sesamum-indicum-seed-oil,Sesamum Indicum Oil,goodie,5,True
F0441,6,petrolatum,Petrolatum,goodie,33,False
F0441,7,microcrystalline-wax,Microcrystalline Wax,no-take,140,False
F0441,8,cera-alba,Cera Alba,no-take,41,False
F0441,9,paraffin,Paraffin,no-take,37,False
F0441,10,synthetic-wax,Synthetic Wax,no-take,176,False
F0441,11,disteardimonium-hectorite,Disteardimonium Hectorite,no-take,82,False
F0441,12,alumina,Alumina,no-take,91,False
F0441,13,tocopheryl-acetate,Tocopheryl Acetate,no-take,357,False
F0441,14,vinyl-dimethicone-methicone-silsesquioxane-crosspolymer,Vinyl Dimethicone/​Methicone Silsesquioxane Crosspolymer,no-take,10,True
F0441,15,pentaerythrityl-tetraisostearate,Pentaerythrityl Tetraisostearate,no-take,100,False
F0442,1,isododecane,Isododecane,no-take,59,False
F0442,2,polybutene,Polybutene,no-take,212,False
F0442,3,disteardimonium-hectorite,Disteardimonium Hectorite,no-take,82,False
F0442,4,trimethylsiloxysilicate,Trimethylsiloxysilicate,no-take,48,False
F0442,5,silica-dimethyl-silylate,Silica Dimethyl Silylate,no-take,160,False
F0442,6,ethylhexyl-palmitate,Ethylhexyl Palmitate,no-take,205,False
F0442,7,propylene-carbonate,Propylene Carbonate,no-take,95,False
F0442,8,alumina,Alumina,no-take,91,False
F0442,9,caprylyl-glycol,Caprylyl Glycol,no-take,167,False
F0442,10,parfum,Parfum/​Fragrance,icky,331,False
F0442,11,pentaerythrityl-tetra-di-t-butyl-hydroxyhydrocinnamate,Pentaerythrityl Tetra-Di-T-Butyl Hydroxyhydrocinnamate,no-take,222,False
F0442,12,tocopheryl-acetate,Tocopheryl Acetate,no-take,357,False
F0442,13,benzyl-alcohol,Benzyl Alcohol,no-take,85,False
F0443,1,isododecane,Isododecane,no-take,59,False
F0443,2,synthetic-wax,Synthetic Wax,no-take,176,False
F0443,3,polybutene,Polybutene,no-take,212,False
F0443,4,trimethylsiloxysilicate,Trimethylsiloxysilicate,no-take,48,False
F0443,5,sucrose-tetrastearate-triacetate,Sucrose Tetrastearate Triacetate,no-take,22,True
F0443,6,isoamyl-laurate,Isoamyl Laurate,no-take,8,True
F0443,7,silica,Silica,no-take,267,False
F0443,8,hydrogenated-jojoba-oil,Hydrogenated Jojoba Oil,no-take,13,True
F0443,9,cetearyl-behenate,Cetearyl Behenate,sin_calificacion,6,True
F0443,10,pentaerythrityl-tetra-di-t-butyl-hydroxyhydrocinnamate,Pentaerythrityl Tetra-Di-T-Butyl Hydroxyhydrocinnamate,no-take,222,False
F0443,11,ethylhexyl-palmitate,Ethylhexyl Palmitate,no-take,205,False
F0443,12,kaolin,Kaolin,goodie,40,False
F0443,13,trihydroxystearin,Trihydroxystearin,no-take,32,True
F0443,14,sodium-hyaluronate,Sodium Hyaluronate,goodie,132,False
F0443,15,rosin,Colophonium/​Rosin/​Colophane,no-take,17,True
F0444,1,dimethicone,Dimethicone,no-take,103,False
F0444,2,dimethicone-vinyl-dimethicone-crosspolymer,Dimethicone/​Vinyl Dimethicone Crosspolymer,no-take,25,True
F0444,3,peg-10-dimethicone,PEG-10 Dimethicone,no-take,5,True
F0444,4,tribehenin,Tribehenin,no-take,82,False
F0444,5,pentaerythrityl-tetraethylhexanoate,Pentaerythrityl Tetraethylhexanoate,no-take,10,True
F0444,6,kaolin,Kaolin,goodie,40,False
F0444,7,silica,Silica,no-take,267,False
F0444,8,synthetic-wax,Synthetic Wax,no-take,176,False
F0444,9,triethoxycaprylylsilane,Triethoxycaprylylsilane,no-take,28,True
F0445,1,polybutene,Polybutene,no-take,212,False
F0445,2,octyldodecanol,Octyldodecanol,no-take,208,False
F0445,3,isopropyl-myristate,Isopropyl Myristate,no-take,19,True
F0445,4,petrolatum,Petrolatum,goodie,33,False
F0445,5,polyethylene,Polyethylene,no-take,122,False
F0445,6,ozokerite,Ozokerite,no-take,42,False
F0445,7,butyrospermum-parkii-butter,Butyrospermum Parkii (Shea) Butter,goodie,149,False
F0445,8,diisostearyl-malate,Diisostearyl Malate,no-take,228,False
F0445,9,euphorbia-cerifera-cera,Euphorbia Cerifera (Candelilla) Wax,no-take,73,False
F0445,10,vp-hexadecene-copolymer,VP/​Hexadecene Copolymer,no-take,45,False
F0445,11,silica-dimethyl-silylate,Silica Dimethyl Silylate,no-take,160,False
F0445,12,parfum,Fragrance,icky,331,False
F0445,13,pentaerythrityl-tetra-di-t-butyl-hydroxyhydrocinnamate,Pentaerythrityl Tetra-Di-T-Butyl Hydroxyhydrocinnamate,no-take,222,False
F0445,14,tocopherol,Tocopherol,goodie,289,False
F0445,15,tocopheryl-acetate,Tocopheryl Acetate,no-take,357,False
F0446,1,polybutene,Polybutene,no-take,212,False
F0446,2,octyldodecanol,Octyldodecanol,no-take,208,False
F0446,3,petrolatum,Petrolatum,goodie,33,False
F0446,4,isopropyl-myristate,Isopropyl Myristate,no-take,19,True
F0446,5,polyethylene,Polyethylene,no-take,122,False
F0446,6,ozokerite,Ozokerite,no-take,42,False
F0446,7,diisostearyl-malate,Diisostearyl Malate,no-take,228,False
F0446,8,butyrospermum-parkii-butter,Butyrospermum Parkii (Shea) Butter,goodie,149,False
F0446,9,euphorbia-cerifera-cera,Euphorbia Cerifera (Candelilla) Wax,no-take,73,False
F0446,10,vp-hexadecene-copolymer,VP/​Hexadecene Copolymer,no-take,45,False
F0446,12,pentaerythrityl-tetra-di-t-butyl-hydroxyhydrocinnamate,Pentaerythrityl Tetra-Di-T-Butyl Hydroxyhydrocinnamate,no-take,222,False
F0446,13,tocopherol,Tocopherol,goodie,289,False
F0446,14,tocopheryl-acetate,Tocopheryl Acetate,no-take,357,False
F0446,15,alumina,Alumina,no-take,91,False
F0447,1,isododecane,Isododecane,no-take,59,False
F0447,2,polyethylene,Polyethylene,no-take,122,False
F0447,3,trimethylsiloxyphenyl-dimethicone,Trimethylsiloxyphenyl Dimethicone,sin_calificacion,12,True
F0447,4,isohexadecane,Isohexadecane,no-take,18,True
F0447,5,dimethicone,Dimethicone,no-take,103,False
F0447,7,polypropylsilsesquioxane,Polypropylsilsesquioxane,no-take,5,True
F0447,8,stearyl-heptanoate,Stearyl Heptanoate,no-take,7,True
F0447,9,hydrogenated-polyisobutene,Hydrogenated Polyisobutene,no-take,165,False
F0447,10,hydrogenated-styrene-methylstyrene-indene-copolymer,Hydrogenated Styrene/​Methylstyrene/​Indene Copolymer,no-take,12,True
F0447,11,alumina,Alumina,no-take,91,False
F0447,12,limonene,Limonene,icky,138,False
F0447,13,aluminum-hydroxide,Aluminum Hydroxide,no-take,112,False
F0447,15,silica,Silica,no-take,267,False
F0448,1,dimethicone,Dimethicone,no-take,103,False
F0448,2,trimethylsiloxysilicate,Trimethylsiloxysilicate,no-take,48,False
F0448,3,nylon-611-dimethicone-copolymer,Nylon-611/​Dimethicone Copolymer,no-take,6,True
F0448,4,isododecane,Isododecane,no-take,59,False
F0448,5,dimethicone-crosspolymer,Dimethicone Crosspolymer,no-take,30,True
F0448,6,c30-45-alkyldimethylsilyl-polypropylsilsesquioxane,C30-45 Alkyldimethylsilyl Polypropylsilsesquioxane,sin_calificacion,10,True
F0448,7,lauroyl-lysine,Lauroyl Lysine,no-take,16,True
F0448,8,silica-silylate,Silica Silylate,no-take,26,True
F0448,9,phenoxyethanol,Phenoxyethanol,no-take,286,False
F0448,10,sorbic-acid,Sorbic Acid,no-take,30,True
F0448,11,ethylhexylglycerin,Ethylhexylglycerin,no-take,134,False
F0448,12,disodium-stearoyl-glutamate,Disodium Stearoyl Glutamate,no-take,7,True
F0448,13,aluminum-hydroxide,Aluminum Hydroxide,no-take,112,False
F0448,14,linalool,Linalool,icky,91,False
F0448,15,silica,Silica,no-take,267,False
F0449,1,dimethicone,Dimethicone,no-take,103,False
F0449,2,trimethylsiloxysilicate,Trimethylsiloxysilicate,no-take,48,False
F0449,3,isododecane,Isododecane,no-take,59,False
F0449,5,dimethicone-crosspolymer,Dimethicone Crosspolymer,no-take,30,True
F0449,6,c30-45-alkyldimethylsilyl-polypropylsilsesquioxane,C30-45 Alkyldimethylsilyl Polypropylsilsesquioxane,sin_calificacion,10,True
F0449,7,lauroyl-lysine,Lauroyl Lysine,no-take,16,True
F0449,8,alumina,Alumina,no-take,91,False
F0449,9,silica-silylate,Silica Silylate,no-take,26,True
F0449,10,disodium-stearoyl-glutamate,Disodium Stearoyl Glutamate,no-take,7,True
F0449,11,phenoxyethanol,Phenoxyethanol,no-take,286,False
F0449,12,caprylyl-glycol,Caprylyl Glycol,no-take,167,False
F0449,13,limonene,Limonene,icky,138,False
F0449,14,aluminum-hydroxide,Aluminum Hydroxide,no-take,112,False
F0449,15,paraffin,Paraffin,no-take,37,False
F0450,1,polybutene,Polybutene,no-take,212,False
F0450,2,octyldodecanol,Octyldodecanol,no-take,208,False
F0450,3,petrolatum,Petrolatum,goodie,33,False
F0450,4,isopropyl-myristate,Isopropyl Myristate,no-take,19,True
F0450,5,polyethylene,Polyethylene,no-take,122,False
F0450,6,ozokerite,Ozokerite,no-take,42,False
F0450,7,diisostearyl-malate,Diisostearyl Malate,no-take,228,False
F0450,8,butyrospermum-parkii-butter,Butyrospermum Parkii Butter/​Shea Butter,goodie,149,False
F0450,9,candelilla-cera,Candelilla Cera/​Candelilla Wax,no-take,38,False
F0450,10,vp-hexadecene-copolymer,VP/​Hexadecene Copolymer,no-take,45,False
F0450,11,parfum,Parfum/​Fragrance,icky,331,False
F0450,12,alumina,Alumina,no-take,91,False
F0450,13,aroma,Aroma/​Flavor,sin_calificacion,150,False
F0450,14,limonene,Limonene,icky,138,False
F0450,15,pentaerythrityl-tetra-di-t-butyl-hydroxyhydrocinnamate,Pentaerythrityl Tetra-Di-T-Butyl Hydroxyhydrocinnamate,no-take,222,False
F0451,1,isododecane,Isododecane,no-take,59,False
F0451,2,dimethicone,Dimethicone,no-take,103,False
F0451,3,trimethylsiloxysilicate,Trimethylsiloxysilicate,no-take,48,False
F0451,5,polypropylsilsesquioxane,Polypropylsilsesquioxane,no-take,5,True
F0451,6,c30-45-alkyldimethylsilyl-polypropylsilsesquioxane,C30-45 Alkyldimethylsilyl Polypropylsilsesquioxane,sin_calificacion,10,True
F0451,7,trimethylsiloxyphenyl-dimethicone,Trimethylsiloxyphenyl Dimethicone,sin_calificacion,12,True
F0451,8,trimethyl-pentaphenyl-trisiloxane,Trimethyl Pentaphenyl Trisiloxane,no-take,8,True
F0451,11,trihydroxystearin,Trihydroxystearin,no-take,32,True
F0451,12,phenoxyethanol,Phenoxyethanol,no-take,286,False
F0451,13,alumina,Alumina,no-take,91,False
F0451,14,ethylhexylglycerin,Ethylhexylglycerin,no-take,134,False
F0451,15,tocopheryl-acetate,Tocopheryl Acetate,no-take,357,False
F0452,1,c18-36-acid-triglyceride,C18-36 Acid Triglyceride,no-take,10,True
F0452,2,bis-diglyceryl-polyacyladipate-2,Bis-Diglyceryl Polyacyladipate-2,no-take,169,False
F0452,3,pentaerythrityl-tetraisostearate,Pentaerythrityl Tetraisostearate,no-take,100,False
F0452,4,polybutene,Polybutene,no-take,212,False
F0452,5,tridecyl-trimellitate,Tridecyl Trimellitate,no-take,126,False
F0452,6,diisostearyl-malate,Diisostearyl Malate,no-take,228,False
F0452,7,silica-dimethyl-silylate,Silica Dimethyl Silylate,no-take,160,False
F0452,8,phenoxyethanol,Phenoxyethanol,no-take,286,False
F0452,9,ethylhexyl-palmitate,Ethylhexyl Palmitate,no-take,205,False
F0452,10,pentaerythrityl-tetra-di-t-butyl-hydroxyhydrocinnamate,Pentaerythrityl Tetra-Di-T-Butyl Hydroxyhydrocinnamate,no-take,222,False
F0452,11,ethylhexylglycerin,Ethylhexylglycerin,no-take,134,False
F0452,12,tocopheryl-acetate,Tocopheryl Acetate,no-take,357,False
F0452,13,sodium-saccharin,Sodium Saccharin,sin_calificacion,22,True
F0452,14,sorbic-acid,Sorbic Acid,no-take,30,True
F0452,15,alumina,Alumina,no-take,91,False
F0453,1,dimethicone,Dimethicone,no-take,103,False
F0453,2,bis-diglyceryl-polyacyladipate-2,Bis-Diglyceryl Polyacyladipate-2,no-take,169,False
F0453,3,hydrogenated-polyisobutene,Hydrogenated Polyisobutene,no-take,165,False
F0453,4,phenyl-trimethicone,Phenyl Trimethicone,no-take,23,True
F0453,5,tridecyl-trimellitate,Tridecyl Trimellitate,no-take,126,False
F0453,6,hydrogenated-jojoba-oil,Hydrogenated Jojoba Oil,no-take,13,True
F0453,7,dimethicone-crosspolymer,Dimethicone Crosspolymer,no-take,30,True
F0453,8,vinyl-dimethicone-methicone-silsesquioxane-crosspolymer,Vinyl Dimethicone/​Methicone Silsesquioxane Crosspolymer,no-take,10,True
F0453,9,kaolin,Kaolin,goodie,40,False
F0453,10,isostearyl-isostearate,Isostearyl Isostearate,no-take,16,True
F0453,11,paraffin,Paraffin,no-take,37,False
F0453,12,isohexadecane,Isohexadecane,no-take,18,True
F0453,13,nylon-12,Nylon-12,no-take,9,True
F0453,14,microcrystalline-wax,Cera Microcristallina/​Microcrystalline Wax/​Cire Microcristalline,no-take,140,False
F0453,15,polyethylene,Polyethylene,no-take,122,False
F0454,1,octyldodecanol,Octyldodecanol,no-take,208,False
F0454,2,polyglyceryl-2-triisostearate,Polyglyceryl-2 Triisostearate,no-take,101,False
F0454,3,pentaerythrityl-tetraisostearate,Pentaerythrityl Tetraisostearate,no-take,100,False
F0454,5,bis-diglyceryl-polyacyladipate-2,Bis-Diglyceryl Polyacyladipate-2,no-take,169,False
F0454,6,polyethylene,Polyethylene,no-take,122,False
F0454,7,polybutene,Polybutene,no-take,212,False
F0454,8,hydrogenated-castor-oil-dimer-dilinoleate,Hydrogenated Castor Oil Dimer Dilinoleate,sin_calificacion,8,True
F0454,9,hydrogenated-coco-glycerides,Hydrogenated Coco-Glycerides,no-take,11,True
F0454,10,candelilla-cera,Candelilla Cera/​Candelilla Wax/​Cire De Candelilla,no-take,38,False
F0454,11,cera-microcrystalline,Cera Microcristallina /​ Microcrystalline Wax /​ Cire Microcristalline,sin_calificacion,11,True
F0454,12,ethylhexyl-palmitate,Ethylhexyl Palmitate,no-take,205,False
F0454,13,silica-silylate,Silica Silylate,no-take,26,True
F0454,14,disteardimonium-hectorite,Disteardimonium Hectorite,no-take,82,False
F0454,15,pentaerythrityl-tetra-di-t-butyl-hydroxyhydrocinnamate,Pentaerythrityl Tetra-Di-T-Butyl Hydroxyhydrocinnamate,no-take,222,False
F0455,1,polybutene,Polybutene,no-take,212,False
F0455,2,octyldodecanol,Octyldodecanol,no-take,208,False
F0455,3,isopropyl-myristate,Isopropyl Myristate,no-take,19,True
F0455,4,petrolatum,Petrolatum,goodie,33,False
F0455,5,ethylhexyl-methoxycinnamate,Ethylhexyl Methoxycinnamate,no-take,10,True
F0455,6,polyethylene,Polyethylene,no-take,122,False
F0455,7,ozokerite,Ozokerite,no-take,42,False
F0455,8,ethylhexyl-salicylate,Ethylhexyl Salicylate,no-take,7,True
F0455,9,butyrospermum-parkii-butter,Butyrospermum Parkii Butter/​Shea Butter,goodie,149,False
F0455,10,diisostearyl-malate,Diisostearyl Malate,no-take,228,False
F0455,11,candelilla-cera,Candelilla Cera/​Candelilla Wax/​Cire De Candelilla,no-take,38,False
F0455,12,vp-hexadecene-copolymer,VP/​Hexadecene Copolymer,no-take,45,False
F0455,13,silica-dimethyl-silylate,Silica Dimethyl Silylate,no-take,160,False
F0455,14,parfum,Parfum/​Fragrance,icky,331,False
F0455,15,pentaerythrityl-tetra-di-t-butyl-hydroxyhydrocinnamate,Pentaerythrityl Tetra-Di-T-Butyl Hydroxyhydrocinnamate,no-take,222,False
F0456,1,dimethicone,Dimethicone,no-take,103,False
F0456,2,trimethylsiloxysilicate,Trimethylsiloxysilicate,no-take,48,False
F0456,3,isododecane,Isododecane,no-take,59,False
F0456,4,nylon-611-dimethicone-copolymer,Nylon-611/​Dimethicone Copolymer,no-take,6,True
F0456,5,dimethicone-crosspolymer,Dimethicone Crosspolymer,no-take,30,True
F0456,6,c30-45-alkyldimethylsilyl-polypropylsilsesquioxane,C30-45 Alkyldimethylsilyl Polypropylsilsesquioxane,sin_calificacion,10,True
F0456,7,lauroyl-lysine,Lauroyl Lysine,no-take,16,True
F0456,8,phenoxyethanol,Phenoxyethanol,no-take,286,False
F0456,9,silica-silylate,Silica Silylate,no-take,26,True
F0456,10,ethylhexylglycerin,Ethylhexylglycerin,no-take,134,False
F0456,11,disodium-stearoyl-glutamate,Disodium Stearoyl Glutamate,no-take,7,True
F0456,12,aluminum-hydroxide,Aluminum Hydroxide,no-take,112,False
F0456,13,limonene,Limonene,icky,138,False
F0456,14,silica,Silica,no-take,267,False
F0456,15,benzyl-benzoate,Benzyl Benzoate,icky,73,False
F0457,1,dimethicone,Dimethicone,no-take,103,False
F0457,2,bis-diglyceryl-polyacyladipate-2,Bis-Diglyceryl Polyacyladipate-2,no-take,169,False
F0457,3,isohexadecane,Isohexadecane,no-take,18,True
F0457,4,hydrogenated-polyisobutene,Hydrogenated Polyisobutene,no-take,165,False
F0457,5,phenyl-trimethicone,Phenyl Trimethicone,no-take,23,True
F0457,6,tridecyl-trimellitate,Tridecyl Trimellitate,no-take,126,False
F0457,7,hydrogenated-jojoba-oil,Hydrogenated Jojoba Oil,no-take,13,True
F0457,8,dimethicone-crosspolymer,Dimethicone Crosspolymer,no-take,30,True
F0457,9,kaolin,Kaolin,goodie,40,False
F0457,10,cellulose,Cellulose,no-take,5,True
F0457,11,isostearyl-isostearate,Isostearyl Isostearate,no-take,16,True
F0457,12,paraffin,Paraffin,no-take,37,False
F0457,13,cera-microcrystalline,Cera Microcristallina /​ Microcrystalline Wax /​ Cire Microcristalline,sin_calificacion,11,True
F0457,14,polyethylene,Polyethylene,no-take,122,False
F0457,15,synthetic-wax,Synthetic Wax,no-take,176,False
F0458,1,water,Aqua/​Water/​Eau,no-take,106,False
F0458,3,pentylene-glycol,Pentylene Glycol,no-take,26,True
F0458,4,glycerin,Glycerin,superstar,102,False
F0458,6,hydroxyethyl-acrylate-sodium-acryloyldimethyl-taurate-copolymer,Hydroxyethyl Acrylate/​Sodium Acryloyldimethyl Taurate Copolymer,no-take,20,True
F0458,7,1-2-hexanediol,"1,2-Hexanediol",no-take,28,True
F0458,9,squalane,Squalane,goodie,82,False
F0458,10,polyisobutene,Polyisobutene,no-take,121,False
F0458,11,phenoxyethanol,Phenoxyethanol,no-take,286,False
F0458,13,parfum,Parfum/​Fragrance,icky,331,False
F0458,14,diisostearyl-malate,Diisostearyl Malate,no-take,228,False
F0458,15,hydroxyacetophenone,Hydroxyacetophenone,no-take,11,True
F0459,1,c18-36-acid-triglyceride,C18-36 Acid Triglyceride,no-take,10,True
F0459,2,bis-diglyceryl-polyacyladipate-2,Bis-Diglyceryl Polyacyladipate-2,no-take,169,False
F0459,3,pentaerythrityl-tetraisostearate,Pentaerythrityl Tetraisostearate,no-take,100,False
F0459,4,polybutene,Polybutene,no-take,212,False
F0459,5,tridecyl-trimellitate,Tridecyl Trimellitate,no-take,126,False
F0459,6,diisostearyl-malate,Diisostearyl Malate,no-take,228,False
F0459,7,silica-dimethyl-silylate,Silica Dimethyl Silylate,no-take,160,False
F0459,8,phenoxyethanol,Phenoxyethanol,no-take,286,False
F0459,9,ethylhexyl-palmitate,Ethylhexyl Palmitate,no-take,205,False
F0459,10,pentaerythrityl-tetra-di-t-butyl-hydroxyhydrocinnamate,Pentaerythrityl Tetra-Di-T-Butyl Hydroxyhydrocinnamate,no-take,222,False
F0459,11,ethylhexylglycerin,Ethylhexylglycerin,no-take,134,False
F0459,12,sorbic-acid,Sorbic Acid,no-take,30,True
F0459,13,tocopheryl-acetate,Tocopheryl Acetate,no-take,357,False
F0459,14,sodium-saccharin,Sodium Saccharin,sin_calificacion,22,True
F0459,15,alumina,Alumina,no-take,91,False
F0460,1,polybutene,Polybutene,no-take,212,False
F0460,2,octyldodecanol,Octyldodecanol,no-take,208,False
F0460,3,ozokerite,Ozokerite,no-take,42,False
F0460,4,isopropyl-myristate,Isopropyl Myristate,no-take,19,True
F0460,5,petrolatum,Petrolatum,goodie,33,False
F0460,6,ethylhexyl-methoxycinnamate,Ethylhexyl Methoxycinnamate,no-take,10,True
F0460,7,butyrospermum-parkii-butter,Butyrospermum Parkii Butter/​Shea Butter,goodie,149,False
F0460,8,ethylhexyl-salicylate,Ethylhexyl Salicylate,no-take,7,True
F0460,9,diisostearyl-malate,Diisostearyl Malate,no-take,228,False
F0460,10,vp-hexadecene-copolymer,Vp/​Hexadecene Copolymer,no-take,45,False
F0460,11,candelilla-cera,Candelilla Cera/​Candelilla Wax,no-take,38,False
F0460,12,silica-dimethyl-silylate,Silica Dimethyl Silylate,no-take,160,False
F0460,13,polyethylene,Polyethylene,no-take,122,False
F0460,14,pentaerythrityl-tetra-di-t-butyl-hydroxyhydrocinnamate,Pentaerythrityl Tetra-Di-T-Butyl Hydroxyhydrocinnamate,no-take,222,False
F0460,15,parfum,Parfum/​Fragrance,icky,331,False
F0461,1,isododecane,Isododecane,no-take,59,False
F0461,2,dimethicone,Dimethicone,no-take,103,False
F0461,3,trimethylsiloxysilicate,Trimethylsiloxysilicate,no-take,48,False
F0461,5,polypropylsilsesquioxane,Polypropylsilsesquioxane,no-take,5,True
F0461,6,c30-45-alkyldimethylsilyl-polypropylsilsesquioxane,C30-45 Alkyldimethylsilyl Polypropylsilsesquioxane,sin_calificacion,10,True
F0461,7,trimethylsiloxyphenyl-dimethicone,Trimethylsiloxyphenyl Dimethicone,sin_calificacion,12,True
F0461,8,trimethyl-pentaphenyl-trisiloxane,Trimethyl Pentaphenyl Trisiloxane,no-take,8,True
F0461,11,trihydroxystearin,Trihydroxystearin,no-take,32,True
F0461,12,alumina,Alumina,no-take,91,False
F0461,13,phenoxyethanol,Phenoxyethanol,no-take,286,False
F0461,14,ethylhexylglycerin,Ethylhexylglycerin,no-take,134,False
F0461,15,tocopheryl-acetate,Tocopheryl Acetate,no-take,357,False
F0462,1,dimethicone,Dimethicone,no-take,103,False
F0462,2,bis-diglyceryl-polyacyladipate-2,Bis-Diglyceryl Polyacyladipate-2,no-take,169,False
F0462,3,diisostearyl-malate,Diisostearyl Malate,no-take,228,False
F0462,4,dimethicone-crosspolymer,Dimethicone Crosspolymer,no-take,30,True
F0462,5,hydrogenated-polyisobutene,Hydrogenated Polyisobutene,no-take,165,False
F0462,6,phenyl-trimethicone,Phenyl Trimethicone,no-take,23,True
F0462,7,kaolin,Kaolin,goodie,40,False
F0462,8,hdi-trimethylol-hexyllactone-crosspolymer,Hdi/​Trimethylol Hexyllactone Crosspolymer,no-take,8,True
F0462,9,isostearyl-isostearate,Isostearyl Isostearate,no-take,16,True
F0462,10,polyethylene,Polyethylene,no-take,122,False
F0462,11,vinyl-dimethicone-methicone-silsesquioxane-crosspolymer,Vinyl Dimethicone/​Methicone Silsesquioxane Crosspolymer,no-take,10,True
F0462,12,nylon-12,Nylon-12,no-take,9,True
F0462,13,pentylene-glycol,Pentylene Glycol,no-take,26,True
F0462,14,caprylyl-glycol,Caprylyl Glycol,no-take,167,False
F0462,15,ethylhexylglycerin,Ethylhexylglycerin,no-take,134,False
F0463,1,isostearyl-isostearate,Isostearyl Isostearate,no-take,16,True
F0463,2,polybutene,Polybutene,no-take,212,False
F0463,3,hydrogenated-polyisobutene,Hydrogenated Polyisobutene,no-take,165,False
F0463,4,octyldodecanol,Octyldodecanol,no-take,208,False
F0463,5,caprylic-capric-triglyceride,Caprylic/​Capric Triglyceride,no-take,215,False
F0463,6,hydrogenated-styrene-methylstyrene-indene-copolymer,Hydrogenated Styrene/​Methylstyrene/​Indene Copolymer,no-take,12,True
F0463,7,hydrogenated-styrene-isoprene-copolymer,Hydrogenated Styrene/​Isoprene Copolymer,no-take,44,False
F0463,8,menthone-glycerin-acetal,Menthone Glycerin Acetal,no-take,15,True
F0463,10,stearalkonium-bentonite,Stearalkonium Bentonite,no-take,8,True
F0463,11,propylene-carbonate,Propylene Carbonate,no-take,95,False
F0463,12,silica,Silica,no-take,267,False
F0463,13,ethylhexyl-palmitate,Ethylhexyl Palmitate,no-take,205,False
F0463,14,tribehenin,Tribehenin,no-take,82,False
F0463,15,sorbitan-isostearate,Sorbitan Isostearate,no-take,86,False
F0464,1,ricinus-communis-seed-oil,Ricinus Communis (Castor) Seed Oil,no-take,145,False
F0464,2,tridecyl-trimellitate,Tridecyl Trimellitate,no-take,126,False
F0464,3,euphorbia-cerifera-cera,Euphorbia Cerifera Cera (Candelilla) Wax,no-take,73,False
F0464,4,ethylhexyl-palmitate,Ethylhexyl Palmitate,no-take,205,False
F0464,5,microcrystalline-wax,Microcrystalline Wax (Cera Microcristallina),no-take,140,False
F0464,6,cera-alba,Cera Alba (Beeswax),no-take,41,False
F0464,7,ozokerite,Ozokerite,no-take,42,False
F0464,8,copernicia-cerifera-wax,Copernicia Cerifera Cera (Carnauba) Wax,no-take,67,False
F0464,9,benzyl-benzoate,Benzyl Benzoate,icky,73,False
F0464,10,parfum,Fragrance (Parfum),icky,331,False
F0464,11,vanillin,Vanillin,sin_calificacion,52,False
F0464,12,ascorbyl-palmitate,Ascorbyl Palmitate,icky,67,False
F0464,13,tocopherol,Tocopherol,goodie,289,False
F0464,14,glycine-soja-oil,Glycine Soja (Soybean) Oil,goodie,41,False
F0464,15,retinyl-palmitate,Retinyl Palmitate,no-take,11,True
F0465,1,hydrogenated-polyisobutene,Hydrogenated Polyisobutene‬,no-take,165,False
F0465,2,helianthus-annuus-hybrid-oil,‭Helianthus Annuus Hybrid Oil,no-take,8,True
F0465,3,polybutene,Polybutene‬,no-take,212,False
F0465,4,ethylene-propylene-styrene-copolymer,‭Ethylene/​Propylene/​Styrene Copolymer‬,no-take,70,False
F0465,6,caprylic-capric-triglyceride,‭Caprylic/​Capric Triglyceride‬,no-take,215,False
F0465,7,butylene-ethylene-styrene-copolymer,‭Butylene/​Ethylene/​Styrene Copolymer‬,no-take,68,False
F0465,8,bis-diglyceryl-polyacyladipate-2,‭Bis-Diglyceryl Polyacyladipate-2‬,no-take,169,False
F0465,9,sodium-saccharin,‭ Sodium Saccharin‬,sin_calificacion,22,True
F0465,10,diethylhexyl-syringylidenemalonate,‭Diethylhexyl Syringylidenemalonate‬,no-take,30,True
F0465,11,glycine-soja-oil,‭Glycine Soja (Soybean) Oil‬,goodie,41,False
F0465,12,tocopheryl-acetate,‭Tocopheryl Acetate‬,no-take,357,False
F0465,14,helianthus-annuus-seed-oil,‭Helianthus Annuus (Sunflower) Seed Oil‬,goodie,123,False
F0465,15,paeonia-officinalis-flower-extract,‭Paeonia Officinalis Flower Extract‬,sin_calificacion,11,True
F0466,1,hydrogenated-poly-c6-14-olefin,Hydrogenated Poly(C6-14 Olefin)‬,no-take,15,True
F0466,2,ethylene-propylene-styrene-copolymer,‭Ethylene/​Propylene/​Styrene Copolymer‬,no-take,70,False
F0466,3,pentaerythrityl-tetraisostearate,‭Pentaerythrityl Tetraisostearate‬,no-take,100,False
F0466,4,persea-gratissima-oil,‭Persea Gratissima (Avocado) Oil‬,goodie,45,False
F0466,5,menthone-glycerin-acetal,‭Menthone Glycerin Acetal‬,no-take,15,True
F0466,6,simmondsia-chinensis-seed-oil,‭Simmondsia Chinensis (Jojoba) Seed Oil‬,goodie,134,False
F0466,7,ethylhexyl-palmitate,‭Ethylhexyl Palmitate‬,no-take,205,False
F0466,8,palmitoyl-tripeptide-38,‭Palmitoyl Tripeptide-38‬,goodie,14,True
F0466,10,tocopheryl-acetate,‭Tocopheryl Acetate‬,no-take,357,False
F0466,11,capsicum-frutescens-resin,‭Capsicum Frutescens Resin‬,no-take,8,True
F0466,12,palmitoyl-tripeptide-1,‭Palmitoyl Tripeptide-1‬,goodie,50,False
F0466,13,sodium-hyaluronate,‭Sodium Hyaluronate‬,goodie,132,False
F0466,14,helianthus-annuus-seed-oil,‭Helianthus Annuus (Sunflower) Seed Oil,goodie,123,False
F0466,15,portulaca-pilosa-extract,‭Portulaca Pilosa Extract‬,sin_calificacion,12,True
F0467,1,hydrogenated-polyisobutene,Hydrogenated Polyisobutene,no-take,165,False
F0467,2,diisostearyl-malate,Diisostearyl Malate,no-take,228,False
F0467,3,polybutene,Polybutene,no-take,212,False
F0467,4,polyethylene,Polyethylene,no-take,122,False
F0467,5,bis-diglyceryl-polyacyladipate-2,Bis-Diglyceryl Polyacyladipate-2,no-take,169,False
F0467,6,pentaerythrityl-tetraisostearate,Pentaerythrityl Tetraisostearate,no-take,100,False
F0467,7,phenyl-trimethicone,Phenyl Trimethicone,no-take,23,True
F0467,8,c12-15-alkyl-benzoate,C12-15 Alkyl Benzoate,no-take,29,True
F0467,9,cocos-nucifera-oil,Cocos Nucifera (Coconut) Oil,goodie,57,False
F0467,10,ozokerite,Ozokerite,no-take,42,False
F0467,11,microcrystalline-wax,Microcrystalline Wax,no-take,140,False
F0467,12,tocopheryl-acetate,Tocopheryl Acetate,no-take,357,False
F0467,13,phenoxyethanol,Phenoxyethanol,no-take,286,False
F0467,14,ricinus-communis-seed-oil,Ricinus Communis (Castor) Seed Oil,no-take,145,False
F0467,15,simmondsia-chinensis-seed-oil,Simmondsia Chinensis (Jojoba) Seed Oil,goodie,134,False
F0468,1,hydrogenated-polyisobutene,Hydrogenated Polyisobutene‬,no-take,165,False
F0468,2,helianthus-annuus-hybrid-oil,‭‬Helianthus Annuus Hybrid Oil,no-take,8,True
F0468,3,polybutene,‭Polybutene‬,no-take,212,False
F0468,4,ethylene-propylene-styrene-copolymer,‭Ethylene/​Propylene/​Styrene Copolymer‬,no-take,70,False
F0468,6,caprylic-capric-triglyceride,‭Caprylic/​Capric Triglyceride‬,no-take,215,False
F0468,7,butylene-ethylene-styrene-copolymer,‭Butylene/​Ethylene/​Styrene Copolymer‬,no-take,68,False
F0468,8,bis-diglyceryl-polyacyladipate-2,‭Bis-Diglyceryl Polyacyladipate-2‬,no-take,169,False
F0468,9,sodium-saccharin,‭Sodium Saccharin‬,sin_calificacion,22,True
F0468,10,diethylhexyl-syringylidenemalonate,‭Diethylhexyl Syringylidenemalonate‬,no-take,30,True
F0468,11,glycine-soja-oil,‭Glycine Soja (Soybean) Oil‬,goodie,41,False
F0468,12,tocopheryl-acetate,‭Tocopheryl Acetate‬,no-take,357,False
F0468,14,paeonia-officinalis-flower-extract,‭Paeonia Officinalis Flower Extract‬,sin_calificacion,11,True
F0468,15,prunus-serrulata-flower-extract,‭Prunus Serrulata Flower Extract‬,sin_calificacion,5,True
F0469,1,ethylhexyl-palmitate,Ethylhexyl Palmitate,no-take,205,False
F0469,2,synthetic-wax,Synthetic Wax,no-take,176,False
F0469,3,zeolite,Zeolite,sin_calificacion,5,True
F0469,5,bis-diglyceryl-polyacyladipate-2,Bis-Diglyceryl Polyacyladipate-2,no-take,169,False
F0469,6,hydrogenated-polycyclopentadiene,Hydrogenated Polycyclopentadiene,sin_calificacion,18,True
F0469,7,polyethylene,Polyethylene,no-take,122,False
F0469,8,diisostearyl-malate,Diisostearyl Malate,no-take,228,False
F0469,9,pentaerythrityl-tetra-di-t-butyl-hydroxyhydrocinnamate,Pentaerythrityl Tetra-Di-T-Butyl Hydroxyhydrocinnamate,no-take,222,False
F0470,1,hydrogenated-poly-c6-14-olefin,‭Hydrogenated Poly(C6-14 Olefin)‬,no-take,15,True
F0470,2,ethylene-propylene-styrene-copolymer,‭Ethylene/​Propylene/​Styrene Copolymer‬,no-take,70,False
F0470,3,pentaerythrityl-tetraisostearate,‭Pentaerythrityl Tetraisostearate‬,no-take,100,False
F0470,4,persea-gratissima-oil,‭Persea Gratissima (Avocado) Oil‬,goodie,45,False
F0470,5,simmondsia-chinensis-seed-oil,‭Simmondsia Chinensis (Jojoba) Seed Oil‬,goodie,134,False
F0470,6,menthone-glycerin-acetal,Menthone Glycerin Acetal‬,no-take,15,True
F0470,7,ethylhexyl-palmitate,Ethylhexyl Palmitate‬,no-take,205,False
F0470,8,palmitoyl-tripeptide-38,‭Palmitoyl Tripeptide-38‬,goodie,14,True
F0470,10,tocopheryl-acetate,‭Tocopheryl Acetate‬,no-take,357,False
F0470,11,capsicum-frutescens-resin,‭Capsicum Frutescens Resin‬,no-take,8,True
F0470,12,palmitoyl-tripeptide-1,‭Palmitoyl Tripeptide-1‬,goodie,50,False
F0470,13,sodium-hyaluronate,‭Sodium Hyaluronate‬,goodie,132,False
F0470,14,helianthus-annuus-seed-oil,‭Helianthus Annuus (Sunflower) Seed Oil,goodie,123,False
F0470,15,portulaca-pilosa-extract,‭Portulaca Pilosa Extract‬,sin_calificacion,12,True
F0471,1,dimethicone,Dimethicone,no-take,103,False
F0471,2,caprylic-capric-triglyceride,Caprylic/​Capric Triglyceride,no-take,215,False
F0471,3,polyethylene,Polyethylene,no-take,122,False
F0471,4,octyldodecanol,Octyldodecanol,no-take,208,False
F0471,5,aluminum-hydroxide,Aluminum Hydroxide,no-take,112,False
F0471,6,polysilicone-11,Polysilicone-11,no-take,6,True
F0471,8,polyhydroxystearic-acid,Polyhydroxystearic Acid,no-take,36,False
F0471,9,synthetic-wax,Synthetic Wax,no-take,176,False
F0471,10,disteardimonium-hectorite,Disteardimonium Hectorite,no-take,82,False
F0471,11,synthetic-beeswax,Synthetic Beeswax,no-take,25,True
F0471,12,dicalcium-phosphate,Dicalcium Phosphate,no-take,50,False
F0471,13,parfum,Fragrance/​Parfum,icky,331,False
F0471,14,copernicia-cerifera-wax,Copernicia Cerifera (Carnauba) Wax/​Copernicia Cerifera Cera/​Cire De Carnauba,no-take,67,False
F0471,15,triethoxycaprylylsilane,Triethoxycaprylylsilane,no-take,28,True
F0472,1,diisostearyl-malate,Diisostearyl Malate,no-take,228,False
F0472,2,polyglyceryl-2-triisostearate,Polyglyceryl-2 Triisostearate,no-take,101,False
F0472,3,bis-behenyl-isostearyl-phytosteryl-dimer-dilinoleyl-dimer-dilinoleate,Bis-Behenyl/​Isostearyl/​Phytosteryl Dimer Dilinoleyl Dimer Dilinoleate,no-take,42,False
F0472,4,hydrogenated-polyisobutene,Hydrogenated Polyisobutene,no-take,165,False
F0472,5,microcrystalline-wax,Microcrystalline Wax /​ Cera Microcristallina /​ Cire Microcristalline,no-take,140,False
F0472,6,hydrogenated-castor-oil,Hydrogenated Castor Oil,no-take,55,False
F0472,7,synthetic-wax,Synthetic Wax,no-take,176,False
F0472,9,punica-granatum-seed-oil,Punica Granatum Seed Oil,goodie,13,True
F0472,10,mangifera-indica-seed-oil,Mangifera Indica (Mango) Seed Butter,goodie,38,False
F0472,11,prunus-armeniaca-kernel-oil,Prunus Armeniaca (Apricot) Kernel Oil,goodie,19,True
F0472,12,citrullus-lanatus-seed-oil,Citrullus Lanatus (Watermelon) Seed Oil,no-take,5,True
F0472,13,palmitoyl-tripeptide-1,Palmitoyl Tripeptide-1,goodie,50,False
F0472,14,ethylhexyl-palmitate,Ethylhexyl Palmitate,no-take,205,False
F0472,15,tribehenin,Tribehenin,no-take,82,False
F0473,1,paraffinum-liquidum,Mineral Oil (Paraffinum Liquidum),no-take,33,False
F0473,2,polybutene,Polybutene,no-take,212,False
F0473,3,ozokerite,Ozokerite,no-take,42,False
F0473,4,paraffin,Paraffin,no-take,37,False
F0473,5,aroma,Flavor (Aroma),sin_calificacion,150,False
F0473,6,ethylhexyl-methoxycinnamate,Ethylhexyl Methoxycinnamate,no-take,10,True
F0473,7,caprylyl-glycol,Caprylyl Glycol,no-take,167,False
F0473,8,phenoxyethanol,Phenoxyethanol,no-take,286,False
F0473,10,cocos-nucifera-oil,Cocos Nucifera (Coconut Oil) Oil,goodie,57,False
F0473,11,olea-europaea-fruit-oil,Olea Europaea (Olive) Fruit Oil,goodie,16,True
F0473,12,tocopherol,Tocopherol,goodie,289,False
F0473,13,prunus-amygdalus-dulcis-oil,Prunus Amygdalus Dulcis (Sweet Almond) Oil,goodie,66,False
F0473,14,argania-spinosa-kernel-oil,Argania Spinosa Kernel Oil,goodie,36,False
F0473,15,butyrospermum-parkii-butter,Butyrospermum Parkii (Shea) Butter,goodie,149,False
F0474,1,diisostearyl-malate,Diisostearyl Malate,no-take,228,False
F0474,2,bis-diglyceryl-polyacyladipate-2,Bis-Diglyceryl Polyacyladipate-2,no-take,169,False
F0474,3,tridecyl-trimellitate,Tridecyl Trimellitate,no-take,126,False
F0474,4,polybutene,Polybutene,no-take,212,False
F0474,5,hydrogenated-polyisobutene,Hydrogenated Polyisobutene,no-take,165,False
F0474,6,butyrospermum-parkii-butter,Butyrospermum Parkii (Shea) Butter,goodie,149,False
F0474,7,microcrystalline-wax,Microcrystalline Wax\Cera Microcristallina\Cire Microcristalline,no-take,140,False
F0474,8,isostearyl-alcohol,Isostearyl Alcohol,no-take,5,True
F0474,9,synthetic-wax,Synthetic Wax,no-take,176,False
F0474,10,silica-silylate,Silica Silylate,no-take,26,True
F0474,11,ethylene-propylene-styrene-copolymer,Ethylene/​Propylene/​Styrene Copolymer,no-take,70,False
F0474,12,butylene-ethylene-styrene-copolymer,Butylene/​Ethylene/​Styrene Copolymer,no-take,68,False
F0474,13,aroma,Flavor/​Aroma,sin_calificacion,150,False
F0474,14,polyglyceryl-2-triisostearate,Polyglyceryl-2 Triisostearate,no-take,101,False
F0474,15,tocopheryl-acetate,Tocopheryl Acetate,no-take,357,False
F0475,1,dimethicone,Dimethicone,no-take,103,False
F0475,2,trimethylsiloxysilicate,Trimethylsiloxysilicate,no-take,48,False
F0475,3,synthetic-wax,Synthetic Wax,no-take,176,False
F0475,5,polyethylene,Polyethylene,no-take,122,False
F0475,6,kaolin,Kaolin,goodie,40,False
F0475,7,diisostearyl-malate,Diisostearyl Malate,no-take,228,False
F0475,9,hydrogenated-polyisobutene,Hydrogenated Polyisobutene,no-take,165,False
F0475,10,dicalcium-phosphate,Dicalcium Phosphate,no-take,50,False
F0475,11,zeolite,Zeolite,sin_calificacion,5,True
F0475,13,vanillyl-butyl-ether,Vanillyl Butyl Ether,sin_calificacion,33,False
F0475,14,copernicia-cerifera-wax,Copernicia Cerifera (Carnauba) Wax/​Copernicia Cerifera Cera/​Cire De Carnauba,no-take,67,False
F0475,15,palmitoyl-tripeptide-1,Palmitoyl Tripeptide-1,goodie,50,False
F0476,1,water,Water/​Aqua/​Eau,no-take,106,False
F0476,2,trimethylsiloxyphenyl-dimethicone,Trimethylsiloxyphenyl Dimethicone,sin_calificacion,12,True
F0476,3,octyldodecanol,Octyldodecanol,no-take,208,False
F0476,4,bis-diglyceryl-polyacyladipate-2,Bis-Diglyceryl Polyacyladipate-2,no-take,169,False
F0476,5,sorbitan-stearate,Sorbitan Stearate,no-take,5,True
F0476,6,pentylene-glycol,Pentylene Glycol,no-take,26,True
F0476,7,ethylcellulose,Ethylcellulose,no-take,13,True
F0476,8,polysorbate-60,Polysorbate 60,no-take,18,True
F0476,12,squalane,Squalane,goodie,82,False
F0476,13,propanediol,Propanediol,no-take,11,True
F0476,15,sodium-hyaluronate,Sodium Hyaluronate,goodie,132,False
F0477,1,caprylic-capric-triglyceride,Caprylic/​Capric Triglyceride,no-take,215,False
F0477,2,polybutene,Polybutene,no-take,212,False
F0477,3,diisostearyl-malate,Diisostearyl Malate,no-take,228,False
F0477,4,hydrogenated-polyisobutene,Hydrogenated Polyisobutene,no-take,165,False
F0477,5,polyethylene,Polyethylene,no-take,122,False
F0477,6,dicalcium-phosphate,Dicalcium Phosphate,no-take,50,False
F0477,7,microcrystalline-wax,Microcrystalline Wax /​ Cera Microcristallina /​ Cire Microcristalline,no-take,140,False
F0477,8,limonene,Limonene,icky,138,False
F0477,9,parfum,Fragrance/​Parfum,icky,331,False
F0477,10,citral,Citral,icky,34,False
F0477,11,linalool,Linalool,icky,91,False
F0477,12,butyrospermum-parkii-butter,Butyrospermum Parkii (Shea) Butter,goodie,149,False
F0477,13,rosa-canina-fruit-oil,Rosa Canina Fruit Oil,no-take,28,True
F0477,14,pentaerythrityl-tetra-di-t-butyl-hydroxyhydrocinnamate,Pentaerythrityl Tetra-Di-T-Butyl Hydroxyhydrocinnamate,no-take,222,False
F0477,15,simmondsia-chinensis-seed-oil,Simmondsia Chinensis (Jojoba) Seed Oil,goodie,134,False
F0478,1,isododecane,Isododecane,no-take,59,False
F0478,2,dimethicone,Dimethicone,no-take,103,False
F0478,3,octyldodecanol,Octyldodecanol,no-take,208,False
F0478,4,hydrogenated-styrene-isoprene-copolymer,Hydrogenated Styrene/​Isoprene Copolymer,no-take,44,False
F0478,5,stearalkonium-hectorite,Stearalkonium Hectorite,no-take,26,True
F0478,6,dimethicone-vinyl-dimethicone-crosspolymer,Dimethicone/​Vinyl Dimethicone Crosspolymer,no-take,25,True
F0478,9,water,Water/​Aqua/​Eau,no-take,106,False
F0478,10,caprylic-capric-triglyceride,Caprylic/​Capric Triglyceride,no-take,215,False
F0478,11,pentaerythrityl-tetra-di-t-butyl-hydroxyhydrocinnamate,Pentaerythrityl Tetra-Di-T-Butyl Hydroxyhydrocinnamate,no-take,222,False
F0478,12,dicalcium-phosphate,Dicalcium Phosphate,no-take,50,False
F0479,1,isododecane,Isododecane,no-take,59,False
F0479,2,dimethicone,Dimethicone,no-take,103,False
F0479,3,trimethylsiloxysilicate,Trimethylsiloxysilicate,no-take,48,False
F0479,4,polybutene,Polybutene,no-take,212,False
F0479,5,isocetyl-stearate,Isocetyl Stearate,no-take,5,True
F0479,6,isohexadecane,Isohexadecane,no-take,18,True
F0479,7,kaolin,Kaolin,goodie,40,False
F0479,8,disteardimonium-hectorite,Disteardimonium Hectorite,no-take,82,False
F0479,9,cera-alba,Beeswax (Cera Alba),no-take,41,False
F0479,10,silica-dimethyl-silylate,Silica Dimethyl Silylate,no-take,160,False
F0479,11,glyceryl-behenate-eicosadioate,Glyceryl Behenate/​Eicosadioate,no-take,21,True
F0479,12,propylene-carbonate,Propylene Carbonate,no-take,95,False
F0479,13,aroma,Flavor (Aroma),sin_calificacion,150,False
F0479,14,hydrogenated-polyisobutene,Hydrogenated Polyisobutene,no-take,165,False
F0480,1,hydrogenated-polyisobutene,Hydrogenated Polyisobutene,no-take,165,False
F0480,2,trimethylolpropane-triisostearate,Trimethylolpropane Triisostearate,no-take,34,False
F0480,3,polyethylene,Polyethylene,no-take,122,False
F0480,4,squalane,Squalane,goodie,82,False
F0480,5,microcrystalline-wax,Microcrystalline Wax /​ Cera Microcristallina /​ Cire Microcristalline,no-take,140,False
F0480,6,polymethylsilsesquioxane,Polymethylsilsesquioxane,no-take,8,True
F0480,7,silica-dimethyl-silylate,Silica Dimethyl Silylate,no-take,160,False
F0480,8,hydrogenated-styrene-isoprene-copolymer,Hydrogenated Styrene/​Isoprene Copolymer,no-take,44,False
F0480,9,pentaerythrityl-tetra-di-t-butyl-hydroxyhydrocinnamate,Pentaerythrityl Tetra-Di-T-Butyl Hydroxyhydrocinnamate,no-take,222,False
F0480,10,silica,Silica,no-take,267,False
F0480,11,tocopherol,Tocopherol,goodie,289,False
F0480,12,ethyl-vanillin,Ethyl Vanillin,no-take,38,False
F0480,13,dicalcium-phosphate,Dicalcium Phosphate,no-take,50,False
F0481,1,polybutene,Polybutene,no-take,212,False
F0481,2,hydrogenated-polyisobutene,Hydrogenated Polyisobutene,no-take,165,False
F0481,3,isostearyl-isostearate,Isostearyl Isostearate,no-take,16,True
F0481,5,hydrogenated-styrene-methylstyrene-indene-copolymer,Hydrogenated Styrene/​Methylstyrene/​Indene Copolymer,no-take,12,True
F0481,6,synthetic-beeswax,Synthetic Beeswax,no-take,25,True
F0481,7,caprylic-capric-triglyceride,Caprylic/​Capric Triglyceride,no-take,215,False
F0481,8,dicalcium-phosphate,Dicalcium Phosphate,no-take,50,False
F0481,9,stearalkonium-bentonite,Stearalkonium Bentonite,no-take,8,True
F0481,10,ethylhexyl-palmitate,Ethylhexyl Palmitate,no-take,205,False
F0481,11,menthone-glycerin-acetal,Menthone Glycerin Acetal,no-take,15,True
F0481,12,propylene-carbonate,Propylene Carbonate,no-take,95,False
F0481,13,tribehenin,Tribehenin,no-take,82,False
F0481,14,pentaerythrityl-tetra-di-t-butyl-hydroxyhydrocinnamate,Pentaerythrityl Tetra-Di-T-Butyl Hydroxyhydrocinnamate,no-take,222,False
F0481,15,aroma,Flavor (Aroma),sin_calificacion,150,False
F0482,1,isododecane,Isododecane,no-take,59,False
F0482,2,trimethylsiloxysilicate,Trimethylsiloxysilicate,no-take,48,False
F0482,3,dimethicone,Dimethicone,no-take,103,False
F0482,4,polybutene,Polybutene,no-take,212,False
F0482,6,glyceryl-behenate-eicosadioate,Glyceryl Behenate/​Eicosadioate,no-take,21,True
F0482,7,kaolin,Kaolin,goodie,40,False
F0482,8,trihydroxystearin,Trihydroxystearin,no-take,32,True
F0482,9,disteardimonium-hectorite,Disteardimonium Hectorite,no-take,82,False
F0482,10,persea-gratissima-oil,Persea Gratissima (Avocado) Oil,goodie,45,False
F0482,11,propylene-carbonate,Propylene Carbonate,no-take,95,False
F0482,12,tocopheryl-acetate,Tocopheryl Acetate,no-take,357,False
F0482,13,rosin,Rosin/​Colophonium/​Colophane,no-take,17,True
F0482,14,aluminum-hydroxide,Aluminum Hydroxide,no-take,112,False
F0483,1,hydrogenated-polyisobutene,Hydrogenated Polyisobutene‬,no-take,165,False
F0483,2,helianthus-annuus-hybrid-oil,‭Helianthus Annuus Hybrid Oil,no-take,8,True
F0483,3,polybutene,Polybutene‬,no-take,212,False
F0483,4,ethylene-propylene-styrene-copolymer,‭Ethylene/​Propylene/​Styrene Copolymer‬,no-take,70,False
F0483,6,caprylic-capric-triglyceride,‭Caprylic/​Capric Triglyceride‬,no-take,215,False
F0483,7,butylene-ethylene-styrene-copolymer,‭Butylene/​Ethylene/​Styrene Copolymer‬,no-take,68,False
F0483,8,aroma,‭Flavor /​ Aroma,sin_calificacion,150,False
F0483,9,bis-diglyceryl-polyacyladipate-2,Bis-Diglyceryl Polyacyladipate-2‬,no-take,169,False
F0483,10,sodium-saccharin,‭ Sodium Saccharin‬,sin_calificacion,22,True
F0483,11,diethylhexyl-syringylidenemalonate,‭Diethylhexyl Syringylidenemalonate‬,no-take,30,True
F0483,12,glycine-soja-oil,‭Glycine Soja (Soybean) Oil‬,goodie,41,False
F0483,13,tocopheryl-acetate,‭Tocopheryl Acetate‬,no-take,357,False
F0483,15,helianthus-annuus-seed-oil,Helianthus Annuus (Sunflower) Seed Oil‬,goodie,123,False
F0484,1,hydrogenated-polyisobutene,Hydrogenated Polyisobutene‬,no-take,165,False
F0484,2,helianthus-annuus-hybrid-oil,‭Helianthus Annuus Hybrid Oil,no-take,8,True
F0484,3,polybutene,Polybutene‬,no-take,212,False
F0484,4,ethylene-propylene-styrene-copolymer,‭Ethylene/​Propylene/​Styrene Copolymer‬,no-take,70,False
F0484,6,caprylic-capric-triglyceride,‭Caprylic/​Capric Triglyceride‬,no-take,215,False
F0484,7,butylene-ethylene-styrene-copolymer,‭Butylene/​Ethylene/​Styrene Copolymer‬,no-take,68,False
F0484,8,bis-diglyceryl-polyacyladipate-2,‭Bis-Diglyceryl Polyacyladipate-2‬,no-take,169,False
F0484,9,sodium-saccharin,‭ Sodium Saccharin‬,sin_calificacion,22,True
F0484,10,diethylhexyl-syringylidenemalonate,‭Diethylhexyl Syringylidenemalonate‬,no-take,30,True
F0484,11,glycine-soja-oil,‭Glycine Soja (Soybean) Oil‬,goodie,41,False
F0484,12,tocopheryl-acetate,‭Tocopheryl Acetate‬,no-take,357,False
F0484,14,helianthus-annuus-seed-oil,‭Helianthus Annuus (Sunflower) Seed Oil‬,goodie,123,False
F0484,15,paeonia-officinalis-flower-extract,‭Paeonia Officinalis Flower Extract‬,sin_calificacion,11,True
F0485,1,isododecane,Isododecane,no-take,59,False
F0485,2,diisostearyl-malate,Diisostearyl Malate,no-take,228,False
F0485,3,synthetic-wax,Synthetic Wax,no-take,176,False
F0485,4,dimethicone,Dimethicone,no-take,103,False
F0485,6,polybutene,Polybutene,no-take,212,False
F0485,7,dimethicone-vinyl-dimethicone-crosspolymer,Dimethicone/​Vinyl Dimethicone Crosspolymer,no-take,25,True
F0485,9,glyceryl-caprylate,Glyceryl Caprylate,no-take,20,True
F0485,11,pentaerythrityl-tetra-di-t-butyl-hydroxyhydrocinnamate,Pentaerythrityl Tetra-Di-T-Butyl Hydroxyhydrocinnamate,no-take,222,False
F0485,12,argania-spinosa-kernel-oil,Argania Spinosa Kernel Oil,goodie,36,False
F0485,13,butyrospermum-parkii-butter,Butyrospermum Parkii (Shea) Butter,goodie,149,False
F0485,14,simmondsia-chinensis-seed-oil,Simmondsia Chinensis (Jojoba) Seed Oil,goodie,134,False
F0485,15,silica,Silica,no-take,267,False
F0486,1,cyclopentasiloxane,Cyclopentasiloxane,no-take,7,True
F0486,2,polyethylene,Polyethylene,no-take,122,False
F0486,3,isononyl-isononanoate,Isononyl Isononanoate,no-take,37,False
F0486,4,bis-diglyceryl-polyacyladipate-2,Bis-Diglyceryl Polyacyladipate-2,no-take,169,False
F0486,5,synthetic-wax,Synthetic Wax,no-take,176,False
F0486,6,octyldodecanol,Octyldodecanol,no-take,208,False
F0486,7,polybutene,Polybutene,no-take,212,False
F0486,8,euphorbia-cerifera-cera,Euphorbia Cerifera (Candelilla) Wax,no-take,73,False
F0486,9,silica,Silica,no-take,267,False
F0486,10,butyrospermum-parkii-butter,Butyrospermum Parkii (Shea) Butter,goodie,149,False
F0486,11,silica-silylate,Silica Silylate,no-take,26,True
F0486,12,argania-spinosa-kernel-oil,Argania Spinosa Kernel Oil,goodie,36,False
F0486,13,simmondsia-chinensis-seed-oil,Simmondsia Chinensis (Jojoba) Seed Oil,goodie,134,False
F0486,14,pentaerythrityl-tetra-di-t-butyl-hydroxyhydrocinnamate,Pentaerythrityl Tetra-Di-T-Butyl Hydroxyhydrocinnamate,no-take,222,False
F0486,15,persea-gratissima-oil,Persea Gratissima (Avocado) Oil,goodie,45,False
F0487,1,ethylhexylglycerin,Ethylhexylglycerin,no-take,134,False
F0487,2,tocopherol,Tocopherol,goodie,289,False
F0487,3,tocopheryl-acetate,Tocopheryl Acetate,no-take,357,False
F0487,4,diethylhexyl-syringylidenemalonate,Diethylhexyl Syringylidenemalonate,no-take,30,True
F0487,5,sorbic-acid,Sorbic Acid,no-take,30,True
F0487,6,phenoxyethanol,Phenoxyethanol,no-take,286,False
F0487,7,parfum,Parfum/​Fragrance,icky,331,False
F0487,8,linalool,Linalool,icky,91,False
F0487,10,geraniol,Geraniol,icky,43,False
F0487,12,pinene,Pinene,sin_calificacion,8,True
F0487,13,limonene,Limonene,icky,138,False
F0487,14,terpineol,Terpineol,no-take,5,True
F0487,15,hydroxycitronellal,Hydroxycitronellal,icky,17,True
F0488,1,hydrogenated-polyisobutene,Hydrogenated Polyisobutene,no-take,165,False
F0488,2,diisostearyl-malate,Diisostearyl Malate,no-take,228,False
F0488,3,polyglyceryl-2-triisostearate,Polyglyceryl-2 Triisostearate,no-take,101,False
F0488,4,bis-behenyl-isostearyl-phytosteryl-dimer-dilinoleyl-dimer-dilinoleate,Bis-Behenyl/​Isostearyl/​Phytosteryl Dimer Dilinoleyl Dimer Dilinoleate,no-take,42,False
F0488,5,silica-dimethyl-silylate,Silica Dimethyl Silylate [Nano],no-take,160,False
F0488,6,synthetic-wax,Synthetic Wax,no-take,176,False
F0488,7,1-2-hexanediol,"1,2-Hexanediol",no-take,28,True
F0488,8,sorbitan-isostearate,Sorbitan Isostearate,no-take,86,False
F0488,9,phenoxyethanol,Phenoxyethanol,no-take,286,False
F0488,10,caprylyl-glycol,Caprylyl Glycol,no-take,167,False
F0488,11,aroma,Aroma/​Flavor,sin_calificacion,150,False
F0488,12,prunus-avium-seed-oil,Prunus Avium Seed Oil,no-take,23,True
F0488,13,water,Aqua/​Water/​Eau,no-take,106,False
F0488,14,benzaldehyde,Benzaldehyde,no-take,11,True
F0488,15,anise-alcohol,Anise Alcohol,no-take,7,True
F0489,1,cyclopentasiloxane,Cyclopentasiloxane,no-take,7,True
F0489,2,synthetic-beeswax,Synthetic Beeswax,no-take,25,True
F0489,3,microcrystalline-wax,Microcrystalline Wax/​Cera Microcristallina,no-take,140,False
F0489,4,trimethylsiloxysilicate,Trimethylsiloxysilicate,no-take,48,False
F0489,5,vp-hexadecene-copolymer,VP/​Hexadecene Copolymer,no-take,45,False
F0489,6,myristyl-lactate,Myristyl Lactate,no-take,5,True
F0489,9,tocopherol,Tocopherol,goodie,289,False
F0489,10,lecithin,Lecithin,goodie,47,False
F0489,11,ascorbyl-palmitate,Ascorbyl Palmitate,icky,67,False
F0489,12,glyceryl-stearate,Glyceryl Stearate,no-take,10,True
F0489,13,magnesium-silicate,Magnesium Silicate,no-take,18,True
F0489,15,citric-acid,Citric Acid,no-take,85,False
F0490,1,paraffinum-liquidum,Mineral Oil/​Paraffinum Liquidum/​Huile Minérale,no-take,33,False
F0490,2,polyisobutene,Polyisobutene,no-take,121,False
F0490,3,octyldodecanol,Octyldodecanol,no-take,208,False
F0490,4,diisostearyl-malate,Diisostearyl Malate,no-take,228,False
F0490,5,petrolatum,Petrolatum,goodie,33,False
F0490,6,silica-silylate,Silica Silylate,no-take,26,True
F0490,7,hydrogenated-styrene-isoprene-copolymer,Hydrogenated Styrene/​Isoprene Copolymer,no-take,44,False
F0490,8,ozokerite,Ozokerite,no-take,42,False
F0490,9,rosa-canina-fruit-oil,Rosa Canina Fruit Oil,no-take,28,True
F0490,10,vitis-vinifera-seed-oil,Vitis Vinifera (Grape) Seed Oil,goodie,15,True
F0490,11,simmondsia-chinensis-seed-oil,Simmondsia Chinensis (Jojoba) Seed Oil,goodie,134,False
F0490,12,prunus-amygdalus-dulcis-oil,Prunus Amygdalus Dulcis (Sweet Almond) Oil,goodie,66,False
F0490,13,aroma,Aroma/​Flavor,sin_calificacion,150,False
F0490,14,persea-gratissima-oil,Persea Gratissima (Avocado) Oil,goodie,45,False
F0490,15,ethylhexylglycerin,Ethylhexylglycerin,no-take,134,False
F0491,1,isododecane,Isododecane,no-take,59,False
F0491,2,synthetic-wax,Synthetic Wax,no-take,176,False
F0491,3,polybutene,Polybutene,no-take,212,False
F0491,4,trimethylsiloxysilicate,Trimethylsiloxysilicate,no-take,48,False
F0491,5,isoamyl-laurate,Isoamyl Laurate,no-take,8,True
F0491,6,silica,Silica,no-take,267,False
F0491,7,sucrose-tetrastearate-triacetate,Sucrose Tetrastearate Triacetate,no-take,22,True
F0491,8,hydrogenated-jojoba-oil,Hydrogenated Jojoba Oil,no-take,13,True
F0491,9,cetearyl-behenate,Cetearyl Behenate,sin_calificacion,6,True
F0491,10,pentaerythrityl-tetra-di-t-butyl-hydroxyhydrocinnamate,Pentaerythrityl Tetra-Di-T-Butyl Hydroxyhydrocinnamate (F.I.L. N70030847/​1),no-take,222,False
F0492,1,polyisobutene,Polyisobutene,no-take,121,False
F0492,2,diisostearyl-malate,Diisostearyl Malate,no-take,228,False
F0492,3,tridecyl-trimellitate,Tridecyl Trimellitate,no-take,126,False
F0492,4,octyldodecanol,Octyldodecanol,no-take,208,False
F0492,5,bis-diglyceryl-polyacyladipate-2,Bis-Diglyceryl Polyacyladipate-2,no-take,169,False
F0492,6,silica-dimethyl-silylate,Silica Dimethyl Silylate,no-take,160,False
F0492,7,sucrose,Sucrose,goodie,6,True
F0492,8,microcrystalline-wax,Cera Microcristallina/​Microcrystalline Wax,no-take,140,False
F0492,9,polyglyceryl-2-triisostearate,Polyglyceryl-2 Triisostearate,no-take,101,False
F0492,10,helianthus-annuus-seed-oil,Helianthus Annuus Seed Oil/​Sunflower Seed Oil,goodie,123,False
F0492,11,simmondsia-chinensis-seed-oil,Simmondsia Chinensis Seed Oil/​Jojoba Seed Oil,goodie,134,False
F0492,15,water,Aqua/​Water,no-take,106,False
F0493,1,water,Water/​Aqua/​Eau,no-take,106,False
F0493,2,polybutene,Polybutene,no-take,212,False
F0493,3,polyglyceryl-3-diisostearate,Polyglyceryl-3 Diisostearate,no-take,35,False
F0493,4,octyldodecanol,Octyldodecanol,no-take,208,False
F0493,5,caprylic-capric-triglyceride,Caprylic/​Capric Triglyceride,no-take,215,False
F0493,6,isononyl-isononanoate,Isononyl Isononanoate,no-take,37,False
F0493,7,octyldodecyl-stearoyl-stearate,Octyldodecyl Stearoyl Stearate,no-take,20,True
F0493,8,butylene-glycol,Butylene Glycol,no-take,61,False
F0493,9,dimethicone,Dimethicone,no-take,103,False
F0493,10,trimethylsiloxyphenyl-dimethicone,Trimethylsiloxyphenyl Dimethicone,sin_calificacion,12,True
F0493,11,diisostearyl-malate,Diisostearyl Malate,no-take,228,False
F0493,12,silica-dimethyl-silylate,Silica Dimethyl Silylate [Nano],no-take,160,False
F0493,13,cera-alba,Beeswax/​Cera Alba/​Cire D'Abeille,no-take,41,False
F0493,14,glycerin,Glycerin,superstar,102,False
F0493,15,alumina,Alumina,no-take,91,False
F0494,1,polyisobutene,Polyisobutene,no-take,121,False
F0494,2,hydrogenated-polyisobutene,Hydrogenated Polyisobutene,no-take,165,False
F0494,3,pentaerythrityl-tetraisostearate,Pentaerythrityl Tetraisostearate,no-take,100,False
F0494,4,paraffinum-liquidum,Paraffinum Liquidum/​Mineral Oil,no-take,33,False
F0494,5,diisostearyl-malate,Diisostearyl Malate,no-take,228,False
F0494,6,polyglyceryl-3-diisostearate,Polyglyceryl-3 Diisostearate,no-take,35,False
F0494,7,rosa-canina-fruit-oil,Rosa Canina Fruit Oil,no-take,28,True
F0494,8,rubus-chamaemorus-seed-oil,Rubus Chamaemorus Seed Oil,sin_calificacion,5,True
F0494,9,rubus-idaeus-seed-oil,Rubus Idaeus Seed Oil/​Raspberry Seed Oil,no-take,16,True
F0494,10,squalane,Squalane,goodie,82,False
F0494,11,aroma,Aroma/​Flavor,sin_calificacion,150,False
F0494,12,caprylic-capric-triglyceride,Caprylic/​Capric Triglyceride,no-take,215,False
F0494,13,dibutyl-ethylhexanoyl-glutamide,Dibutyl Ethylhexanoyl Glutamide,no-take,18,True
F0494,14,ethylhexylglycerin,Ethylhexylglycerin,no-take,134,False
F0494,15,tocopherol,Tocopherol,goodie,289,False
F0495,1,paraffinum-liquidum,Paraffinum Liquidum/​Mineral Oil/​Huile Minerale,no-take,33,False
F0495,2,polyisobutene,Polyisobutene,no-take,121,False
F0495,3,diisostearyl-malate,Diisostearyl Malate,no-take,228,False
F0495,4,octyldodecanol,Octyldodecanol,no-take,208,False
F0495,6,silica-dimethyl-silylate,Silica Dimethyl Silylate [Nano],no-take,160,False
F0495,7,ethylene-propylene-styrene-copolymer,Ethylene/​Propylene/​Styrene Copolymer,no-take,70,False
F0495,8,oryza-sativa-cera,Oryza Sativa Cera,no-take,7,True
F0495,9,oryza-sativa-bran-wax,Rice Bran Wax,sin_calificacion,10,True
F0495,10,silica,Silica,no-take,267,False
F0495,11,caprylic-capric-triglyceride,Caprylic/​Capric Triglyceride,no-take,215,False
F0495,12,synthetic-wax,Synthetic Wax,no-take,176,False
F0495,13,ethylhexylglycerin,Ethylhexylglycerin,no-take,134,False
F0495,14,butylene-ethylene-styrene-copolymer,Butylene/​Ethylene/​Styrene Copolymer,no-take,68,False
F0495,15,tocopheryl-acetate,Tocopheryl Acetate,no-take,357,False
F0496,1,sorbitan-isostearate,Sorbitan Isostearate,no-take,86,False
F0496,2,isocetyl-stearate,Isocetyl Stearate,no-take,5,True
F0496,3,phenyl-trimethicone,Phenyl Trimethicone,no-take,23,True
F0496,4,polyethylene,Polyethylene,no-take,122,False
F0496,5,euphorbia-cerifera-cera,Euphorbia Cerifera (Candelilla) Wax,no-take,73,False
F0496,6,butyrospermum-parkii-butter-unsaponifiables,Butyrospermum Parkii (Shea Butter) Unsaponifiables,sin_calificacion,15,True
F0496,7,cera-alba,Beeswax,no-take,41,False
F0496,8,simmondsia-chinensis-seed-oil,Simmondsia Chinensis (Jojoba) Seed Oil,goodie,134,False
F0496,9,caprylic-capric-triglyceride,Caprylic/​Capric Triglyceride,no-take,215,False
F0496,10,nylon-12,Nylon-12,no-take,9,True
F0496,11,octyldodecanol,Octyldodecanol,no-take,208,False
F0496,12,polyglyceryl-2-diisostearate,Polyglyceryl-2 Diisostearate,no-take,8,True
F0496,13,silica,Silica,no-take,267,False
F0496,14,copernicia-cerifera-wax,Copernicia Cerifera (Carnauba) Wax,no-take,67,False
F0496,15,hydrogenated-coconut-oil,Hydrogenated Coconut Oil,no-take,9,True
F0497,1,bis-diglyceryl-polyacyladipate-2,Bis-Diglyceryl Polyacyladipate-2,no-take,169,False
F0497,2,polyisobutene,Polyisobutene,no-take,121,False
F0497,3,tridecyl-trimellitate,Tridecyl Trimellitate,no-take,126,False
F0497,4,diisostearyl-malate,Diisostearyl Malate,no-take,228,False
F0497,5,pentaerythrityl-tetraisostearate,Pentaerythrityl Tetraisostearate,no-take,100,False
F0497,6,synthetic-wax,Synthetic Wax,no-take,176,False
F0497,7,polyglyceryl-2-triisostearate,Polyglyceryl-2 Triisostearate,no-take,101,False
F0497,8,persea-gratissima-oil,Persea Gratissima Oil/​Avocado Oil,goodie,45,False
F0497,9,rubus-chamaemorus-seed-oil,Rubus Chamaemorus Seed Oil,sin_calificacion,5,True
F0497,10,rubus-idaeus-seed-oil,Rubus Idaeus Seed Oil/​Raspberry Seed Oil,no-take,16,True
F0497,11,aroma,Aroma/​Flavor,sin_calificacion,150,False
F0497,12,tocopheryl-acetate,Tocopheryl Acetate,no-take,357,False
F0497,13,phenoxyethanol,Phenoxyethanol,no-take,286,False
F0497,14,benzyl-alcohol,Benzyl Alcohol,no-take,85,False
F0498,1,paraffinum-liquidum,Mineral Oil/​Paraffinum Liquidum/​Huile Minerale,no-take,33,False
F0498,2,polybutene,Polybutene,no-take,212,False
F0498,3,diisostearyl-malate,Diisostearyl Malate,no-take,228,False
F0498,4,cera-alba,Beeswax /​Cera Alba /​ Cire D’Abeille,no-take,41,False
F0498,5,ceresin,Ceresin,no-take,12,True
F0498,6,silica-dimethyl-silylate,Silica Dimethyl Silylate,no-take,160,False
F0498,7,polyethylene,Polyethylene,no-take,122,False
F0498,8,sorbitan-sesquioleate,Sorbitan Sesquioleate,no-take,8,True
F0498,9,phenoxyethanol,Phenoxyethanol,no-take,286,False
F0498,10,parfum,Fragrance/​Parfum,icky,331,False
F0499,1,dimethicone,Dimethicone,no-take,103,False
F0499,2,talc,Talc,no-take,35,False
F0499,3,dimethicone-crosspolymer,Dimethicone Crosspolymer,no-take,30,True
F0499,4,polyglyceryl-2-triisostearate,Polyglyceryl-2 Triisostearate,no-take,101,False
F0499,5,isododecane,Isododecane,no-take,59,False
F0499,7,1-2-hexanediol,"1,2-Hexanediol",no-take,28,True
F0499,8,theobroma-cacao-seed-butter,Theobroma Cacao Seed Butter/​Cocoa Seed Butter,goodie,18,True
F0499,9,butyrospermum-parkii-butter,Butyrospermum Parkii Butter/​Shea Butter,goodie,149,False
F0499,10,tribehenin,Tribehenin,no-take,82,False
F0499,11,sorbitan-isostearate,Sorbitan Isostearate,no-take,86,False
F0499,12,alumina,Alumina,no-take,91,False
F0499,13,aluminum-hydroxide,Aluminum Hydroxide,no-take,112,False
F0499,14,ethylhexylglycerin,Ethylhexylglycerin,no-take,134,False
F0499,15,sorbic-acid,Sorbic Acid,no-take,30,True
F0500,1,dimethicone,Dimethicone,no-take,103,False
F0500,2,isononyl-isononanoate,Isononyl Isononanoate,no-take,37,False
F0500,4,silica,Silica,no-take,267,False
F0500,5,water,Aqua/​Water/​Eau,no-take,106,False
F0500,6,diisostearyl-malate,Diisostearyl Malate,no-take,228,False
F0500,7,synthetic-wax,Synthetic Wax,no-take,176,False
F0500,8,dimethicone-vinyl-dimethicone-crosspolymer,Dimethicone/​Vinyl Dimethicone Crosspolymer,no-take,25,True
F0500,9,vp-hexadecene-copolymer,VP/​Hexadecene Copolymer,no-take,45,False
F0500,10,paraffin,Paraffin,no-take,37,False
F0500,11,cetyl-peg-ppg-10-1-dimethicone,Cetyl PEG/​PPG-10/​1 Dimethicone,no-take,26,True
F0500,12,dimethicone-crosspolymer,Dimethicone Crosspolymer,no-take,30,True
F0500,14,cera-microcrystalline,Cera Microcristallina /​ Microcrystalline Wax /​ Cire Microcristalline,sin_calificacion,11,True
F0500,15,phenoxyethanol,Phenoxyethanol,no-take,286,False
F0501,1,isododecane,Isododecane,no-take,59,False
F0501,2,synthetic-wax,Synthetic Wax,no-take,176,False
F0501,3,polybutene,Polybutene,no-take,212,False
F0501,4,trimethylsiloxysilicate,Trimethylsiloxysilicate,no-take,48,False
F0501,5,sucrose-tetrastearate-triacetate,Sucrose Tetrastearate Triacetate,no-take,22,True
F0501,6,isoamyl-laurate,Isoamyl Laurate,no-take,8,True
F0501,7,silica,Silica,no-take,267,False
F0501,8,hydrogenated-jojoba-oil,Hydrogenated Jojoba Oil,no-take,13,True
F0501,9,cetearyl-behenate,Cetearyl Behenate,sin_calificacion,6,True
F0501,10,pentaerythrityl-tetra-di-t-butyl-hydroxyhydrocinnamate,Pentaerythrityl Tetra-Di-T-Butyl Hydroxyhydrocinnamate,no-take,222,False
F0502,1,isododecane,Isododecane,no-take,59,False
F0502,2,petrolatum,Petrolatum,goodie,33,False
F0502,3,trimethylsiloxysilicate,Trimethylsiloxysilicate,no-take,48,False
F0502,4,cyclopentasiloxane,Cyclopentasiloxane,no-take,7,True
F0502,5,polybutene,Polybutene,no-take,212,False
F0502,6,dimethicone,Dimethicone,no-take,103,False
F0502,7,copernicia-cerifera-wax,Copernicia Cerifera (Carnauba) Wax/​Copernicia Cerifera Cera/​Cire De Carnauba,no-take,67,False
F0502,9,kaolin,Kaolin,goodie,40,False
F0502,10,silica-dimethyl-silylate,Silica Dimethyl Silylate,no-take,160,False
F0502,11,glyceryl-behenate-eicosadioate,Glyceryl Behenate/​Eicosadioate,no-take,21,True
F0502,12,persea-gratissima-oil,Persea Gratissima (Avocado) Oil,goodie,45,False
F0502,13,olea-europaea-fruit-oil,Olea Europaea (Olive) Fruit Oil,goodie,16,True
F0502,14,phytosterols,Phytosterols,sin_calificacion,6,True
F0502,15,tocopherol,Tocopherol,goodie,289,False
F0503,1,diisostearyl-malate,Diisostearyl Malate,no-take,228,False
F0503,2,polyisobutene,Polyisobutene,no-take,121,False
F0503,3,tridecyl-trimellitate,Tridecyl Trimellitate,no-take,126,False
F0503,4,bis-diglyceryl-polyacyladipate-2,Bis-Diglyceryl Polyacyladipate-2,no-take,169,False
F0503,5,octyldodecanol,Octyldodecanol,no-take,208,False
F0503,6,silica-dimethyl-silylate,Silica Dimethyl Silylate [Nano],no-take,160,False
F0503,7,sucrose,Sucrose,goodie,6,True
F0503,8,cera-microcrystalline,Cera Microcristallina /​ Microcrystalline Wax /​ Cire Microcristalline,sin_calificacion,11,True
F0503,9,polyglyceryl-2-triisostearate,Polyglyceryl-2 Triisostearate,no-take,101,False
F0503,10,1-2-hexanediol,"1,2-Hexanediol",no-take,28,True
F0503,11,helianthus-annuus-seed-oil,Helianthus Annuus Seed Oil/​Sunflower Seed Oil,goodie,123,False
F0503,12,simmondsia-chinensis-seed-oil,Simmondsia Chinensis Seed Oil/​Jojoba Seed Oil,goodie,134,False
F0503,14,water,Aqua/​Water/​Eau,no-take,106,False
F0503,15,glycerin,Glycerin,superstar,102,False
F0504,1,water,Aqua/​Water/​Eau,no-take,106,False
F0504,2,diisostearyl-malate,Diisostearyl Malate,no-take,228,False
F0504,3,polyglyceryl-2-triisostearate,Polyglyceryl-2 Triisostearate,no-take,101,False
F0504,4,glycerin,Glycerin,superstar,102,False
F0504,5,bis-behenyl-isostearyl-phytosteryl-dimer-dilinoleyl-dimer-dilinoleate,Bis-Behenyl/​Isostearyl/​Phytosteryl Dimer Dilinoleyl Dimer Dilinoleate,no-take,42,False
F0504,6,octyldodecanol,Octyldodecanol,no-take,208,False
F0504,7,cetyl-peg-ppg-10-1-dimethicone,Cetyl PEG/​PPG-10/​1 Dimethicone,no-take,26,True
F0504,10,synthetic-wax,Synthetic Wax,no-take,176,False
F0504,11,1-2-hexanediol,"1,2-Hexanediol",no-take,28,True
F0504,14,phenoxyethanol,Phenoxyethanol,no-take,286,False
F0504,15,disteardimonium-hectorite,Disteardimonium Hectorite,no-take,82,False
F0505,1,pentaerythrityl-tetraisostearate,Pentaerythrityl Tetraisostearate,no-take,100,False
F0505,2,dimethicone,Dimethicone,no-take,103,False
F0505,3,cera-alba,Beeswax,no-take,41,False
F0505,4,glyceryl-behenate-eicosadioate,Glyceryl Behenate/​Eicosadioate,no-take,21,True
F0505,5,phenoxyethanol,Phenoxyethanol,no-take,286,False
F0505,6,dimethicone-crosspolymer,Dimethicone Crosspolymer,no-take,30,True
F0505,7,talc,Talc,no-take,35,False
F0505,8,methyl-methacrylate-crosspolymer,Methyl Methacrylate Crosspolymer,no-take,5,True
F0505,9,silica,Silica,no-take,267,False
F0505,10,aluminum-starch-octenylsuccinate,Aluminium Starch Octenylsuccinate,no-take,12,True
F0505,11,isohexadecane,Isohexadecane,no-take,18,True
F0505,12,disteardimonium-hectorite,Disteardimonium Hectorite,no-take,82,False
F0505,13,propylene-carbonate,Propylene Carbonate,no-take,95,False
F0505,14,parfum,Parfum,icky,331,False
F0506,1,isododecane,Isododecane,no-take,59,False
F0506,2,pentaerythrityl-tetraisostearate,Pentaerythrityl Tetraisostearate,no-take,100,False
F0506,3,dimethicone,Dimethicone,no-take,103,False
F0506,4,phenyl-trimethicone,Phenyl Trimethicone,no-take,23,True
F0506,5,polymethylsilsesquioxane,Polymethylsilsesquioxane,no-take,8,True
F0506,6,disteardimonium-hectorite,Disteardimonium Hectorite,no-take,82,False
F0506,7,dimethicone-crosspolymer,Dimethicone Crosspolymer,no-take,30,True
F0506,8,methyl-methacrylate-crosspolymer,Methyl Methacrylate Crosspolymer,no-take,5,True
F0506,9,hydrogenated-styrene-isoprene-copolymer,Hydrogenated Styrene/​Isoprene Copolymer,no-take,44,False
F0506,10,rosa-canina-fruit-oil,Rosa Canina Fruit Oil,no-take,28,True
F0506,11,vitis-vinifera-seed-oil,Vitis Vinifera (Grape) Seed Oil,goodie,15,True
F0506,12,simmondsia-chinensis-seed-oil,Simmondsia Chinensis (Jojoba) Seed Oil,goodie,134,False
F0506,13,prunus-amygdalus-dulcis-oil,Prunus Amygdalus Dulcis (Sweet Almond) Oil,goodie,66,False
F0506,15,alumina,Alumina,no-take,91,False
F0507,1,c10-18-triglycerides,C10-18 Triglycerides,no-take,14,True
F0507,2,hydrogenated-vegetable-oil,Hydrogenated Vegetable Oil,no-take,26,True
F0507,3,talc,Talc,no-take,35,False
F0507,4,caprylic-capric-triglyceride,Caprylic/​Capric Triglyceride,no-take,215,False
F0507,5,tocopherol,Tocopherol,goodie,289,False
F0507,6,ascorbyl-palmitate,Ascorbyl Palmitate,icky,67,False
F0508,1,phenyl-trimethicone,Phenyl Trimethicone,no-take,23,True
F0508,2,microcrystalline-wax,Microcrystalline Wax/​Cera Microcristallina/​Cire Microcristalline,no-take,140,False
F0508,4,hydrogenated-coco-glycerides,Hydrogenated Coco-Glycerides,no-take,11,True
F0508,6,synthetic-beeswax,Synthetic Beeswax,no-take,25,True
F0508,7,copernicia-cerifera-wax,Copernicia Cerifera (Carnauba) Wax/​Copernicia Cerifera Cera/​Cire De Carnauba,no-take,67,False
F0508,8,c10-18-triglycerides,C10-18 Triglycerides,no-take,14,True
F0508,9,ozokerite,Ozokerite,no-take,42,False
F0508,10,polyethylene,Polyethylene,no-take,122,False
F0508,11,alumina,Alumina,no-take,91,False
F0508,12,polybutene,Polybutene,no-take,212,False
F0508,13,hydrogenated-vegetable-oil,Hydrogenated Vegetable Oil,no-take,26,True
F0508,14,paraffin,Paraffin,no-take,37,False
F0508,15,hydrogenated-microcrystalline-wax,Hydrogenated Microcrystalline Wax,no-take,12,True
F0509,1,diisostearyl-malate,Diisostearyl Malate,no-take,228,False
F0509,2,bis-diglyceryl-polyacyladipate-2,Bis-Diglyceryl Polyacyladipate-2,no-take,169,False
F0509,3,polyglyceryl-2-triisostearate,Polyglyceryl-2 Triisostearate,no-take,101,False
F0509,4,octyldodecanol,Octyldodecanol,no-take,208,False
F0509,5,isostearyl-isostearate,Isostearyl Isostearate,no-take,16,True
F0509,6,ethylhexyl-palmitate,Ethylhexyl Palmitate,no-take,205,False
F0509,7,euphorbia-cerifera-cera,Euphorbia Cerifera (Candelilla) Wax/​Euphorbia Cerifera Cera,no-take,73,False
F0509,8,candelilla-cera,Cire De Candelilla,no-take,38,False
F0509,9,ceresin,Ceresin,no-take,12,True
F0509,10,cera-alba,Beeswax\Cera Alba\Cire D'Abeille,no-take,41,False
F0509,11,polyisobutene,Polyisobutene,no-take,121,False
F0509,12,polyethylene,Polyethylene,no-take,122,False
F0509,13,copernicia-cerifera-wax,Copernicia Cerifera (Carnauba) Wax/​Copernicia Cerifera Cera/​Cire De Carnauba,no-take,67,False
F0509,14,microcrystalline-wax,Microcrystalline Wax\Cera Microcristallina\Cire Microcristalline,no-take,140,False
F0509,15,tocopheryl-acetate,Tocopheryl Acetate,no-take,357,False
F0510,1,isododecane,Isododecane,no-take,59,False
F0510,2,synthetic-wax,Synthetic Wax,no-take,176,False
F0510,5,silica,Silica,no-take,267,False
F0510,6,caprylic-capric-triglyceride,Caprylic/​Capric Triglyceride,no-take,215,False
F0510,7,euphorbia-cerifera-cera,Euphorbia Cerifera Cera /​ Candelilla,no-take,73,False
F0510,9,polyglyceryl-3-diisostearate,Polyglyceryl-3 Diisostearate,no-take,35,False
F0510,10,zingiber-officinale-root-oil,Zingiber Officinale Root Oil/​Ginger Root Oil,no-take,13,True
F0510,12,helianthus-annuus-seed-oil,Helianthus Annuus Seed Oil/​Sunflower Seed Oil,goodie,123,False
F0510,13,simmondsia-chinensis-seed-oil,Simmondsia Chinensis Seed Oil/​Jojoba Seed Oil,goodie,134,False
F0510,14,prunus-amygdalus-dulcis-oil,Prunus Amygdalus Dulcis Oil /​ Sweet Almond Oil,goodie,66,False
F0510,15,capsicum-frutescens-fruit-extract,Capsicum Frutescens Fruit Extract,icky,24,True
F0511,1,paraffinum-liquidum,Mineral Oil /​ Paraffinum Liquidum /​ Huile Minérale,no-take,33,False
F0511,2,polybutene,Polybutene,no-take,212,False
F0511,3,diisostearyl-malate,Diisostearyl Malate,no-take,228,False
F0511,4,cera-alba,Beeswax /​ Cera Alba /​ Cire D'Abeille,no-take,41,False
F0511,5,silica-dimethyl-silylate,Silica Dimethyl Silylate,no-take,160,False
F0511,6,microcrystalline-wax,Microcrystalline Wax /​ Cera Microcristallina /​ Cire Microcristalline,no-take,140,False
F0511,7,polyethylene,Polyethylene,no-take,122,False
F0511,8,sorbitan-sesquioleate,Sorbitan Sesquioleate,no-take,8,True
F0511,9,paraffin,Paraffin,no-take,37,False
F0511,10,rosin,Rosin/​Colophonium/​Colophane,no-take,17,True
F0511,11,phenoxyethanol,Phenoxyethanol,no-take,286,False
F0511,12,parfum,Fragrance/​Parfum,icky,331,False
F0512,1,polyisobutene,Polyisobutene,no-take,121,False
F0512,2,hydrogenated-polyisobutene,Hydrogenated Polyisobutene,no-take,165,False
F0512,3,pentaerythrityl-tetraisostearate,Pentaerythrityl Tetraisostearate,no-take,100,False
F0512,4,paraffinum-liquidum,Paraffinum Liquidum/​Mineral Oil/​Huile Minerale,no-take,33,False
F0512,5,diisostearyl-malate,Diisostearyl Malate,no-take,228,False
F0512,6,menthone-glycerin-acetal,Menthone Glycerin Acetal,no-take,15,True
F0512,7,polyglyceryl-3-diisostearate,Polyglyceryl-3 Diisostearate,no-take,35,False
F0512,8,rosa-canina-fruit-oil,Rosa Canina Fruit Oil,no-take,28,True
F0512,9,rubus-chamaemorus-seed-oil,Rubus Chamaemorus Seed Oil,sin_calificacion,5,True
F0512,10,rubus-idaeus-seed-oil,Rubus Idaeus Seed Oil/​Raspberry Seed Oil,no-take,16,True
F0512,11,squalane,Squalane,goodie,82,False
F0512,12,aroma,Aroma/​Flavor,sin_calificacion,150,False
F0512,13,caprylic-capric-triglyceride,Caprylic/​Capric Triglyceride,no-take,215,False
F0512,14,dibutyl-ethylhexanoyl-glutamide,Dibutyl Ethylhexanoyl Glutamide,no-take,18,True
F0512,15,ethylhexylglycerin,Ethylhexylglycerin,no-take,134,False
F0513,1,polybutene,Polybutene,no-take,212,False
F0513,2,paraffinum-liquidum,Mineral Oil/​Paraffinum Liquidum/​Huile Minérale,no-take,33,False
F0513,3,hydrogenated-styrene-isoprene-copolymer,Hydrogenated Styrene/​Isoprene Copolymer,no-take,44,False
F0513,4,ethylhexyl-palmitate,Ethylhexyl Palmitate,no-take,205,False
F0513,5,argania-spinosa-kernel-oil,Argania Spinosa Kernel Oil,goodie,36,False
F0513,7,trihydroxystearin,Trihydroxystearin,no-take,32,True
F0513,8,sodium-hyaluronate,Sodium Hyaluronate,goodie,132,False
F0513,9,vanillyl-butyl-ether,Vanillyl Butyl Ether,sin_calificacion,33,False
F0513,10,menthol,Menthol,icky,47,False
F0513,11,menthyl-lactate,Menthyl Lactate,icky,12,True
F0513,12,ethylhexylglycerin,Ethylhexylglycerin,no-take,134,False
F0513,13,tocopherol,Tocopherol,goodie,289,False
F0513,14,tocopheryl-acetate,Tocopheryl Acetate,no-take,357,False
F0513,15,pentaerythrityl-tetra-di-t-butyl-hydroxyhydrocinnamate,Pentaerythrityl Tetra-Di-T-Butyl Hydroxyhydrocinnamate,no-take,222,False
F0514,1,c18-36-acid-triglyceride,C18-36 Acid Triglyceride,no-take,10,True
F0514,2,bis-diglyceryl-polyacyladipate-2,Bis-Diglyceryl Polyacyladipate-2,no-take,169,False
F0514,3,pentaerythrityl-tetraisostearate,Pentaerythrityl Tetraisostearate,no-take,100,False
F0514,4,polybutene,Polybutene,no-take,212,False
F0514,5,tridecyl-trimellitate,Tridecyl Trimellitate,no-take,126,False
F0514,6,diisostearyl-malate,Diisostearyl Malate,no-take,228,False
F0514,7,silica-dimethyl-silylate,Silica Dimethyl Silylate [Nano],no-take,160,False
F0514,8,pentylene-glycol,Pentylene Glycol,no-take,26,True
F0514,9,phenoxyethanol,Phenoxyethanol,no-take,286,False
F0514,10,ethylhexyl-palmitate,Ethylhexyl Palmitate,no-take,205,False
F0514,11,pentaerythrityl-tetra-di-t-butyl-hydroxyhydrocinnamate,Pentaerythrityl Tetra-Di-T-Butyl Hydroxyhydrocinnamate,no-take,222,False
F0514,12,tribehenin,Tribehenin,no-take,82,False
F0514,13,capsicum-frutescens-fruit-extract,Capsicum Frutescens Fruit Extract,icky,24,True
F0514,14,ethylhexylglycerin,Ethylhexylglycerin,no-take,134,False
F0514,15,sorbic-acid,Sorbic Acid,no-take,30,True
F0515,1,dimethicone,Dimethicone,no-take,103,False
F0515,2,dimethicone-vinyl-dimethicone-crosspolymer,Dimethicone/​Vinyl Dimethicone Crosspolymer,no-take,25,True
F0515,4,polyglyceryl-2-triisostearate,Polyglyceryl-2 Triisostearate,no-take,101,False
F0515,5,tribehenin,Tribehenin,no-take,82,False
F0515,6,acrylates-copolymer,Acrylates Copolymer,no-take,14,True
F0515,7,peg-10-dimethicone,PEG-10 Dimethicone,no-take,5,True
F0515,8,butyrospermum-parkii-butter,Butyrospermum Parkii Butter/​Shea Butter,goodie,149,False
F0515,9,parfum,Parfum/​Fragrance,icky,331,False
F0515,10,ceramide-np,Ceramide NP,goodie,6,True
F0515,11,tocopheryl-acetate,Tocopheryl Acetate,no-take,357,False
F0515,13,dehydroacetic-acid,Dehydroacetic Acid,no-take,18,True
F0515,14,benzyl-benzoate,Benzyl Benzoate (F.I.L. N70057079/​1),icky,73,False
F0516,1,polyisobutene,Polyisobutene,no-take,121,False
F0516,2,tridecyl-trimellitate,Tridecyl Trimellitate,no-take,126,False
F0516,3,paraffinum-liquidum,Paraffinum Liquidum/​Mineral Oil/​Huile Minerale,no-take,33,False
F0516,4,c12-15-alkyl-benzoate,C12-15 Alkyl Benzoate,no-take,29,True
F0516,5,diisostearyl-malate,Diisostearyl Malate,no-take,228,False
F0516,6,isononyl-isononanoate,Isononyl Isononanoate,no-take,37,False
F0516,7,polyglyceryl-3-diisostearate,Polyglyceryl-3 Diisostearate,no-take,35,False
F0516,8,rosa-canina-fruit-oil,Rosa Canina Fruit Oil,no-take,28,True
F0516,9,rubus-chamaemorus-seed-oil,Rubus Chamaemorus Seed Oil,sin_calificacion,5,True
F0516,10,rubus-idaeus-seed-oil,Rubus Idaeus Seed Oil/​Raspberry Seed Oil,no-take,16,True
F0516,11,squalane,Squalane,goodie,82,False
F0516,12,aroma,Aroma/​Flavor,sin_calificacion,150,False
F0516,13,aluminum-hydroxide,Aluminum Hydroxide,no-take,112,False
F0516,14,caprylic-capric-triglyceride,Caprylic/​Capric Triglyceride,no-take,215,False
F0516,15,dibutyl-ethylhexanoyl-glutamide,Dibutyl Ethylhexanoyl Glutamide,no-take,18,True
F0517,1,lanolin-oil,Lanolin Oil,no-take,6,True
F0517,2,oleyl-erucate,Oleyl Erucate,no-take,5,True
F0517,3,hydrogenated-castor-oil-dimer-dilinoleate,Hydrogenated Castor Oil Dimer Dilinoleate,sin_calificacion,8,True
F0517,4,acetylated-lanolin,Acetylated Lanolin,no-take,5,True
F0517,5,sesamum-indicum-seed-oil,Sesamum Indicum Seed Oil/​Sesame Seed Oil,goodie,5,True
F0517,6,petrolatum,Petrolatum,goodie,33,False
F0517,7,microcrystalline-wax,Cera Microcristallina/​Microcrystalline Wax/​Cire Microcristalline,no-take,140,False
F0517,8,cera-alba,Cera Alba /​ Beeswax /​ Cire Dabeille,no-take,41,False
F0517,9,paraffin,Paraffin,no-take,37,False
F0517,10,talc,Talc,no-take,35,False
F0517,11,hdi-trimethylol-hexyllactone-crosspolymer,Hdi/​Trimethylol Hexyllactone Crosspolymer,no-take,8,True
F0517,12,synthetic-wax,Synthetic Wax,no-take,176,False
F0517,13,alumina,Alumina,no-take,91,False
F0517,14,mangifera-indica-seed-oil,Mangifera Indica Seed Butter/​Mango Seed Butter,goodie,38,False
F0517,15,butyrospermum-parkii-butter,Butyrospermum Parkii Butter/​Shea Butter,goodie,149,False
F0518,1,isododecane,Isododecane,no-take,59,False
F0518,2,trimethylsiloxysilicate,Trimethylsiloxysilicate,no-take,48,False
F0518,3,nylon-611-dimethicone-copolymer,Nylon-611/​Dimethicone Copolymer,no-take,6,True
F0518,4,disteardimonium-hectorite,Disteardimonium Hectorite,no-take,82,False
F0518,5,lauroyl-lysine,Lauroyl Lysine,no-take,16,True
F0518,6,macadamia-ternifolia-seed-oil,Macadamia Ternifolia Seed Oil,goodie,14,True
F0518,8,simmondsia-chinensis-seed-oil,Simmondsia Chinensis Seed Oil/​Jojoba Seed Oil,goodie,134,False
F0518,9,prunus-armeniaca-kernel-oil,Prunus Armeniaca Kernel Oil /​ Apricot Kernel Oil,goodie,19,True
F0518,10,passiflora-edulis-seed-oil,Passiflora Edulis Seed Oil,goodie,15,True
F0518,11,c30-45-alkyldimethylsilyl-polypropylsilsesquioxane,C30-45 Alkyldimethylsilyl Polypropylsilsesquioxane,sin_calificacion,10,True
F0518,12,sodium-hyaluronate,Sodium Hyaluronate,goodie,132,False
F0518,13,silica,Silica,no-take,267,False
F0518,14,alumina,Alumina,no-take,91,False
F0518,15,aluminum-hydroxide,Aluminum Hydroxide,no-take,112,False
F0519,1,hydrogenated-polyisobutene,Hydrogenated Polyisobutene,no-take,165,False
F0519,2,polybutene,Polybutene,no-take,212,False
F0519,3,diisostearyl-malate,Diisostearyl Malate,no-take,228,False
F0519,4,silica-silylate,Silica Silylate,no-take,26,True
F0519,5,parfum,Fragrance/​Parfum,icky,331,False
F0519,6,glycerin,Glycerin,superstar,102,False
F0519,7,silica,Silica,no-take,267,False
F0519,8,alumina,Alumina,no-take,91,False
F0519,9,aluminum-hydroxide,Aluminum Hydroxide,no-take,112,False
F0519,10,caprylyl-glycol,Caprylyl Glycol,no-take,167,False
F0519,11,tocopheryl-acetate,Tocopheryl Acetate,no-take,357,False
F0519,12,phenoxyethanol,Phenoxyethanol,no-take,286,False
F0519,13,eugenol,Eugenol,icky,13,True
F0519,14,hydroxycitronellal,Hydroxycitronellal,icky,17,True
F0519,15,benzyl-alcohol,Benzyl Alcohol,no-take,85,False
F0520,1,paraffinum-liquidum,Mineral Oil/​Paraffinum Liquidum/​Huile Minérale,no-take,33,False
F0520,2,polyisobutene,Polyisobutene,no-take,121,False
F0520,3,microcrystalline-wax,Microcrystalline Wax/​Cera Microcristallina/​Cire Microcristalline,no-take,140,False
F0520,4,myristyl-lactate,Myristyl Lactate,no-take,5,True
F0520,5,silica-dimethyl-silylate,Silica Dimethyl Silylate,no-take,160,False
F0520,6,caprylyl-glycol,Caprylyl Glycol,no-take,167,False
F0520,7,bht,BHT,no-take,68,False
F0520,8,pentaerythrityl-tetra-di-t-butyl-hydroxyhydrocinnamate,Pentaerythrityl Tetra-Di-T-Butyl Hydroxyhydrocinnamate,no-take,222,False
F0520,9,phenoxyethanol,Phenoxyethanol,no-take,286,False
F0520,10,parfum,Fragrance/​Parfum,icky,331,False
F0520,11,limonene,Limonene,icky,138,False
F0521,1,isononyl-isononanoate,Isononyl Isononanoate,no-take,37,False
F0521,2,ethylhexyl-palmitate,Ethylhexyl Palmitate,no-take,205,False
F0521,3,polyisobutene,Polyisobutene,no-take,121,False
F0521,4,silica,Silica,no-take,267,False
F0521,5,nylon-12,Nylon-12,no-take,9,True
F0521,6,candelilla-cera,Euphorbia Cerifera (Candelilla) Wax/​Candelilla Cera/​Cire De Candelilla,no-take,38,False
F0521,7,polyethylene,Polyethylene,no-take,122,False
F0521,8,paraffin,Paraffin,no-take,37,False
F0521,9,kaolin,Kaolin,goodie,40,False
F0521,10,aluminum-hydroxide,Aluminum Hydroxide,no-take,112,False
F0521,11,microcrystalline-wax,Microcrystalline Wax/​Cera Microcristallina/​Cire Microcristalline,no-take,140,False
F0521,12,glycerin,Glycerin,superstar,102,False
F0521,13,alumina,Alumina,no-take,91,False
F0521,14,aluminum-benzoate,Aluminum Benzoate,no-take,5,True
F0521,15,caprylyl-glycol,Caprylyl Glycol,no-take,167,False
F0522,1,water,Aqua/​Water/​Eau,no-take,106,False
F0522,2,glycerin,Glycerin,superstar,102,False
F0522,3,methylpropanediol,Methylpropanediol,no-take,5,True
F0522,4,pentylene-glycol,Pentylene Glycol,no-take,26,True
F0522,6,phenylpropanol,Phenylpropanol,no-take,6,True
F0522,7,hydroxyacetophenone,Hydroxyacetophenone,no-take,11,True
F0522,8,phenoxyethanol,Phenoxyethanol,no-take,286,False
F0522,9,xanthan-gum,Xanthan Gum,no-take,18,True
F0523,1,paraffinum-liquidum,Paraffinum Liquidum/​Mineral Oil/​Huile Minerale,no-take,33,False
F0523,2,polyisobutene,Polyisobutene,no-take,121,False
F0523,3,octyldodecanol,Octyldodecanol,no-take,208,False
F0523,4,diisostearyl-malate,Diisostearyl Malate,no-take,228,False
F0523,5,petrolatum,Petrolatum,goodie,33,False
F0523,6,silica-silylate,Silica Silylate,no-take,26,True
F0523,7,hydrogenated-styrene-isoprene-copolymer,Hydrogenated Styrene/​Isoprene Copolymer,no-take,44,False
F0523,8,microcrystalline-wax,Cera Microcristallina/​Microcrystalline Wax/​Cire Microcristalline,no-take,140,False
F0523,9,rosa-canina-fruit-oil,Rosa Canina Fruit Oil,no-take,28,True
F0523,10,vitis-vinifera-seed-oil,Vitis Vinifera Seed Oil/​Grape Seed Oil,goodie,15,True
F0523,11,simmondsia-chinensis-seed-oil,Simmondsia Chinensis Seed Oil/​Jojoba Seed Oil,goodie,134,False
F0523,12,cannabis-sativa-seed-oil,Cannabis Sativa Seed Oil,no-take,8,True
F0523,13,prunus-amygdalus-dulcis-oil,Prunus Amygdalus Dulcis Oil /​ Sweet Almond Oil,goodie,66,False
F0523,14,persea-gratissima-oil,Persea Gratissima Oil/​Avocado Oil,goodie,45,False
F0523,15,vegetable-oil,Olus Oil/​Vegetable Oil /​ Huile Vegetale,no-take,14,True
F0524,1,dimethicone,Dimethicone,no-take,103,False
F0524,2,isododecane,Isododecane,no-take,59,False
F0524,3,trimethylsiloxysilicate,Trimethylsiloxysilicate,no-take,48,False
F0524,4,nylon-611-dimethicone-copolymer,Nylon-611/​Dimethicone Copolymer,no-take,6,True
F0524,5,dimethicone-crosspolymer,Dimethicone Crosspolymer,no-take,30,True
F0524,6,c30-45-alkyldimethylsilyl-polypropylsilsesquioxane,C30-45 Alkyldimethylsilyl Polypropylsilsesquioxane,sin_calificacion,10,True
F0524,7,lauroyl-lysine,Lauroyl Lysine,no-take,16,True
F0524,9,silica-silylate,Silica Silylate,no-take,26,True
F0524,10,isopropyl-titanium-triisostearate,Isopropyl Titanium Triisostearate,no-take,15,True
F0524,11,sorbic-acid,Sorbic Acid,no-take,30,True
F0524,12,phenoxyethanol,Phenoxyethanol,no-take,286,False
F0524,13,parfum,Parfum/​Fragrance,icky,331,False
F0525,1,paraffinum-liquidum,Paraffinum Liquidum/​Mineral Oil/​Huile Minerale,no-take,33,False
F0525,2,polyisobutene,Polyisobutene,no-take,121,False
F0525,3,diisostearyl-malate,Diisostearyl Malate,no-take,228,False
F0525,4,octyldodecanol,Octyldodecanol,no-take,208,False
F0525,6,silica-dimethyl-silylate,Silica Dimethyl Silylate [Nano],no-take,160,False
F0525,7,ethylene-propylene-styrene-copolymer,Ethylene/​Propylene/​Styrene Copolymer,no-take,70,False
F0525,8,caprylic-capric-triglyceride,Caprylic/​Capric Triglyceride,no-take,215,False
F0525,9,synthetic-wax,Synthetic Wax,no-take,176,False
F0525,10,ethylhexylglycerin,Ethylhexylglycerin,no-take,134,False
F0525,11,butylene-ethylene-styrene-copolymer,Butylene/​Ethylene/​Styrene Copolymer,no-take,68,False
F0525,12,tocopheryl-acetate,Tocopheryl Acetate,no-take,357,False
F0525,13,diethylhexyl-syringylidenemalonate,Diethylhexyl Syringylidenemalonate,no-take,30,True
F0525,14,pentaerythrityl-tetra-di-t-butyl-hydroxyhydrocinnamate,Pentaerythrityl Tetra-Di-T-Butyl Hydroxyhydrocinnamate,no-take,222,False
F0525,15,sorbic-acid,Sorbic Acid,no-take,30,True
F0526,1,isododecane,Isododecane,no-take,59,False
F0526,2,trimethylsiloxysilicate,Trimethylsiloxysilicate,no-take,48,False
F0526,3,dimethicone,Dimethicone,no-take,103,False
F0526,4,polyethylene,Polyethylene,no-take,122,False
F0526,6,disteardimonium-hectorite,Disteardimonium Hectorite,no-take,82,False
F0526,7,citric-acid,Citric Acid,no-take,85,False
F0526,8,diisostearyl-malate,Diisostearyl Malate,no-take,228,False
F0526,9,helianthus-annuus-seed-wax,Helianthus Annuus (Sunflower) Seed Wax,no-take,47,False
F0526,10,maltodextrin,Maltodextrin,no-take,7,True
F0526,11,methicone,Methicone,no-take,18,True
F0526,12,polyisobutene,Polyisobutene,no-take,121,False
F0526,13,propylene-carbonate,Propylene Carbonate,no-take,95,False
F0526,14,ricinus-communis-seed-oil,Ricinus Communis (Castor) Seed Oil,no-take,145,False
F0526,15,sodium-hyaluronate,Sodium Hyaluronate,goodie,132,False
F0527,1,trioctyldodecyl-citrate,Trioctyldodecyl Citrate,no-take,6,True
F0527,2,ozokerite,Ozokerite,no-take,42,False
F0527,3,polybutene,Polybutene,no-take,212,False
F0527,4,ethylhexyl-palmitate,Ethylhexyl Palmitate,no-take,205,False
F0527,5,octyldodecyl-neopentanoate,Octyldodecyl Neopentanoate,no-take,18,True
F0527,6,pentaerythrityl-tetraisostearate,Pentaerythrityl Tetraisostearate,no-take,100,False
F0527,7,bis-diglyceryl-polyacyladipate-2,Bis-Diglyceryl Polyacyladipate-2,no-take,169,False
F0527,8,c10-30-cholesterol-lanosterol-esters,C10-30 Cholesterol/​Lanosterol Esters,goodie,10,True
F0527,9,caprylic-capric-triglyceride,Caprylic/​Capric Triglyceride,no-take,215,False
F0527,10,cera-microcrystalline,Cera Microcristallina/​Microcrystalline Wax/​Cire Microcristalline,sin_calificacion,11,True
F0527,11,paraffin,Paraffin,no-take,37,False
F0527,12,silica,Silica,no-take,267,False
F0527,13,aloe-barbadensis-leaf-extract,Aloe Barbadensis Leaf Extract,goodie,25,True
F0527,14,ascorbyl-palmitate,Ascorbyl Palmitate,icky,67,False
F0527,15,bht,BHT,no-take,68,False
F0528,1,trioctyldodecyl-citrate,Trioctyldodecyl Citrate,no-take,6,True
F0528,2,ozokerite,Ozokerite,no-take,42,False
F0528,3,polybutene,Polybutene,no-take,212,False
F0528,4,ethylhexyl-palmitate,Ethylhexyl Palmitate,no-take,205,False
F0528,5,octyldodecyl-neopentanoate,Octyldodecyl Neopentanoate,no-take,18,True
F0528,6,pentaerythrityl-tetraisostearate,Pentaerythrityl Tetraisostearate,no-take,100,False
F0528,7,c10-30-cholesterol-lanosterol-esters,C10-30 Cholesterol/​Lanosterol Esters,goodie,10,True
F0528,8,bis-diglyceryl-polyacyladipate-2,Bis-Diglyceryl Polyacyladipate-2,no-take,169,False
F0528,9,caprylic-capric-triglyceride,Caprylic/​Capric Triglyceride,no-take,215,False
F0528,10,microcrystalline-wax,Cera Microcristallina (Microcrystalline Wax),no-take,140,False
F0528,11,paraffin,Paraffin,no-take,37,False
F0528,12,silica,Silica,no-take,267,False
F0528,13,synthetic-wax,Synthetic Wax,no-take,176,False
F0528,14,tocopheryl-acetate,Tocopheryl Acetate,no-take,357,False
F0528,15,ascorbyl-palmitate,Ascorbyl Palmitate,icky,67,False
F0529,1,petrolatum,Petrolatum,goodie,33,False
F0529,2,polybutene,Polybutene,no-take,212,False
F0529,3,diisopropyl-dimer-dilinoleate,Diisopropyl Dimer Dilinoleate,no-take,8,True
F0529,4,bis-diglyceryl-polyacyladipate-2,Bis-Diglyceryl Polyacyladipate-2,no-take,169,False
F0529,5,isononyl-isononanoate,Isononyl Isononanoate,no-take,37,False
F0529,6,c10-30-cholesterol-lanosterol-esters,C10-30 Cholesterol/​Lanosterol Esters,goodie,10,True
F0529,7,silica,Silica,no-take,267,False
F0529,8,nylon-12,Nylon-12,no-take,9,True
F0529,9,hydrogenated-polyisobutene,Hydrogenated Polyisobutene,no-take,165,False
F0529,10,cera-alba,Cera Alba (Beeswax),no-take,41,False
F0529,11,tribehenin,Tribehenin,no-take,82,False
F0529,12,tocopheryl-acetate,Tocopheryl Acetate,no-take,357,False
F0529,13,cetearyl-ethylhexanoate,Cetearyl Ethylhexanoate,no-take,14,True
F0529,14,sorbitan-isostearate,Sorbitan Isostearate,no-take,86,False
F0529,15,portulaca-pilosa-extract,Portulaca Pilosa Extract,sin_calificacion,12,True
F0530,1,diisopropyl-dimer-dilinoleate,Diisopropyl Dimer Dilinoleate,no-take,8,True
F0530,2,isononyl-isononanoate,Isononyl Isononanoate,no-take,37,False
F0530,3,ozokerite,Ozokerite,no-take,42,False
F0530,4,aluminum-starch-octenylsuccinate,Aluminum Starch Octenylsuccinate,no-take,12,True
F0530,5,octyldodecyl-neopentanoate,Octyldodecyl Neopentanoate,no-take,18,True
F0530,6,silica,Silica,no-take,267,False
F0530,7,nylon-12,Nylon-12,no-take,9,True
F0530,8,kaolin,Kaolin,goodie,40,False
F0530,9,copernicia-cerifera-wax,Cera Carnauba/​Copernicia Cerifera (Carnauba) Wax/​Cire De Carnauba,no-take,67,False
F0530,10,synthetic-wax,Synthetic Wax,no-take,176,False
F0530,11,moringa-oleifera-seed-oil,Moringa Oleifera Seed Oil,goodie,8,True
F0530,12,theobroma-grandiflorum-seed-butter,Theobroma Grandiflorum Seed Butter,sin_calificacion,8,True
F0530,13,caprylic-capric-triglyceride,Caprylic/​Capric Triglyceride,no-take,215,False
F0530,15,hydrogenated-polyisobutene,Hydrogenated Polyisobutene,no-take,165,False
F0531,1,isododecane,Isododecane,no-take,59,False
F0531,2,dimethicone,Dimethicone,no-take,103,False
F0531,3,trimethylsiloxysilicate,Trimethylsiloxysilicate,no-take,48,False
F0531,4,polyethylene,Polyethylene,no-take,122,False
F0531,5,disteardimonium-hectorite,Disteardimonium Hectorite,no-take,82,False
F0531,6,c12-15-alkyl-benzoate,C12-15 Alkyl Benzoate,no-take,29,True
F0531,7,methicone,Methicone,no-take,18,True
F0531,8,silica,Silica,no-take,267,False
F0531,9,propylene-carbonate,Propylene Carbonate,no-take,95,False
F0531,10,bht,BHT,no-take,68,False
F0531,11,sorbic-acid,Sorbic Acid,no-take,30,True
F0531,12,caprylyl-glycol,Caprylyl Glycol,no-take,167,False
F0531,13,1-2-hexanediol,"1,2-Hexanediol",no-take,28,True
F0532,1,hydrogenated-polyisobutene,Hydrogenated Polyisobutene,no-take,165,False
F0532,2,cera-alba,Cera Alba (Beeswax),no-take,41,False
F0532,3,caprylic-capric-triglyceride,Caprylic/​Capric Triglyceride,no-take,215,False
F0532,4,petrolatum,Petrolatum,goodie,33,False
F0532,5,butyrospermum-parkii-butter,Butyrospermum Parkii (Shea) Butter,goodie,149,False
F0532,6,dimethicone,Dimethicone,no-take,103,False
F0532,7,microcrystalline-wax,Microcrystalline Wax,no-take,140,False
F0532,8,polybutene,Polybutene,no-take,212,False
F0532,9,silica,Silica,no-take,267,False
F0532,10,polymethyl-methacrylate,Polymethyl Methacrylate,no-take,7,True
F0532,11,tocopheryl-acetate,Tocopheryl Acetate,no-take,357,False
F0532,12,ethylhexylglycerin,Ethylhexylglycerin,no-take,134,False
F0532,13,phenoxyethanol,Phenoxyethanol,no-take,286,False
F0532,14,caprylyl-glycol,Caprylyl Glycol,no-take,167,False
F0532,15,bht,BHT,no-take,68,False
F0533,1,polybutene,Polybutene,no-take,212,False
F0533,2,diisostearyl-malate,Diisostearyl Malate,no-take,228,False
F0533,3,isononyl-isononanoate,Isononyl Isononanoate,no-take,37,False
F0533,4,bis-diglyceryl-polyacyladipate-2,Bis-Diglyceryl Polyacyladipate-2,no-take,169,False
F0533,5,octyldodecyl-neopentanoate,Octyldodecyl Neopentanoate,no-take,18,True
F0533,6,polyethylene,Polyethylene,no-take,122,False
F0533,7,ozokerite,Ozokerite,no-take,42,False
F0533,8,diisopropyl-dimer-dilinoleate,Diisopropyl Dimer Dilinoleate,no-take,8,True
F0533,9,cera-alba,Cera Alba/​ Beeswax/​ Cire De Abeille ((Beeswax) Cire D Abeille),no-take,41,False
F0533,10,parfum,Parfum (Fragrance),icky,331,False
F0533,11,aroma,Flavor,sin_calificacion,150,False
F0533,12,punica-granatum-seed-oil,Punica Granatum Seed Oil,goodie,13,True
F0533,13,rubus-idaeus-seed-oil,Rubus Idaeus (Raspberry) Seed Oil,no-take,16,True
F0533,14,vitis-vinifera-seed-oil,Vitis Vinifera (Grape) Seed Oil,goodie,15,True
F0533,15,euphorbia-cerifera-cera,Euphorbia Cerifera (Candelilla) Wax,no-take,73,False
F0534,1,polybutene,Polybutene,no-take,212,False
F0534,2,diisopropyl-dimer-dilinoleate,Diisopropyl Dimer Dilinoleate,no-take,8,True
F0534,3,ethylhexyl-palmitate,Ethylhexyl Palmitate,no-take,205,False
F0534,4,tridecyl-trimellitate,Tridecyl Trimellitate,no-take,126,False
F0534,5,polyethylene,Polyethylene,no-take,122,False
F0534,6,crambe-abyssinica-seed-oil,Crambe Abyssinica Seed Oil,goodie,6,True
F0534,7,persea-gratissima-oil,Persea Gratissima (Avocado) Oil,goodie,45,False
F0534,8,phospholipids,Phospholipids,goodie,6,True
F0534,9,sodium-chondroitin-sulfate,Sodium Chondroitin Sulfate,goodie,11,True
F0534,10,atelocollagen,Atelocollagen,sin_calificacion,11,True
F0534,11,hyaluronic-acid,Hyaluronic Acid,goodie,5,True
F0534,12,tocopherol,Tocopherol,goodie,289,False
F0534,13,cera-alba,(Soluble) Beeswax,no-take,41,False
F0535,1,ozokerite,Ozokerite,no-take,42,False
F0535,2,cyclopentasiloxane,Cyclopentasiloxane,no-take,7,True
F0535,3,trimethylsiloxysilicate,Trimethylsiloxysilicate,no-take,48,False
F0535,4,phenyl-trimethicone,Phenyl Trimethicone,no-take,23,True
F0535,5,polyethylene,Polyethylene,no-take,122,False
F0535,6,disteardimonium-hectorite,Disteardimonium Hectorite,no-take,82,False
F0535,7,tocopherol,Tocopherol,goodie,289,False
F0535,8,aloe-barbadensis-leaf-extract,Aloe Barbadensis Leaf Extract,goodie,25,True
F0535,9,glycine-soja-oil,Glycine Soja (Soybean) Oil,goodie,41,False
F0535,10,propylene-carbonate,Propylene Carbonate,no-take,95,False
F0535,11,dicalcium-phosphate,Dicalcium Phosphate,no-take,50,False
F0535,12,sorbic-acid,Sorbic Acid,no-take,30,True
F0536,1,polybutene,Polybutene,no-take,212,False
F0536,2,diisostearyl-malate,Diisostearyl Malate,no-take,228,False
F0536,3,isononyl-isononanoate,Isononyl Isononanoate,no-take,37,False
F0536,4,octyldodecyl-neopentanoate,Octyldodecyl Neopentanoate,no-take,18,True
F0536,5,bis-diglyceryl-polyacyladipate-2,Bis-Diglyceryl Polyacyladipate-2,no-take,169,False
F0536,6,polyethylene,Polyethylene,no-take,122,False
F0536,7,ozokerite,Ozokerite,no-take,42,False
F0536,8,diisopropyl-dimer-dilinoleate,Diisopropyl Dimer Dilinoleate,no-take,8,True
F0536,9,cera-alba,"Cera Alba ((Beeswax)
Cire D'Abeille)",no-take,41,False
F0536,10,punica-granatum-seed-oil,Punica Granatum Seed Oil,goodie,13,True
F0536,11,rubus-idaeus-seed-oil,Rubus Idaeus (Raspberry) Seed Oil,no-take,16,True
F0536,12,vitis-vinifera-seed-oil,Vitis Vinifera (Grape) Seed Oil,goodie,15,True
F0536,13,euphorbia-cerifera-cera,Euphorbia Cerifera (Candelilla) Wax,no-take,73,False
F0537,1,propylparaben,Propylparaben,no-take,5,True
F0537,2,ethylhexyl-methoxycinnamate,Ethylhexyl Methoxycinnamate,no-take,10,True
F0537,5,bht,BHT,no-take,68,False
F0537,10,synthetic-beeswax,Synthetic Beeswax,no-take,25,True
F0537,11,euphorbia-cerifera-cera,Euphorbia Cerifera Wax,no-take,73,False
F0537,12,ricinus-communis-seed-oil,Ricinus Communis Seed Oil,no-take,145,False
F0537,13,ozokerite,Ozokerite,no-take,42,False
F0537,15,paraffinum-liquidum,Paraffinum Liquidum,no-take,33,False
F0538,1,water,Aqua/​Water/​Eau,no-take,106,False
F0538,2,bis-diglyceryl-polyacyladipate-2,Bis-Diglyceryl Polyacyladipate-2,no-take,169,False
F0538,3,trimethylsiloxyphenyl-dimethicone,Trimethylsiloxyphenyl Dimethicone,sin_calificacion,12,True
F0538,4,diisostearyl-malate,Diisostearyl Malate,no-take,228,False
F0538,5,diphenyl-dimethicone,Diphenyl Dimethicone,no-take,6,True
F0538,6,hydrogenated-polyisobutene,Hydrogenated Polyisobutene,no-take,165,False
F0538,7,octyldodecanol,Octyldodecanol,no-take,208,False
F0538,8,bis-behenyl-isostearyl-phytosteryl-dimer-dilinoleyl-dimer-dilinoleate,Bis-Behenyl/​Isostearyl/​Phytosteryl Dimer Dilinoleyl Dimer Dilinoleate,no-take,42,False
F0538,9,glycerin,Glycerin,superstar,102,False
F0538,10,dipropylene-glycol,Dipropylene Glycol,no-take,5,True
F0538,11,cetyl-peg-ppg-10-1-dimethicone,Cetyl PEG/​PPG-10/​1 Dimethicone,no-take,26,True
F0538,12,sorbitan-isostearate,Sorbitan Isostearate,no-take,86,False
F0538,13,polysorbate-60,Polysorbate 60,no-take,18,True
F0538,14,pentylene-glycol,Pentylene Glycol,no-take,26,True
F0538,15,aluminum-hydroxide,Aluminum Hydroxide,no-take,112,False
F0539,1,hydrogenated-polyisobutene,Hydrogenated Polyisobutene,no-take,165,False
F0539,2,diisostearyl-malate,Diisostearyl Malate,no-take,228,False
F0539,3,polybutene,Polybutene,no-take,212,False
F0539,4,octyldodecanol,Octyldodecanol,no-take,208,False
F0539,5,diisopropyl-dimer-dilinoleate,Diisopropyl Dimer Dilinoleate,no-take,8,True
F0539,6,silica-silylate,Silica Silylate,no-take,26,True
F0539,7,crambe-abyssinica-seed-oil,Crambe Abyssinica Seed Oil,goodie,6,True
F0539,8,ethylene-propylene-styrene-copolymer,Ethylene/​Propylene/​Styrene Copolymer,no-take,70,False
F0539,10,moringa-oleifera-seed-oil,Moringa Oleifera Seed Oil,goodie,8,True
F0539,11,aroma,Aroma,sin_calificacion,150,False
F0539,12,butylene-ethylene-styrene-copolymer,Butylene/​Ethylene/​Styrene Copolymer,no-take,68,False
F0539,13,rosin,Colophonium/​Rosin/​Colophane,no-take,17,True
F0539,14,benzoic-acid,Benzoic Acid,no-take,14,True
F0539,15,bht,BHT,no-take,68,False
F0540,1,isododecane,Isododecane,no-take,59,False
F0540,2,trimethylsiloxysilicate,Trimethylsiloxysilicate,no-take,48,False
F0540,4,dimethicone,Dimethicone,no-take,103,False
F0540,5,phenyl-trimethicone,Phenyl Trimethicone,no-take,23,True
F0540,7,polyethylene,Polyethylene,no-take,122,False
F0540,8,disteardimonium-hectorite,Disteardimonium Hectorite,no-take,82,False
F0540,9,aloe-barbadensis-leaf-extract,Aloe Barbadensis Leaf Extract,goodie,25,True
F0540,10,diisostearyl-malate,Diisostearyl Malate,no-take,228,False
F0540,11,methicone,Methicone,no-take,18,True
F0540,15,silica,Silica,no-take,267,False
F0541,1,isododecane,Isododecane,no-take,59,False
F0541,2,dimethicone,Dimethicone,no-take,103,False
F0541,3,polyethylene,Polyethylene,no-take,122,False
F0541,4,trimethylsiloxysilicate,Trimethylsiloxysilicate,no-take,48,False
F0541,5,vinyl-dimethicone-methicone-silsesquioxane-crosspolymer,Vinyl Dimethicone/​Methicone Silsesquioxane Crosspolymer,no-take,10,True
F0541,6,diisostearyl-malate,Diisostearyl Malate,no-take,228,False
F0541,7,disteardimonium-hectorite,Disteardimonium Hectorite,no-take,82,False
F0541,8,isopropyl-titanium-triisostearate,Isopropyl Titanium Triisostearate,no-take,15,True
F0541,9,peg-10-dimethicone,PEG-10 Dimethicone,no-take,5,True
F0541,10,polyisobutene,Polyisobutene,no-take,121,False
F0541,11,propylene-carbonate,Propylene Carbonate,no-take,95,False
F0541,12,tocopheryl-acetate,Tocopheryl Acetate,no-take,357,False
F0541,13,parfum,Parfum (Fragrance),icky,331,False
F0541,14,benzyl-benzoate,Benzyl Benzoate,icky,73,False
F0541,15,limonene,Limonene,icky,138,False
F0542,1,hydrogenated-polyisobutene,Hydrogenated Polyisobutene,no-take,165,False
F0542,2,polybutene,Polybutene,no-take,212,False
F0542,3,squalane,Squalane,goodie,82,False
F0542,4,tridecyl-trimellitate,Tridecyl Trimellitate,no-take,126,False
F0542,5,silica-silylate,Silica Silylate,no-take,26,True
F0542,6,ethylene-propylene-styrene-copolymer,Ethylene/​Propylene/​Styrene Copolymer,no-take,70,False
F0542,7,polyglyceryl-4-isostearate,Polyglyceryl-4 Isostearate,no-take,9,True
F0542,8,cetyl-peg-ppg-10-1-dimethicone,Cetyl PEG/​PPG-10/​1 Dimethicone,no-take,26,True
F0542,9,hexyl-laurate,Hexyl Laurate,no-take,7,True
F0542,10,butylene-ethylene-styrene-copolymer,Butylene/​Ethylene/​Styrene Copolymer,no-take,68,False
F0542,13,caprylic-capric-triglyceride,Caprylic/​Capric Triglyceride,no-take,215,False
F0542,14,moringa-oleifera-seed-oil,Moringa Oleifera Seed Oil,goodie,8,True
F0543,1,hydrogenated-polyisobutene,Hydrogenated Polyisobutene,no-take,165,False
F0543,2,polybutene,Polybutene,no-take,212,False
F0543,3,tridecyl-trimellitate,Tridecyl Trimellitate,no-take,126,False
F0543,4,silica-silylate,Silica Silylate,no-take,26,True
F0543,5,cetyl-peg-ppg-10-1-dimethicone,Cetyl PEG/​PPG-10/​1 Dimethicone,no-take,26,True
F0543,6,hexyl-laurate,Hexyl Laurate,no-take,7,True
F0543,7,polyglyceryl-4-isostearate,Polyglyceryl-4 Isostearate,no-take,9,True
F0543,8,ethylene-propylene-styrene-copolymer,Ethylene/​Propylene/​Styrene Copolymer,no-take,70,False
F0543,9,butylene-ethylene-styrene-copolymer,Butylene/​Ethylene/​Styrene Copolymer,no-take,68,False
F0543,12,water,Aqua/​Water/​Eau,no-take,106,False
F0543,13,caprylic-capric-triglyceride,Caprylic/​Capric Triglyceride,no-take,215,False
F0543,14,glycerin,Glycerin,superstar,102,False
F0543,15,moringa-oleifera-seed-oil,Moringa Oleifera Seed Oil,goodie,8,True
F0544,1,hydrogenated-polyisobutene,Hydrogenated Polyisobutene,no-take,165,False
F0544,2,polybutene,Polybutene,no-take,212,False
F0544,3,squalane,Squalane,goodie,82,False
F0544,4,tridecyl-trimellitate,Tridecyl Trimellitate,no-take,126,False
F0544,5,silica-silylate,Silica Silylate,no-take,26,True
F0544,6,ethylene-propylene-styrene-copolymer,Ethylene/​Propylene/​Styrene Copolymer,no-take,70,False
F0544,7,polyglyceryl-4-isostearate,Polyglyceryl-4 Isostearate,no-take,9,True
F0544,8,hexyl-laurate,Hexyl Laurate,no-take,7,True
F0544,9,cetyl-peg-ppg-10-1-dimethicone,Cetyl PEG/​PPG-10/​1 Dimethicone,no-take,26,True
F0544,10,butylene-ethylene-styrene-copolymer,Butylene/​Ethylene/​Styrene Copolymer,no-take,68,False
F0544,13,caprylic-capric-triglyceride,Caprylic/​Capric Triglyceride,no-take,215,False
F0544,14,moringa-oleifera-seed-oil,Moringa Oleifera Seed Oil,goodie,8,True
F0545,1,water,Aqua (Water),no-take,106,False
F0545,2,octyldodecanol,Octyldodecanol,no-take,208,False
F0545,3,polyglyceryl-2-diisostearate,Polyglyceryl-2 Diisostearate,no-take,8,True
F0545,4,butylene-glycol,Butylene Glycol,no-take,61,False
F0545,8,ethylcellulose,Ethylcellulose,no-take,13,True
F0545,10,cetyl-peg-ppg-10-1-dimethicone,Cetyl PEG/​PPG-10/​1 Dimethicone,no-take,26,True
F0545,11,hexyl-laurate,Hexyl Laurate,no-take,7,True
F0545,12,polyglyceryl-4-isostearate,Polyglyceryl-4 Isostearate,no-take,9,True
F0545,13,glycerin,Glycerin,superstar,102,False
F0545,15,xanthan-gum,Xanthan Gum,no-take,18,True
F0546,1,polybutene,"""Polybutene",no-take,212,False
F0546,2,diisopropyl-dimer-dilinoleate,Diisopropyl Dimer Dilinoleate,no-take,8,True
F0546,3,ethylhexyl-palmitate,Ethylhexyl Palmitate,no-take,205,False
F0546,4,tridecyl-trimellitate,Tridecyl Trimellitate,no-take,126,False
F0546,5,polyethylene,Polyethylene,no-take,122,False
F0546,6,crambe-abyssinica-seed-oil,Crambe Abyssinica Seed Oil,goodie,6,True
F0546,7,persea-gratissima-oil,Persea Gratissima (Avocado) Oil,goodie,45,False
F0546,8,phospholipids,Phospholipids,goodie,6,True
F0546,9,sodium-chondroitin-sulfate,Sodium Chondroitin Sulfate,goodie,11,True
F0546,10,atelocollagen,Atelocollagen,sin_calificacion,11,True
F0546,11,hyaluronic-acid,Hyaluronic Acid,goodie,5,True
F0546,13,tocopherol,Tocopherol,goodie,289,False
F0546,14,soluble-collagen,Soluble Collagen,goodie,10,True
F0546,15,synthetic-beeswax,Synthetic Beeswax,no-take,25,True
F0547,1,bis-diglyceryl-polyacyladipate-2,Bis-Diglyceryl Polyacyladipate-2,no-take,169,False
F0547,2,octyldodecanol,Octyldodecanol,no-take,208,False
F0547,3,polyglyceryl-4-isostearate,Polyglyceryl-4 Isostearate,no-take,9,True
F0547,4,cetyl-peg-ppg-10-1-dimethicone,Cetyl PEG/​PPG-10/​1 Dimethicone,no-take,26,True
F0547,5,hexyl-laurate,Hexyl Laurate,no-take,7,True
F0547,6,ozokerite,Ozokerite,no-take,42,False
F0547,7,squalane,Squalane,goodie,82,False
F0547,8,ppg-51-smdi-copolymer,PPG-51/​Smdi Copolymer,sin_calificacion,5,True
F0547,9,diisostearyl-malate,Diisostearyl Malate,no-take,228,False
F0547,10,polyglyceryl-3-diisostearate,Polyglyceryl-3 Diisostearate,no-take,35,False
F0547,11,kaolin,Kaolin,goodie,40,False
F0547,12,octyldodecyl-neopentanoate,Octyldodecyl Neopentanoate,no-take,18,True
F0547,13,phenyl-trimethicone,Phenyl Trimethicone,no-take,23,True
F0547,14,polyisobutene,Polyisobutene,no-take,121,False
F0547,15,paraffin,Paraffin,no-take,37,False
F0548,1,pentaerythrityl-tetraethylhexanoate,Tetraethylhexanoate,no-take,10,True
F0548,2,polyethylene,Polyethylene,no-take,122,False
F0548,3,microcrystalline-wax,"Cera Microcristallina (Microcrystalline Wax, Cire Microcrystalline)",no-take,140,False
F0548,4,tridecyl-trimellitate,Tridecyl Trimellitate,no-take,126,False
F0548,5,ethylhexyl-palmitate,Ethylhexyl Palmitate,no-take,205,False
F0548,6,polybutene,Polybutene,no-take,212,False
F0548,7,bis-diglyceryl-polyacyladipate-2,Bis-Diglyceryl Polyacyladipate-2,no-take,169,False
F0548,8,diisostearyl-malate,Diisostearyl Malate,no-take,228,False
F0548,9,euphorbia-cerifera-cera,"Euphorbia Cerifera Cera (Candelilla Wax, Cire De Candelilla)",no-take,73,False
F0548,10,ricinus-communis-seed-oil,Ricinus Communis (Castor) Seed Oil,no-take,145,False
F0548,11,olea-europaea-fruit-oil,Olea Europaea (Olive) Fruit Oil,goodie,16,True
F0548,12,paraffin,Paraffin,no-take,37,False
F0548,13,tocopheryl-acetate,Tocopheryl Acetate,no-take,357,False
F0548,14,propylparaben,Propylparaben,no-take,5,True
F0548,15,paraffinum-liquidum,Paraffinum Liquidum (Mineral Oil/​Huile Minerale),no-take,33,False
F0549,1,bis-behenyl-isostearyl-phytosteryl-dimer-dilinoleyl-dimer-dilinoleate,Bis-Behenyl/​Isostearyl/​Phytosteryl Dimer Dilinoleyl Dimer Dilinoleate,no-take,42,False
F0549,2,bis-diglyceryl-polyacyladipate-2,Bis-Diglyceryl Polyacyladipate-2,no-take,169,False
F0549,3,phytosteryl-isostearyl-cetyl-stearyl-behenyl-dimer-dilinoleate,Phytosteryl/​Isostearyl/​Cetyl/​Stearyl/​Behenyl Dimer Dilinoleate,no-take,16,True
F0549,4,polybutene,Polybutene,no-take,212,False
F0549,5,octyldodecanol,Octyldodecanol,no-take,208,False
F0549,6,squalane,Squalane,goodie,82,False
F0549,7,diisostearyl-malate,Diisostearyl Malate,no-take,228,False
F0549,8,synthetic-wax,Synthetic Wax,no-take,176,False
F0549,9,dextrin-isostearate,Dextrin Isostearate,sin_calificacion,6,True
F0549,10,butyrospermum-parkii-butter,Butyrospermum Parkii (Shea) Butter,goodie,149,False
F0549,12,phenoxyethanol,Phenoxyethanol,no-take,286,False
F0549,13,parfum,Parfum (Fragrance),icky,331,False
F0549,14,tocopheryl-acetate,Tocopheryl Acetate,no-take,357,False
F0549,15,helianthus-annuus-seed-oil,Helianthus Annuus (Sunflower) Seed Oil,goodie,123,False
F0550,1,petrolatum,Petrolatum,goodie,33,False
F0550,2,bis-diglyceryl-polyacyladipate-2,Bis-Diglyceryl Polyacyladipate-2,no-take,169,False
F0550,3,hydrogenated-polyisobutene,Hydrogenated Polyisobutene,no-take,165,False
F0550,4,synthetic-beeswax,Synthetic Beeswax,no-take,25,True
F0550,5,phenoxyethanol,Phenoxyethanol,no-take,286,False
F0550,6,parfum,Parfum (Fragrance),icky,331,False
F0550,7,simmondsia-chinensis-seed-oil,Simmondsia Chinensis (Jojoba) Seed Oil,goodie,134,False
F0550,8,tocopheryl-acetate,Tocopheryl Acetate,no-take,357,False
F0550,9,bht,BHT,no-take,68,False
F0550,10,citral,Citral,icky,34,False
F0550,11,limonene,Limonene,icky,138,False
F0550,12,benzyl-alcohol,Benzyl Alcohol,no-take,85,False
F0550,13,geraniol,Geraniol,icky,43,False
F0550,14,linalool,Linalool,icky,91,False
F0550,15,benzyl-benzoate,Benzyl Benzoate,icky,73,False
F0551,1,octyldodecanol,Octyldodecanol,no-take,208,False
F0551,2,polybutene,Polybutene,no-take,212,False
F0551,3,tridecyl-trimellitate,Tridecyl Trimellitate,no-take,126,False
F0551,4,diisostearyl-malate,Diisostearyl Malate,no-take,228,False
F0551,5,tocopheryl-acetate,Tocopheryl Acetate,no-take,357,False
F0551,6,silica-dimethyl-silylate,Silica Dimethyl Silylate,no-take,160,False
F0551,7,phenoxyethanol,Phenoxyethanol,no-take,286,False
F0552,1,polybutene,Polybutene,no-take,212,False
F0552,2,ethylhexyl-palmitate,Ethylhexyl Palmitate,no-take,205,False
F0552,3,octyldodecanol,Octyldodecanol,no-take,208,False
F0552,4,hydrogenated-styrene-isoprene-copolymer,Hydrogenated Styrene/​Isoprene Copolymer,no-take,44,False
F0552,5,menthoxypropanediol,Menthoxypropanediol,sin_calificacion,16,True
F0552,6,phenoxyethanol,Phenoxyethanol,no-take,286,False
F0552,7,tocopheryl-acetate,Tocopheryl Acetate,no-take,357,False
F0552,8,vanillyl-butyl-ether,Vanillyl Butyl Ether,sin_calificacion,33,False
F0552,9,pentaerythrityl-tetra-di-t-butyl-hydroxyhydrocinnamate,Pentaerythrityl Tetra-Di-T-Butyl Hydroxyhydrocinnamate,no-take,222,False
F0552,10,zingiber-officinale-root-oil,Zingiber Officinale (Ginger) Root Oil,no-take,13,True
F0552,11,aroma,Aroma (Flavor),sin_calificacion,150,False
F0552,12,benzyl-benzoate,Benzyl Benzoate,icky,73,False
F0552,13,cinnamyl-alcohol,Cinnamyl Alcohol,no-take,9,True
F0552,14,hydroxycitronellal,Hydroxycitronellal,icky,17,True
F0553,1,isododecane,Isododecane,no-take,59,False
F0553,2,dimethicone,Dimethicone,no-take,103,False
F0553,3,trimethylsiloxysilicate,Trimethylsiloxysilicate,no-take,48,False
F0553,4,disteardimonium-hectorite,Disteardimonium Hectorite,no-take,82,False
F0553,5,kaolin,Kaolin,goodie,40,False
F0553,6,propylene-carbonate,Propylene Carbonate,no-take,95,False
F0553,7,parfum,Parfum (Fragrance),icky,331,False
F0553,8,vanillin,Vanillin,sin_calificacion,52,False
F0554,1,octyldodecanol,Octyldodecanol,no-take,208,False
F0554,2,diisostearyl-malate,Diisostearyl Malate,no-take,228,False
F0554,3,ethylhexyl-palmitate,Ethylhexyl Palmitate,no-take,205,False
F0554,4,bis-diglyceryl-polyacyladipate-2,Bis-Diglyceryl Polyacyladipate-2,no-take,169,False
F0554,5,ethylhexyl-methoxycinnamate,Ethylhexyl Methoxycinnamate,no-take,10,True
F0554,6,polyethylene,Polyethylene,no-take,122,False
F0554,8,tocopheryl-acetate,Tocopheryl Acetate,no-take,357,False
F0554,9,bht,BHT,no-take,68,False
F0555,1,ethylhexyl-palmitate,Ethylhexyl Palmitate,no-take,205,False
F0555,2,diisostearyl-malate,Diisostearyl Malate,no-take,228,False
F0555,3,octyldodecanol,Octyldodecanol,no-take,208,False
F0555,4,hydrogenated-styrene-isoprene-copolymer,Hydrogenated Styrene/​Isoprene Copolymer,no-take,44,False
F0555,5,polybutene,Polybutene,no-take,212,False
F0555,6,ricinus-communis-seed-oil,Ricinus Communis (Castor) Seed Oil,no-take,145,False
F0555,7,tribehenin,Tribehenin,no-take,82,False
F0555,8,phenoxyethanol,Phenoxyethanol,no-take,286,False
F0555,9,tocopheryl-acetate,Tocopheryl Acetate,no-take,357,False
F0555,10,vanillyl-butyl-ether,Vanillyl Butyl Ether,sin_calificacion,33,False
F0555,11,sorbitan-isostearate,Sorbitan Isostearate,no-take,86,False
F0555,12,ascorbyl-palmitate,Ascorbyl Palmitate,icky,67,False
F0555,13,butyrospermum-parkii-butter,Butyrospermum Parkii (Shea) Butter,goodie,149,False
F0555,14,pentaerythrityl-tetra-di-t-butyl-hydroxyhydrocinnamate,Pentaerythrityl Tetra-Di-T-Butyl Hydroxyhydrocinnamate,no-take,222,False
F0555,15,silica-dimethyl-silylate,Silica Dimethyl Silylate,no-take,160,False
F0556,1,petrolatum,Petrolatum,goodie,33,False
F0556,2,microcrystalline-wax,"Cera Microcristallina (Microcrystalline Wax, Cire Microcrystalline)",no-take,140,False
F0556,3,euphorbia-cerifera-cera,Euphorbia Cerifera (Candelilla) Wax,no-take,73,False
F0556,4,limnanthes-alba-seed-oil,Limnanthes Alba (Meadowfoam) Seed Oil,goodie,36,False
F0556,5,simmondsia-chinensis-seed-oil,Simmondsia Chinensis (Jojoba) Seed Oil,goodie,134,False
F0556,6,helianthus-annuus-seed-oil,Helianthus Annuus (Sunflower) Seed Oil,goodie,123,False
F0556,7,paraffin,Paraffin,no-take,37,False
F0556,8,tocopheryl-acetate,Tocopheryl Acetate,no-take,357,False
F0556,9,sorbitan-isostearate,Sorbitan Isostearate,no-take,86,False
F0556,10,aroma,Aroma (Flavor),sin_calificacion,150,False
F0556,11,propylparaben,Propylparaben,no-take,5,True
F0556,12,ethylhexyl-palmitate,Ethylhexyl Palmitate,no-take,205,False
F0556,13,paraffinum-liquidum,"Paraffinum Liquidum (Mineral Oil, Huile Minerale)",no-take,33,False
F0556,14,polybutene,Polybutene,no-take,212,False
F0556,15,isopropyl-myristate,Isopropyl Myristate,no-take,19,True
F0557,1,c10-30-cholesterol-lanosterol-esters,C10-30 Cholesterol/​Lanosterol Esters,goodie,10,True
F0557,2,bis-diglyceryl-polyacyladipate-2,Bis-Diglyceryl Polyacyladipate-2,no-take,169,False
F0557,3,ethylhexyl-palmitate,Ethylhexyl Palmitate,no-take,205,False
F0557,4,diisostearyl-malate,Diisostearyl Malate,no-take,228,False
F0557,5,polybutene,Polybutene,no-take,212,False
F0557,6,polyethylene,Polyethylene,no-take,122,False
F0557,7,ceresin,Ceresin,no-take,12,True
F0557,8,microcrystalline-wax,"Cera Microcristallina (Microcrystalline Wax, Cire Microcrystalline)",no-take,140,False
F0557,9,cannabis-sativa-seed-oil,Cannabis Sativa Seed Oil,no-take,8,True
F0557,10,tocopheryl-acetate,Tocopheryl Acetate,no-take,357,False
F0557,11,phenoxyethanol,Phenoxyethanol,no-take,286,False
F0557,12,aroma,Flavor(Aroma),sin_calificacion,150,False
F0558,1,polybutene,Polybutene,no-take,212,False
F0558,2,ethylhexyl-palmitate,Ethylhexyl Palmitate,no-take,205,False
F0558,3,tridecyl-trimellitate,Tridecyl Trimellitate,no-take,126,False
F0558,4,hydrogenated-styrene-isoprene-copolymer,Hydrogenated Styrene/​Isoprene Copolymer,no-take,44,False
F0558,5,pentaerythrityl-tetra-di-t-butyl-hydroxyhydrocinnamate,Pentaerythrityl Tetra-Di-T-Butyl Hydroxyhydrocinnamate,no-take,222,False
F0558,6,menthoxypropanediol,Menthoxypropanediol,sin_calificacion,16,True
F0558,7,phenoxyethanol,Phenoxyethanol,no-take,286,False
F0558,8,silica-dimethyl-silylate,Silica Dimethyl Silylate,no-take,160,False
F0558,9,butylene-glycol,Butylene Glycol,no-take,61,False
F0558,10,sodium-hyaluronate,Sodium Hyaluronate,goodie,132,False
F0558,11,caprylyl-glycol,Caprylyl Glycol,no-take,167,False
F0558,12,hexylene-glycol,Hexylene Glycol,no-take,51,False
F0558,13,glycine-soja-oil,Glycine Soja (Soyabean) Oil,goodie,41,False
F0558,14,tocopheryl-acetate,Tocopheryl Acetate,no-take,357,False
F0558,15,vanillyl-butyl-ether,Vanillyl Butyl Ether,sin_calificacion,33,False
F0559,1,ethylhexyl-palmitate,Ethylhexyl Palmitate,no-take,205,False
F0559,2,polybutene,Polybutene,no-take,212,False
F0559,3,diisostearyl-malate,Diisostearyl Malate,no-take,228,False
F0559,4,tridecyl-trimellitate,Tridecyl Trimellitate,no-take,126,False
F0559,5,hydrogenated-styrene-isoprene-copolymer,Hydrogenated Styrene/​Isoprene Copolymer,no-take,44,False
F0559,6,phenoxyethanol,Phenoxyethanol,no-take,286,False
F0559,7,tocopheryl-acetate,Tocopheryl Acetate,no-take,357,False
F0559,8,rubus-idaeus-seed-oil,Rubus Idaeus (Raspberry) Seed Oil,no-take,16,True
F0559,9,simmondsia-chinensis-seed-oil,Simmondsia Chinensis (Jojoba) Seed Oil,goodie,134,False
F0559,11,carthamus-tinctorius-seed-oil,Carthamus Tinctorius (Safflower) Seed Oil,goodie,17,True
F0559,12,pentaerythrityl-tetra-di-t-butyl-hydroxyhydrocinnamate,Pentaerythrityl Tetra-Di-T-Butyl Hydroxyhydrocinnamate,no-take,222,False
F0559,13,aroma,Aroma (Flavor),sin_calificacion,150,False
F0560,1,ethylhexyl-palmitate,Ethylhexyl Palmitate,no-take,205,False
F0560,2,tridecyl-trimellitate,Tridecyl Trimellitate,no-take,126,False
F0560,3,c12-15-alkyl-benzoate,C12-15 Alkyl Benzoate,no-take,29,True
F0560,4,polyethylene,Polyethylene,no-take,122,False
F0560,5,ceresin,Ceresin,no-take,12,True
F0560,7,silica,Silica,no-take,267,False
F0560,8,phenoxyethanol,Phenoxyethanol,no-take,286,False
F0560,9,tocopheryl-acetate,Tocopheryl Acetate,no-take,357,False
F0560,10,simmondsia-chinensis-seed-oil,Simmondsia Chinensis (Jojoba) Seed Oil,goodie,134,False
F0560,11,aroma,Aroma (Flavor),sin_calificacion,150,False
F0560,12,benzyl-benzoate,Benzyl Benzoate,icky,73,False
F0560,13,citronellol,Citronellol,icky,45,False
F0560,14,geraniol,Geraniol,icky,43,False
F0560,15,hexyl-cinnamal,Hexyl Cinnamal,icky,34,False
F0561,1,diisostearyl-malate,Diisostearyl Malate,no-take,228,False
F0561,2,pentaerythrityl-tetraisostearate,Pentaerythrityl Tetraisostearate,no-take,100,False
F0561,3,caprylic-capric-triglyceride,Caprylic/​Capric Triglyceride,no-take,215,False
F0561,4,polyisobutene,Polyisobutene,no-take,121,False
F0561,5,polyglyceryl-2-triisostearate,Polyglyceryl-2 Triisostearate,no-take,101,False
F0561,6,microcrystalline-wax,"Cera Microcristallina (Microcrystalline Wax, Cire Microcristalline)",no-take,140,False
F0561,7,bis-diglyceryl-polyacyladipate-2,Bis-Diglyceryl Polyacyladipate-2,no-take,169,False
F0561,8,silica-dimethyl-silylate,Silica Dimethyl Silylate,no-take,160,False
F0561,9,hydroxystearic-acid,Hydroxystearic Acid,no-take,8,True
F0561,10,polyethylene,Polyethylene,no-take,122,False
F0561,11,menthol,Menthol,icky,47,False
F0561,12,menthoxypropanediol,Menthoxypropanediol,sin_calificacion,16,True
F0561,13,tridecyl-trimellitate,Tridecyl Trimellitate,no-take,126,False
F0561,14,phenoxyethanol,Phenoxyethanol,no-take,286,False
F0561,15,menthyl-lactate,Menthyl Lactate,icky,12,True
F0562,2,tridecyl-trimellitate,Tridecyl Trimellitate,no-take,126,False
F0562,3,octyldodecanol,Octyldodecanol,no-take,208,False
F0562,4,diisostearyl-malate,Diisostearyl Malate,no-take,228,False
F0562,5,polybutene,Polybutene,no-take,212,False
F0562,6,tocopheryl-acetate,Tocopheryl Acetate,no-take,357,False
F0562,7,phenoxyethanol,Phenoxyethanol,no-take,286,False
F0562,8,aroma,Aroma (Flavor),sin_calificacion,150,False
F0563,1,octyldodecanol,Octyldodecanol,no-take,208,False
F0563,2,polybutene,Polybutene,no-take,212,False
F0563,3,tridecyl-trimellitate,Tridecyl Trimellitate,no-take,126,False
F0563,4,diisostearyl-malate,Diisostearyl Malate,no-take,228,False
F0563,5,ethylhexyl-palmitate,Ethylhexyl Palmitate,no-take,205,False
F0563,6,microcrystalline-wax,"Cera Microcristallina (Microcrystalline Wax, Cire Microcrystalline)",no-take,140,False
F0563,7,tocopheryl-acetate,Tocopheryl Acetate,no-take,357,False
F0563,8,silica,Fumed Silica,no-take,267,False
F0563,9,sodium-hyaluronate,Sodium Hyaluronate,goodie,132,False
F0563,10,phenoxyethanol,Phenoxyethanol,no-take,286,False
F0563,11,aroma,Aroma (Flavour),sin_calificacion,150,False
F0563,12,benzyl-salicylate,Benzyl Salicylate,icky,14,True
F0564,1,hydrogenated-polydecene,Hydrogenated Polydecene,no-take,30,True
F0564,2,tridecyl-trimellitate,Tridecyl Trimellitate,no-take,126,False
F0564,3,caprylic-capric-triglyceride,Caprylic/​Capric Triglyceride,no-take,215,False
F0564,4,hydrogenated-coconut-oil,Hydrogenated Coconut Oil,no-take,9,True
F0564,5,isononyl-isononanoate,Isononyl Isononanoate,no-take,37,False
F0564,6,synthetic-wax,Synthetic Wax (Cire Synthetique),no-take,176,False
F0564,7,bis-diglyceryl-polyacyladipate-2,Bis-Diglyceryl Polyacyladipate-2,no-take,169,False
F0564,8,silica-dimethyl-silylate,Silica Dimethyl Silylate,no-take,160,False
F0564,9,euphorbia-cerifera-cera,Euphorbia Cerifera (Candelilla) Wax,no-take,73,False
F0564,10,cocos-nucifera-oil,Cocos Nucifera (Coconut) Oil,goodie,57,False
F0564,11,dimer-dilinoleyl-dimer-dilinoleate,Dimer Dilinoleyl Dimer Dilinoleate,no-take,22,True
F0564,12,squalane,Squalane,goodie,82,False
F0564,14,butyrospermum-parkii-butter,Butyrospermum Parkii (Shea Butter),goodie,149,False
F0564,15,aloe-barbadensis-leaf-extract,Aloe Barbadensis Leaf Extract,goodie,25,True
F0565,1,hydrogenated-polyisobutene,Hydrogenated Polyisobutene,no-take,165,False
F0565,2,glycerin,Glycerin,superstar,102,False
F0565,3,water,"Aqua (Water, Eau)",no-take,106,False
F0565,4,cetearyl-ethylhexanoate,Cetearyl Ethylhexanoate,no-take,14,True
F0565,8,ethylene-propylene-styrene-copolymer,Ethylene/​Propylene/​Styrene Copolymer,no-take,70,False
F0565,9,helianthus-annuus-seed-wax,Helianthus Annuus (Sunflower) Seed Cera,no-take,47,False
F0565,10,olea-europaea-oil-unsaponifiables,Olea Europaea (Olive) Oil Unsaponifiables,sin_calificacion,6,True
F0565,12,isopropyl-myristate,Isopropyl Myristate,no-take,19,True
F0565,13,sodium-hyaluronate,Sodium Hyaluronate,goodie,132,False
F0565,14,palmitoyl-tripeptide-1,Palmitoyl Tripeptide-1,goodie,50,False
F0565,15,palmitoyl-tripeptide-38,Palmitoyl Tripeptide-38,goodie,14,True
F0566,1,polyisobutene,Polyisobutene,no-take,121,False
F0566,2,ethylhexyl-palmitate,Ethylhexyl Palmitate,no-take,205,False
F0566,3,microcrystalline-wax,"Cera Microcristallina (Microcrystalline Wax, Cire Microcrystalline)",no-take,140,False
F0566,4,silica-dimethyl-silylate,Silica Dimethyl Silylate,no-take,160,False
F0566,5,butyrospermum-parkii-butter,Butyrospermum Parkii (Shea) Butter,goodie,149,False
F0566,6,vp-hexadecene-copolymer,VP/​Hexadecene Copolymer,no-take,45,False
F0566,7,synthetic-wax,Synthetic Wax,no-take,176,False
F0566,8,vp-eicosene-copolymer,Vp/​Eicosene Copolymer,no-take,11,True
F0566,9,silica,Silica,no-take,267,False
F0566,10,glycerin,Glycerin,superstar,102,False
F0566,11,polysorbate-20,Polysorbate 20,no-take,6,True
F0566,12,parfum,Parfum (Fragrance),icky,331,False
F0566,13,ricinus-communis-seed-oil,Ricinus Communis (Castor) Seed Oil,no-take,145,False
F0566,14,sodium-hyaluronate,Sodium Hyaluronate,goodie,132,False
F0566,15,tribehenin,Tribehenin,no-take,82,False
F0567,1,paraffinum-liquidum,"Paraffinum Liquidum (Mineral Oil, Huile Minerale)",no-take,33,False
F0567,2,polyisobutene,Polyisobutene,no-take,121,False
F0567,3,caprylic-capric-triglyceride,Caprylic/​Capric Triglyceride,no-take,215,False
F0567,4,ethylhexyl-palmitate,Ethylhexyl Palmitate,no-take,205,False
F0567,5,hydrogenated-styrene-isoprene-copolymer,Hydrogenated Styrene/​Isoprene Copolymer,no-take,44,False
F0567,6,silica-dimethyl-silylate,Silica Dimethyl Silylate,no-take,160,False
F0567,7,tridecyl-trimellitate,Tridecyl Trimellitate,no-take,126,False
F0567,8,ethylhexylglycerin,Ethylhexylglycerin,no-take,134,False
F0567,9,caprylyl-glycol,Caprylyl Glycol,no-take,167,False
F0567,10,parfum,Parfum (Fragrance),icky,331,False
F0567,11,tocopherol,Tocopherol,goodie,289,False
F0568,1,polyisobutene,Polyisobutene,no-take,121,False
F0568,2,tridecyl-trimellitate,Tridecyl Trimellitate,no-take,126,False
F0568,3,octyldodecanol,Octyldodecanol,no-take,208,False
F0568,4,hydrogenated-polyisobutene,Hydrogenated Polyisobutene,no-take,165,False
F0568,5,diisostearyl-malate,Diisostearyl Malate,no-take,228,False
F0568,6,silica-dimethyl-silylate,Silica Dimethyl Silylate,no-take,160,False
F0568,7,squalane,Squalane,goodie,82,False
F0568,8,ethylene-propylene-styrene-copolymer,Ethylene/​Propylene/​Styrene Copolymer,no-take,70,False
F0568,9,menthyl-lactate,Menthyl Lactate,icky,12,True
F0568,10,phenoxyethanol,Phenoxyethanol,no-take,286,False
F0568,11,butylene-ethylene-styrene-copolymer,Butylene/​Ethylene/​Styrene Copolymer,no-take,68,False
F0568,12,rosa-canina-fruit-oil,Rosa Canina Fruit Oil,no-take,28,True
F0568,13,tocopheryl-acetate,Tocopheryl Acetate,no-take,357,False
F0568,14,parfum,Parfum (Fragrance),icky,331,False
F0568,15,pentaerythrityl-tetra-di-t-butyl-hydroxyhydrocinnamate,Pentaerythrityl Tetra-Di-T-Butyl Hydroxyhydrocinnamate,no-take,222,False
F0569,1,hydrogenated-polyisobutene,Hydrogenated Polyisobutene,no-take,165,False
F0569,2,isononyl-isononanoate,Isononyl Isononanoate,no-take,37,False
F0569,3,polyisobutene,Polyisobutene,no-take,121,False
F0569,4,tridecyl-trimellitate,Tridecyl Trimellitate,no-take,126,False
F0569,5,hydrogenated-styrene-isoprene-copolymer,Hydrogenated Styrene/​Isoprene Copolymer,no-take,44,False
F0569,6,ethylene-propylene-styrene-copolymer,Ethylene/​Propylene/​Styrene Copolymer,no-take,70,False
F0569,7,parfum,Parfum (Fragrance),icky,331,False
F0569,8,pentaerythrityl-tetra-di-t-butyl-hydroxyhydrocinnamate,Pentaerythrityl Tetra-Di-T-Butyl Hydroxyhydrocinnamate,no-take,222,False
F0569,9,prunus-avium-seed-oil,Prunus Avium (Sweet Cherry) Seed Oil,no-take,23,True
F0569,10,tocopheryl-acetate,Tocopheryl Acetate,no-take,357,False
F0569,11,helianthus-annuus-seed-oil,Helianthus Annuus (Sunflower) Seed Oil,goodie,123,False
F0569,12,ethylhexyl-palmitate,Ethylhexyl Palmitate,no-take,205,False
F0569,13,butylene-ethylene-styrene-copolymer,Butylene/​Ethylene/​Styrene Copolymer,no-take,68,False
F0569,14,tribehenin,Tribehenin,no-take,82,False
F0569,15,sorbitan-isostearate,Sorbitan Isostearate,no-take,86,False
F0570,1,polyisobutene,Polyisobutene,no-take,121,False
F0570,2,tridecyl-trimellitate,Tridecyl Trimellitate,no-take,126,False
F0570,3,c12-15-alkyl-benzoate,C12-15 Alkyl Benzoate,no-take,29,True
F0570,4,octyldodecanol,Octyldodecanol,no-take,208,False
F0570,5,diisostearyl-malate,Diisostearyl Malate,no-take,228,False
F0570,6,menthoxypropanediol,Menthoxypropanediol,sin_calificacion,16,True
F0570,7,limnanthes-alba-seed-oil,Limnanthes Alba (Meadowfoam) Seed Oil,goodie,36,False
F0570,8,tocopheryl-acetate,Tocopheryl Acetate,no-take,357,False
F0570,9,parfum,Parfum (Fragrance),icky,331,False
F0570,10,silica-dimethyl-silylate,Silica Dimethyl Silylate,no-take,160,False
F0570,11,phenoxyethanol,Phenoxyethanol,no-take,286,False
F0570,12,simmondsia-chinensis-seed-oil,Simmondsia Chinensis (Jojoba) Seed Oil,goodie,134,False
F0570,13,glyceryl-behenate,Glyceryl Behenate,no-take,24,True
F0570,14,hydrolyzed-sodium-hyaluronate,Hydrolyzed Sodium Hyaluronate,no-take,21,True
F0570,15,ethylhexyl-palmitate,Ethylhexyl Palmitate,no-take,205,False
F0571,1,hydrogenated-polydecene,Hydrogenated Polydecene,no-take,30,True
F0571,2,polyisobutene,Polyisobutene,no-take,121,False
F0571,3,octyldodecanol,Octyldodecanol,no-take,208,False
F0571,4,simmondsia-chinensis-seed-oil,Simmondsia Chinensis (Jojoba) Seed Oil,goodie,134,False
F0571,5,helianthus-annuus-seed-oil,Helianthus Annuus (Sunflower) Seed Oil,goodie,123,False
F0571,6,hydrogenated-styrene-isoprene-copolymer,Hydrogenated Styrene/​Isoprene Copolymer,no-take,44,False
F0571,7,tocopheryl-acetate,Tocopheryl Acetate,no-take,357,False
F0571,8,aroma,Aroma (Flavor),sin_calificacion,150,False
F0571,9,silica-dimethyl-silylate,Silica Dimethyl Silylate,no-take,160,False
F0571,10,phenoxyethanol,Phenoxyethanol,no-take,286,False
F0571,11,caprylyl-glycol,Caprylyl Glycol,no-take,167,False
F0571,12,sodium-hyaluronate,Sodium Hyaluronate,goodie,132,False
F0571,15,ethylhexylglycerin,Ethylhexylglycerin,no-take,134,False
F0572,1,ethylhexyl-palmitate,Ethylhexyl Palmitate,no-take,205,False
F0572,2,diisostearyl-malate,Diisostearyl Malate,no-take,228,False
F0572,3,tridecyl-trimellitate,Tridecyl Trimellitate,no-take,126,False
F0572,4,polybutene,Polybutene,no-take,212,False
F0572,5,hydrogenated-styrene-isoprene-copolymer,Hydrogenated Styrene/​Isoprene Copolymer,no-take,44,False
F0572,6,carthamus-tinctorius-seed-oil,Carthamus Tinctorius (Safflower) Seed Oil,goodie,17,True
F0572,7,camellia-sinensis-leaf-extract,Camellia Sinensis Leaf Extract,goodie,10,True
F0572,8,tocopheryl-acetate,Tocopheryl Acetate,no-take,357,False
F0572,9,simmondsia-chinensis-seed-oil,Simmondsia Chinensis (Jojoba) Seed Oil,goodie,134,False
F0572,10,butyrospermum-parkii-butter,Butyrospermum Parkii (Shea) Butter,goodie,149,False
F0572,11,phenoxyethanol,Phenoxyethanol,no-take,286,False
F0572,13,aroma,Aroma (Flavor),sin_calificacion,150,False
F0572,14,benzyl-benzoate,Benzyl Benzoate,icky,73,False
F0573,1,water,"Aqua (Water, Eau)",no-take,106,False
F0573,2,octyldodecanol,Octyldodecanol,no-take,208,False
F0573,3,trimethylsiloxyphenyl-dimethicone,Trimethylsiloxyphenyl Dimethicone,sin_calificacion,12,True
F0573,4,polyisobutene,Polyisobutene,no-take,121,False
F0573,6,bis-diglyceryl-polyacyladipate-2,Bis-Diglyceryl Polyacyladipate-2,no-take,169,False
F0573,8,ethylcellulose,Ethylcellulose,no-take,13,True
F0573,9,methyl-hydrogenated-rosinate,Methyl Hydrogenated Rosinate,no-take,18,True
F0573,10,diisostearyl-malate,Diisostearyl Malate,no-take,228,False
F0573,11,polysorbate-60,Polysorbate 60,no-take,18,True
F0573,12,sorbitan-stearate,Sorbitan Stearate,no-take,5,True
F0573,13,phenoxyethanol,Phenoxyethanol,no-take,286,False
F0573,14,hydroxyethyl-acrylate-sodium-acryloyldimethyl-taurate-copolymer,Hydroxyethyl Acrylate/​Sodium Acryloyldimethyl Taurate Copolymer,no-take,20,True
F0573,15,caprylyl-glycol,Caprylyl Glycol,no-take,167,False
F0574,1,ethylhexyl-palmitate,Ethylhexyl Palmitate,no-take,205,False
F0574,2,diisostearyl-malate,Diisostearyl Malate,no-take,228,False
F0574,3,tridecyl-trimellitate,Tridecyl Trimellitate,no-take,126,False
F0574,4,polybutene,Polybutene,no-take,212,False
F0574,5,hydrogenated-styrene-isoprene-copolymer,Hydrogenated Styrene/​Isoprene Copolymer,no-take,44,False
F0574,6,phenoxyethanol,Phenoxyethanol,no-take,286,False
F0574,7,tocopheryl-acetate,Tocopheryl Acetate,no-take,357,False
F0574,8,simmondsia-chinensis-seed-oil,Simmondsia Chinensis (Jojoba) Seed Oil,goodie,134,False
F0574,9,butyrospermum-parkii-butter,Butyrospermum Parkii (Shea) Butter,goodie,149,False
F0574,10,mangifera-indica-seed-oil,Mangifera Indica (Mango) Seed Butter,goodie,38,False
F0574,11,carthamus-tinctorius-seed-oil,Carthamus Tinctorius (Safflower) Seed Oil,goodie,17,True
F0574,12,camellia-sinensis-leaf-extract,Camellia Sinensis Leaf Extract,goodie,10,True
F0574,13,silica-dimethyl-silylate,Silica Dimethyl Silylate,no-take,160,False
F0574,15,retinyl-palmitate,Retinyl Palmitate,no-take,11,True
F0575,1,ethylhexyl-palmitate,Ethylhexyl Palmitate,no-take,205,False
F0575,2,diisostearyl-malate,Diisostearyl Malate,no-take,228,False
F0575,3,polybutene,Polybutene,no-take,212,False
F0575,4,tridecyl-trimellitate,Tridecyl Trimellitate,no-take,126,False
F0575,5,hydrogenated-styrene-isoprene-copolymer,Hydrogenated Styrene/​Isoprene Copolymer,no-take,44,False
F0575,6,phenoxyethanol,Phenoxyethanol,no-take,286,False
F0575,7,tocopheryl-acetate,Tocopheryl Acetate,no-take,357,False
F0575,8,prunus-avium-seed-oil,Prunus Avium (Sweet Cherry) Seed Oil,no-take,23,True
F0575,9,simmondsia-chinensis-seed-oil,Simmondsia Chinensis (Jojoba) Seed Oil,goodie,134,False
F0575,10,butyrospermum-parkii-butter,Butyrospermum Parkii (Shea) Butter,goodie,149,False
F0575,11,retinyl-palmitate,Retinyl Palmitate,no-take,11,True
F0575,12,pentaerythrityl-tetra-di-t-butyl-hydroxyhydrocinnamate,Pentaerythrityl Tetra-Di-T-Butyl Hydroxyhydrocinnamate,no-take,222,False
F0575,13,trihydroxystearin,Trihydroxystearin,no-take,32,True
F0575,14,tocopherol,Tocopherol,goodie,289,False
F0575,15,sodium-hyaluronate,Sodium Hyaluronate,goodie,132,False
F0576,1,polybutene,Polybutene,no-take,212,False
F0576,2,ethylhexyl-palmitate,Ethylhexyl Palmitate,no-take,205,False
F0576,3,octyldodecanol,Octyldodecanol,no-take,208,False
F0576,4,hydrogenated-styrene-isoprene-copolymer,Hydrogenated Styrene/​Isoprene Copolymer,no-take,44,False
F0576,5,menthoxypropanediol,Menthoxypropanediol,sin_calificacion,16,True
F0576,6,phenoxyethanol,Phenoxyethanol,no-take,286,False
F0576,7,tocopheryl-acetate,Tocopheryl Acetate,no-take,357,False
F0576,8,vanillyl-butyl-ether,Vanillyl Butyl Ether,sin_calificacion,33,False
F0576,9,pentaerythrityl-tetra-di-t-butyl-hydroxyhydrocinnamate,Pentaerythrityl Tetra-Di-T-Butyl Hydroxyhydrocinnamate,no-take,222,False
F0576,10,aroma,Aroma (Flavor),sin_calificacion,150,False
F0576,11,limonene,Limonene,icky,138,False
F0576,12,linalool,Linalool,icky,91,False
F0577,1,isononyl-isononanoate,Isononyl Isononanoate,no-take,37,False
F0577,2,aluminum-starch-octenylsuccinate,Aluminum Starch Octenylsuccinate,no-take,12,True
F0577,3,polyethylene,Polyethylene,no-take,122,False
F0577,4,ceresin,Ceresin,no-take,12,True
F0577,5,hydrogenated-microcrystalline-wax,Hydrogenated Microcrystalline Wax,no-take,12,True
F0577,6,diisostearyl-malate,Diisostearyl Malate,no-take,228,False
F0577,7,camellia-oleifera-seed-oil,Camellia Oleifera Seed Oil,goodie,18,True
F0577,8,tocopheryl-acetate,Tocopheryl Acetate,no-take,357,False
F0577,9,phenoxyethanol,Phenoxyethanol,no-take,286,False
F0577,10,aroma,Aroma (Flavor),sin_calificacion,150,False
F0578,1,paraffinum-liquidum,"Paraffinum Liquidum (Mineral Oil, Huile Minerale)",no-take,33,False
F0578,2,polyisobutene,Polyisobutene,no-take,121,False
F0578,3,octyldodecanol,Octyldodecanol,no-take,208,False
F0578,4,tribehenin,Tribehenin,no-take,82,False
F0578,5,tridecyl-trimellitate,Tridecyl Trimellitate,no-take,126,False
F0578,6,diisostearyl-malate,Diisostearyl Malate,no-take,228,False
F0578,7,parfum,Parfum (Fragrance),icky,331,False
F0578,8,tocopheryl-acetate,Tocopheryl Acetate,no-take,357,False
F0578,9,caprylyl-glycol,Caprylyl Glycol,no-take,167,False
F0578,10,dibutyl-ethylhexanoyl-glutamide,Dibutyl Ethylhexanoyl Glutamide,no-take,18,True
F0578,11,ethylhexylglycerin,Ethylhexylglycerin,no-take,134,False
F0578,13,hexyl-cinnamal,Hexyl Cinnamal,icky,34,False
F0578,14,citronellol,Citronellol,icky,45,False
F0578,15,linalool,Linalool,icky,91,False
F0579,1,polyisobutene,Polyisobutene,no-take,121,False
F0579,2,octyldodecanol,Octyldodecanol,no-take,208,False
F0579,3,tridecyl-trimellitate,Tridecyl Trimellitate,no-take,126,False
F0579,4,diisostearyl-malate,Diisostearyl Malate,no-take,228,False
F0579,5,tribehenin,Tribehenin,no-take,82,False
F0579,6,microcrystalline-wax,"Cera Microcristallina (Microcrystalline Wax, Cire Microcrystalline)",no-take,140,False
F0579,7,silica-dimethyl-silylate,Silica Dimethyl Silylate,no-take,160,False
F0579,8,tocopheryl-acetate,Tocopheryl Acetate,no-take,357,False
F0579,9,simmondsia-chinensis-seed-oil,Simmondsia Chinensis (Jojoba) Seed Oil,goodie,134,False
F0579,10,parfum,Parfum (Fragrance),icky,331,False
F0579,11,ricinus-communis-seed-oil,Ricinus Communis (Castor) Seed Oil,no-take,145,False
F0579,12,caprylyl-glycol,Caprylyl Glycol,no-take,167,False
F0579,13,palmitoyl-tripeptide-38,Palmitoyl Tripeptide-38,goodie,14,True
F0579,14,sodium-hyaluronate,Sodium Hyaluronate,goodie,132,False
F0579,15,ethylhexylglycerin,Ethylhexylglycerin,no-take,134,False
F0580,1,isododecane,Isododecane,no-take,59,False
F0580,2,ethylene-propylene-copolymer,Ethylene/​Propylene Copolymer,no-take,33,False
F0580,3,ethylhexyl-palmitate,Ethylhexyl Palmitate,no-take,205,False
F0580,5,dimethicone,Dimethicone,no-take,103,False
F0580,6,tocopheryl-acetate,Tocopheryl Acetate,no-take,357,False
F0580,7,phenoxyethanol,Phenoxyethanol,no-take,286,False
F0580,8,aroma,Flavor,sin_calificacion,150,False
F0581,1,water,"Aqua (Water, Eau)",no-take,106,False
F0581,3,butylene-glycol,Butylene Glycol,no-take,61,False
F0581,4,propylene-glycol,Propylene Glycol,no-take,13,True
F0581,5,phenoxyethanol,Phenoxyethanol,no-take,286,False
F0581,6,hydroxyethyl-acrylate-sodium-acryloyldimethyl-taurate-copolymer,Hydroxyethyl Acrylate/​Sodium Acryloyldimethyl Taurate Copolymer,no-take,20,True
F0581,7,caprylyl-glycol,Caprylyl Glycol,no-take,167,False
F0581,8,citric-acid,Citric Acid,no-take,85,False
F0581,9,sodium-hyaluronate,Sodium Hyaluronate,goodie,132,False
F0581,10,polysorbate-60,Polysorbate 60,no-take,18,True
F0581,11,sorbitan-isostearate,Sorbitan Isostearate,no-take,86,False
F0582,1,ethylhexyl-palmitate,Ethylhexyl Palmitate,no-take,205,False
F0582,2,polybutene,Polybutene,no-take,212,False
F0582,3,tridecyl-trimellitate,Tridecyl Trimellitate,no-take,126,False
F0582,4,hydrogenated-styrene-isoprene-copolymer,Hydrogenated Styrene/​Isoprene Copolymer,no-take,44,False
F0582,5,silica-silylate,Silica Silylate,no-take,26,True
F0582,6,polyethylene,Polyethylene,no-take,122,False
F0582,8,ricinus-communis-seed-oil,Castor Seed Oil,no-take,145,False
F0582,9,butyrospermum-parkii-butter,Shea Butter,goodie,149,False
F0582,10,persea-gratissima-oil,Persea Gratissima (Avocado) Oil,goodie,45,False
F0582,11,tocopheryl-acetate,Tocopheryl Acetate,no-take,357,False
F0582,12,phenoxyethanol,Phenoxyethanol,no-take,286,False
F0582,13,aroma,Aroma (Flavor),sin_calificacion,150,False
F0582,14,benzyl-benzoate,Benzyl Benzoate,icky,73,False
F0582,15,hydroxycitronellal,Hydroxycitronellal,icky,17,True
F0583,1,ricinus-communis-seed-oil,Ricinus Communis (Castor) Seed Oil,no-take,145,False
F0583,2,polyglyceryl-3-diisostearate,Polyglyceryl-3 Diisostearate,no-take,35,False
F0583,3,synthetic-beeswax,Synthetic Beeswax,no-take,25,True
F0583,6,ethylhexyl-methoxycinnamate,Ethylhexyl Methoxycinnamate,no-take,10,True
F0583,7,butyrospermum-parkii-butter,Butyrospermum Parkii (Shea) Butter,goodie,149,False
F0583,8,octyldodecanol,Octyldodecanol,no-take,208,False
F0583,10,helianthus-annuus-seed-wax,Helianthus Annuus (Sunflower) Seed Cera,no-take,47,False
F0583,11,theobroma-cacao-seed-butter,Theobroma Cacao (Cocoa) Seed Butter,goodie,18,True
F0583,12,parfum,Parfum (Fragrance),icky,331,False
F0583,14,ethylhexyl-triazone,Ethylhexyl Triazone,goodie,5,True
F0583,15,cocos-nucifera-oil,Cocos Nucifera (Coconut) Oil,goodie,57,False
F0584,1,ricinus-communis-seed-oil,Ricinus Communis (Castor) Seed Oil,no-take,145,False
F0584,2,helianthus-annuus-seed-oil,Helianthus Annuus (Sunflower) Seed Oil,goodie,123,False
F0584,3,hydrogenated-castor-oil,Hydrogenated Castor Oil,no-take,55,False
F0584,5,butyrospermum-parkii-butter,Butyrospermum Parkii (Shea) Butter,goodie,149,False
F0584,6,glyceryl-stearate,Glyceryl Stearate,no-take,10,True
F0584,8,squalane,Squalane,goodie,82,False
F0584,9,mangifera-indica-seed-oil,Mangifera Indica (Mango) Seed Butter,goodie,38,False
F0584,10,prunus-avium-seed-oil,Prunus Avium Seed Oil,no-take,23,True
F0584,12,copernicia-cerifera-wax,"Copernicia Cerifera Wax (Carnauba Wax, Cire De Carnauba)",no-take,67,False
F0584,15,aroma,Aroma (Flavor),sin_calificacion,150,False
F0585,1,polyisobutene,Polyisobutene,no-take,121,False
F0585,2,tridecyl-trimellitate,Tridecyl Trimellitate,no-take,126,False
F0585,3,octyldodecanol,Octyldodecanol,no-take,208,False
F0585,4,hydrogenated-polyisobutene,Hydrogenated Polyisobutene,no-take,165,False
F0585,5,diisostearyl-malate,Diisostearyl Malate,no-take,228,False
F0585,6,silica-dimethyl-silylate,Silica Dimethyl Silylate,no-take,160,False
F0585,7,squalane,Squalane,goodie,82,False
F0585,8,ethylene-propylene-styrene-copolymer,Ethylene/​Propylene/​Styrene Copolymer,no-take,70,False
F0585,9,menthyl-lactate,Menthyl Lactate,icky,12,True
F0585,10,phenoxyethanol,Phenoxyethanol,no-take,286,False
F0585,11,butylene-ethylene-styrene-copolymer,Butylene/​Ethylene/​Styrene Copolymer,no-take,68,False
F0585,12,rosa-canina-fruit-oil,Rosa Canina Fruit Oil,no-take,28,True
F0585,13,tocopheryl-acetate,Tocopheryl Acetate,no-take,357,False
F0585,14,parfum,Parfum (Fragrance),icky,331,False
F0585,15,pentaerythrityl-tetra-di-t-butyl-hydroxyhydrocinnamate,Pentaerythrityl Tetra-Di-T-Butyl Hydroxyhydrocinnamate,no-take,222,False
F0586,2,microcrystalline-wax,"Cera Microcristallina (Microcrystalline Wax, Cire Microcristalline)",no-take,140,False
F0586,4,paraffin,Paraffin,no-take,37,False
F0586,5,silica,Silica,no-take,267,False
F0586,7,synthetic-wax,Synthetic Wax,no-take,176,False
F0586,8,helianthus-annuus-seed-oil,Helianthus Annuus (Sunflower) Seed Oil,goodie,123,False
F0586,9,caprylic-capric-triglyceride,Caprylic/​Capric Triglyceride,no-take,215,False
F0586,10,simmondsia-chinensis-seed-oil,Simmondsia Chinensis (Jojoba) Seed Oil,goodie,134,False
F0586,12,vanillyl-butyl-ether,Vanillyl Butyl Ether,sin_calificacion,33,False
F0586,13,tocopheryl-acetate,Tocopheryl Acetate,no-take,357,False
F0586,14,phenoxyethanol,Phenoxyethanol,no-take,286,False
F0587,1,polyglyceryl-2-isostearate-dimer-dilinoleate-copolymer,Polyglyceryl-2 Isostearate/​Dimer Dilinoleate Copolymer,no-take,27,True
F0587,2,ethylhexyl-palmitate,Ethylhexyl Palmitate,no-take,205,False
F0587,3,tridecyl-trimellitate,Tridecyl Trimellitate,no-take,126,False
F0587,4,silica-dimethyl-silylate,Silica Dimethyl Silylate,no-take,160,False
F0587,5,hydroxystearic-acid,Hydroxystearic Acid,no-take,8,True
F0587,6,helianthus-annuus-seed-oil,Helianthus Annuus (Sunflower) Seed Oil,goodie,123,False
F0587,7,prunus-serrulata-flower-extract,Prunus Serrulata Flower Extract,sin_calificacion,5,True
F0587,8,rubus-idaeus-seed-oil,Rubus Idaeus (Raspberry) Seed Oil,no-take,16,True
F0587,9,simmondsia-chinensis-seed-oil,Simmondsia Chinensis (Jojoba) Seed Oil,goodie,134,False
F0587,10,tocopheryl-acetate,Tocopheryl Acetate,no-take,357,False
F0587,11,phenoxyethanol,Phenoxyethanol,no-take,286,False
F0587,12,aroma,Aroma (Flavor),sin_calificacion,150,False
F0588,1,bis-behenyl-isostearyl-phytosteryl-dimer-dilinoleyl-dimer-dilinoleate,Bis-Behenyl/​Isostearyl/​Phytosteryl Dimer Dilinoleyl Dimer Dilinoleate,no-take,42,False
F0588,2,bis-diglyceryl-polyacyladipate-2,Bis-Diglyceryl Polyacyladipate-2,no-take,169,False
F0588,3,phytosteryl-isostearyl-cetyl-stearyl-behenyl-dimer-dilinoleate,Phytosteryl/​Isostearyl/​Cetyl/​Stearyl/​Behenyl Dimer Dilinoleate,no-take,16,True
F0588,4,polybutene,Polybutene,no-take,212,False
F0588,5,octyldodecanol,Octyldodecanol,no-take,208,False
F0588,6,squalane,Squalane,goodie,82,False
F0588,7,diisostearyl-malate,Diisostearyl Malate,no-take,228,False
F0588,8,synthetic-wax,Synthetic Wax,no-take,176,False
F0588,9,dextrin-isostearate,Dextrin Isostearate,sin_calificacion,6,True
F0588,10,aluminum-hydroxide,Aluminum Hydroxide,no-take,112,False
F0588,11,butyrospermum-parkii-butter,Butyrospermum Parkii (Shea) Butter,goodie,149,False
F0588,12,phenoxyethanol,Phenoxyethanol,no-take,286,False
F0588,14,parfum,Parfum (Fragrance),icky,331,False
F0588,15,tocopheryl-acetate,Tocopheryl Acetate,no-take,357,False
F0589,1,hydrogenated-polydecene,Hydrogenated Polydecene,no-take,30,True
F0589,2,caprylic-capric-triglyceride,Caprylic/​Capric Triglyceride,no-take,215,False
F0589,3,microcrystalline-wax,"Cera Microcristallina (Microcrystalline Wax, Cire Microcristalline)",no-take,140,False
F0589,4,polyethylene,Polyethylene,no-take,122,False
F0589,5,tridecyl-trimellitate,Tridecyl Trimellitate,no-take,126,False
F0589,6,tocopheryl-acetate,Tocopheryl Acetate,no-take,357,False
F0589,7,aroma,Aroma (Flavor),sin_calificacion,150,False
F0589,8,caprylyl-glycol,Caprylyl Glycol,no-take,167,False
F0589,9,ethylhexylglycerin,Ethylhexylglycerin,no-take,134,False
F0589,10,sodium-hyaluronate,Sodium Hyaluronate,goodie,132,False
F0589,12,linalool,Linalool,icky,91,False
F0589,13,limonene,Limonene,icky,138,False
F0590,1,octyldodecanol,Octyldodecanol,no-take,208,False
F0590,2,bis-diglyceryl-polyacyladipate-2,Bis-Diglyceryl Polyacyladipate-2,no-take,169,False
F0590,3,microcrystalline-wax,"Cera Microcristallina (Microcrystalline Wax, Cire Microcrystalline)",no-take,140,False
F0590,4,aluminum-starch-octenylsuccinate,Aluminum Starch Octenylsuccinate,no-take,12,True
F0590,5,isononyl-isononanoate,Isononyl Isononanoate,no-take,37,False
F0590,6,kaolin,Kaolin,goodie,40,False
F0590,7,paraffin,Paraffin,no-take,37,False
F0590,8,silica,Silica,no-take,267,False
F0590,9,synthetic-beeswax,Synthetic Beeswax (Cire D'Abeille Synthetique),no-take,25,True
F0590,10,helianthus-annuus-seed-wax,Helianthus Annuus (Sunflower) Seed Wax,no-take,47,False
F0590,11,water,"Aqua (Water, Eau)",no-take,106,False
F0590,12,phenoxyethanol,Phenoxyethanol,no-take,286,False
F0590,13,shorea-robusta-resin,Shorea Robusta Resin,sin_calificacion,19,True
F0590,14,rhus-verniciflua-peel-wax,Rhus Verniciflua Peel Wax,no-take,5,True
F0590,15,simmondsia-chinensis-seed-oil,Simmondsia Chinensis (Jojoba) Seed Oil,goodie,134,False
F0591,1,water,"Aqua (Water, Eau)",no-take,106,False
F0591,2,glycerin,Glycerin,superstar,102,False
F0591,3,methylpropanediol,Methylpropanediol,no-take,5,True
F0591,6,sodium-hyaluronate,Sodium Hyaluronate,goodie,132,False
F0591,8,sucrose,Sucrose,goodie,6,True
F0591,10,punica-granatum-fruit-extract,Punica Granatum Fruit Extract,sin_calificacion,6,True
F0591,12,soluble-collagen,Soluble Collagen,goodie,10,True
F0591,13,allantoin,Allantoin,goodie,6,True
F0591,14,xanthan-gum,Xanthan Gum,no-take,18,True
F0592,1,water,"Aqua (Water, Eau)",no-take,106,False
F0592,2,caprylic-capric-triglyceride,Caprylic/​Capric Triglyceride,no-take,215,False
F0592,3,dimethicone,Dimethicone,no-take,103,False
F0592,4,hydrogenated-polyisobutene,Hydrogenated Polyisobutene,no-take,165,False
F0592,5,ethylhexyl-palmitate,Ethylhexyl Palmitate,no-take,205,False
F0592,6,c12-15-alkyl-benzoate,C12-15 Alkyl Benzoate,no-take,29,True
F0592,7,butylene-glycol,Butylene Glycol,no-take,61,False
F0592,8,cetyl-peg-ppg-10-1-dimethicone,Cetyl PEG/​PPG-10/​1 Dimethicone,no-take,26,True
F0592,9,phenoxyethanol,Phenoxyethanol,no-take,286,False
F0592,10,parfum,Parfum (Fragrance),icky,331,False
F0592,11,tocopheryl-acetate,Tocopheryl Acetate,no-take,357,False
F0592,12,vp-hexadecene-copolymer,VP/​Hexadecene Copolymer,no-take,45,False
F0592,13,limnanthes-alba-seed-oil,Limnanthes Alba (Meadowfoam) Seed Oil,goodie,36,False
F0592,14,ethylhexylglycerin,Ethylhexylglycerin,no-take,134,False
F0592,15,glyceryl-behenate,Glyceryl Behenate,no-take,24,True
F0593,1,paraffinum-liquidum,"Paraffinum Liquidum (Mineral Oil, Huile Minerale)",no-take,33,False
F0593,2,polyisobutene,Polyisobutene,no-take,121,False
F0593,3,caprylic-capric-triglyceride,Caprylic/​Capric Triglyceride,no-take,215,False
F0593,4,ethylhexyl-palmitate,Ethylhexyl Palmitate,no-take,205,False
F0593,5,hydrogenated-styrene-isoprene-copolymer,Hydrogenated Styrene/​Isoprene Copolymer,no-take,44,False
F0593,6,silica-dimethyl-silylate,Silica Dimethyl Silylate,no-take,160,False
F0593,7,tridecyl-trimellitate,Tridecyl Trimellitate,no-take,126,False
F0593,8,ethylhexylglycerin,Ethylhexylglycerin,no-take,134,False
F0593,9,caprylyl-glycol,Caprylyl Glycol,no-take,167,False
F0593,10,silica,Silica,no-take,267,False
F0593,11,parfum,Parfum (Fragrance),icky,331,False
F0593,12,tocopherol,Tocopherol,goodie,289,False
F0594,1,polyisobutene,Polyisobutene,no-take,121,False
F0594,2,diisostearyl-malate,Diisostearyl Malate,no-take,228,False
F0594,3,caprylic-capric-triglyceride,Caprylic/​Capric Triglyceride,no-take,215,False
F0594,4,polyglyceryl-2-triisostearate,Polyglyceryl-2 Triisostearate,no-take,101,False
F0594,5,pentaerythrityl-tetraisostearate,Pentaerythrityl Tetraisostearate,no-take,100,False
F0594,6,ricinus-communis-seed-oil,Ricinus Communis (Castor) Seed Oil,no-take,145,False
F0594,7,bis-diglyceryl-polyacyladipate-2,Bis-Diglyceryl Polyacyladipate-2,no-take,169,False
F0594,8,euphorbia-cerifera-cera,"Euphorbia Cerifera Cera (Candelilla Wax, Cire De Candelilla)",no-take,73,False
F0594,9,helianthus-annuus-seed-oil,Helianthus Annuus (Sunflower) Seed Oil,goodie,123,False
F0594,10,octyldodecanol,Octyldodecanol,no-take,208,False
F0594,11,ethylhexyl-palmitate,Ethylhexyl Palmitate,no-take,205,False
F0594,12,helianthus-annuus-seed-wax,Helianthus Annuus (Sunflower) Seed Wax,no-take,47,False
F0594,13,oryza-sativa-bran-wax,Oryza Sativa (Rice) Bran Wax,sin_calificacion,10,True
F0594,14,tridecyl-trimellitate,Tridecyl Trimellitate,no-take,126,False
F0594,15,polybutene,Polybutene,no-take,212,False
F0595,1,tridecyl-trimellitate,Tridecyl Trimellitate,no-take,126,False
F0595,2,octyldodecanol,Octyldodecanol,no-take,208,False
F0595,3,diisostearyl-malate,Diisostearyl Malate,no-take,228,False
F0595,4,polybutene,Polybutene,no-take,212,False
F0595,5,tocopheryl-acetate,Tocopheryl Acetate,no-take,357,False
F0595,6,phenoxyethanol,Phenoxyethanol,no-take,286,False
F0595,7,aroma,Aroma (Flavor),sin_calificacion,150,False
F0595,8,geraniol,Geraniol,icky,43,False
F0595,9,anise-alcohol,Anise Alcohol,no-take,7,True
F0596,1,dimethicone,Dimethicone,no-take,103,False
F0596,2,microcrystalline-wax,"Cera Microcristallina (Microcrystalline Wax, Cire Microcristalline)",no-take,140,False
F0596,3,isononyl-isononanoate,Isononyl Isononanoate,no-take,37,False
F0596,4,dimethicone-vinyl-dimethicone-crosspolymer,Dimethicone/​Vinyl Dimethicone Crosspolymer,no-take,25,True
F0596,5,kaolin,Kaolin,goodie,40,False
F0596,6,polyethylene,Polyethylene,no-take,122,False
F0596,7,bis-diglyceryl-polyacyladipate-2,Bis-Diglyceryl Polyacyladipate-2,no-take,169,False
F0596,8,synthetic-wax,Synthetic Wax,no-take,176,False
F0596,9,diisostearyl-malate,Diisostearyl Malate,no-take,228,False
F0596,10,tocopheryl-acetate,Tocopheryl Acetate,no-take,357,False
F0596,11,phenoxyethanol,Phenoxyethanol,no-take,286,False
F0596,12,ascorbyl-palmitate,Ascorbyl Palmitate,icky,67,False
F0596,13,octyldodecanol,Octyldodecanol,no-take,208,False
F0596,14,ethylhexylglycerin,Ethylhexylglycerin,no-take,134,False
F0596,15,water,"Aqua (Water, Eau)",no-take,106,False
F0597,1,ethylhexyl-palmitate,Ethylhexyl Palmitate,no-take,205,False
F0597,2,diisostearyl-malate,Diisostearyl Malate,no-take,228,False
F0597,3,polybutene,Polybutene,no-take,212,False
F0597,4,tridecyl-trimellitate,Tridecyl Trimellitate,no-take,126,False
F0597,5,hydrogenated-styrene-isoprene-copolymer,Hydrogenated Styrene/​Isoprene Copolymer,no-take,44,False
F0597,6,phenoxyethanol,Phenoxyethanol,no-take,286,False
F0597,7,tocopheryl-acetate,Tocopheryl Acetate,no-take,357,False
F0597,8,prunus-avium-seed-oil,Prunus Avium (Sweet Cherry) Seed Oil,no-take,23,True
F0597,9,simmondsia-chinensis-seed-oil,Simmondsia Chinensis (Jojoba) Seed Oil,goodie,134,False
F0597,10,butyrospermum-parkii-butter,Butyrospermum Parkii (Shea) Butter,goodie,149,False
F0597,11,retinyl-palmitate,Retinyl Palmitate,no-take,11,True
F0597,12,pentaerythrityl-tetra-di-t-butyl-hydroxyhydrocinnamate,Pentaerythrityl Tetra-Di-T-Butyl Hydroxyhydrocinnamate,no-take,222,False
F0597,13,trihydroxystearin,Trihydroxystearin,no-take,32,True
F0597,14,tocopherol,Tocopherol,goodie,289,False
F0597,15,sodium-hyaluronate,Sodium Hyaluronate,goodie,132,False
F0598,1,hydrogenated-polyisobutene,Hydrogenated Polyisobutene,no-take,165,False
F0598,2,polyisobutene,Polyisobutene,no-take,121,False
F0598,3,diisostearyl-malate,Diisostearyl Malate,no-take,228,False
F0598,4,bis-behenyl-isostearyl-phytosteryl-dimer-dilinoleyl-dimer-dilinoleate,Bis-Behenyl/​Isostearyl/​Phytosteryl Dimer Dilinoleyl Dimer Dilinoleate,no-take,42,False
F0598,5,hydrogenated-styrene-isoprene-copolymer,Hydrogenated Styrene/​Isoprene Copolymer,no-take,44,False
F0598,6,microcrystalline-wax,"Cera Microcristallina (Microcrystalline Wax, Cire Microcristalline)",no-take,140,False
F0598,7,ethylene-propylene-styrene-copolymer,Ethylene/​Propylene/​Styrene Copolymer,no-take,70,False
F0598,8,aroma,Aroma (Flavor),sin_calificacion,150,False
F0598,9,pentaerythrityl-tetra-di-t-butyl-hydroxyhydrocinnamate,Pentaerythrityl Tetra-Di-T-Butyl Hydroxyhydrocinnamate,no-take,222,False
F0598,10,prunus-avium-seed-oil,Prunus Avium (Sweet Cherry) Seed Oil,no-take,23,True
F0598,11,tocopheryl-acetate,Tocopheryl Acetate,no-take,357,False
F0598,12,persea-gratissima-oil,Persea Gratissima (Avocado) Oil,goodie,45,False
F0598,13,squalane,Squalane,goodie,82,False
F0598,14,helianthus-annuus-seed-oil,Helianthus Annuus (Sunflower) Seed Oil,goodie,123,False
F0598,15,ethylhexyl-palmitate,Ethylhexyl Palmitate,no-take,205,False
F0599,1,dimethicone,Dimethicone,no-take,103,False
F0599,2,dimethicone-vinyl-dimethicone-crosspolymer,Dimethicone/​Vinyl Dimethicone Crosspolymer,no-take,25,True
F0599,3,trimethylsiloxysilicate,Trimethylsiloxysilicate,no-take,48,False
F0599,4,cetyl-peg-ppg-10-1-dimethicone,Cetyl PEG/​PPG-10/​1 Dimethicone,no-take,26,True
F0599,5,silica,Silica,no-take,267,False
F0599,6,phenoxyethanol,Phenoxyethanol,no-take,286,False
F0599,7,simmondsia-chinensis-seed-oil,Simmondsia Chinensis (Jojoba) Seed Oil,goodie,134,False
F0599,8,tocopheryl-acetate,Tocopheryl Acetate,no-take,357,False
F0599,9,limnanthes-alba-seed-oil,Limnanthes Alba (Meadowfoam) Seed Oil,goodie,36,False
F0600,1,ethylhexyl-palmitate,Ethylhexyl Palmitate,no-take,205,False
F0600,2,triethylhexanoin,Triethylhexanoin,no-take,21,True
F0600,3,microcrystalline-wax,"Cera Microcristallina (Microcrystalline Wax, Cire Microcrystalline)",no-take,140,False
F0600,4,dimethicone-vinyl-dimethicone-crosspolymer,Dimethicone/​Vinyl Dimethicone Crosspolymer,no-take,25,True
F0600,5,silica,Silica,no-take,267,False
F0600,6,polyethylene,Polyethylene,no-take,122,False
F0600,7,bis-diglyceryl-polyacyladipate-2,Bis-Diglyceryl Polyacyladipate-2,no-take,169,False
F0600,8,polymethyl-methacrylate,Polymethyl Methacrylate,no-take,7,True
F0600,9,bis-diglyceryl-polyacyladipate-1,Bis-Diglyceryl Polyacyladipate-1,no-take,20,True
F0600,10,paraffinum-liquidum,"Paraffinum Liquidum (Mineral Oil, Huile Minerale)",no-take,33,False
F0600,11,polybutene,Polybutene,no-take,212,False
F0600,13,isopropyl-myristate,Isopropyl Myristate,no-take,19,True
F0600,14,euphorbia-cerifera-cera,Euphorbia Cerifera Cera (Candelilla) Wax,no-take,73,False
F0600,15,petrolatum,Petrolatum,goodie,33,False
F0601,1,paraffinum-liquidum,"Paraffinum Liquidum (Mineral Oil, Huile Minerale)",no-take,33,False
F0601,2,tridecyl-trimellitate,Tridecyl Trimellitate,no-take,126,False
F0601,3,caprylic-capric-triglyceride,Caprylic/​Capric Triglyceride,no-take,215,False
F0601,4,ethylhexyl-palmitate,Ethylhexyl Palmitate,no-take,205,False
F0601,5,ethylene-propylene-styrene-copolymer,Ethylene/​Propylene/​Styrene Copolymer,no-take,70,False
F0601,6,silica-dimethyl-silylate,Silica Dimethyl Silylate,no-take,160,False
F0601,7,hydroxystearic-acid,Hydroxystearic Acid,no-take,8,True
F0601,8,pentaerythrityl-tetraisostearate,Pentaerythrityl Tetraisostearate,no-take,100,False
F0601,9,stearalkonium-hectorite,Stearalkonium Hectorite,no-take,26,True
F0601,10,propylene-carbonate,Propylene Carbonate,no-take,95,False
F0601,11,palmitoyl-hexapeptide-12,Palmitoyl Hexapeptide-12,goodie,12,True
F0601,12,ceramide-np,Ceramide NP,goodie,6,True
F0602,1,hydrogenated-polyisobutene,Hydrogenated Polyisobutene,no-take,165,False
F0602,2,ethylhexyl-palmitate,Ethylhexyl Palmitate,no-take,205,False
F0602,3,polyisobutene,Polyisobutene,no-take,121,False
F0602,4,ethylene-propylene-styrene-copolymer,Ethylene/​Propylene/​Styrene Copolymer,no-take,70,False
F0602,5,silica-dimethyl-silylate,Silica Dimethyl Silylate,no-take,160,False
F0602,6,menthyl-lactate,Menthyl Lactate,icky,12,True
F0602,7,microcrystalline-wax,"Cera Microcristallina (Microcrystalline Wax, Cire Microcrystalline)",no-take,140,False
F0602,8,menthol,Menthol,icky,47,False
F0602,9,phenoxyethanol,Phenoxyethanol,no-take,286,False
F0602,10,parfum,Parfum (Fragrance),icky,331,False
F0602,11,butylene-ethylene-styrene-copolymer,Butylene/​Ethylene/​Styrene Copolymer,no-take,68,False
F0602,12,tocopheryl-acetate,Tocopheryl Acetate,no-take,357,False
F0602,13,persea-gratissima-oil,Persea Gratissima (Avocado) Oil,goodie,45,False
F0602,14,pentaerythrityl-tetra-di-t-butyl-hydroxyhydrocinnamate,Pentaerythrityl Tetra-Di-T-Butyl Hydroxyhydrocinnamate,no-take,222,False
F0602,15,aluminum-hydroxide,Aluminum Hydroxide,no-take,112,False
F0603,1,octyldodecanol,Octyldodecanol,no-take,208,False
F0603,2,microcrystalline-wax,"Cera Microcristallina (Microcrystalline Wax, Cire Microcrystalline)",no-take,140,False
F0603,3,silica,Silica,no-take,267,False
F0603,4,phenyl-trimethicone,Phenyl Trimethicone,no-take,23,True
F0603,5,euphorbia-cerifera-cera,"Euphorbia Cerifera Cera (Euphorbia Cerifera (Candelilla) Wax, Cire De Candelilla)",no-take,73,False
F0603,6,diisostearyl-malate,Diisostearyl Malate,no-take,228,False
F0603,7,paraffin,Paraffin,no-take,37,False
F0603,8,bis-diglyceryl-polyacyladipate-2,Bis-Diglyceryl Polyacyladipate-2,no-take,169,False
F0603,10,synthetic-wax,Synthetic Wax,no-take,176,False
F0603,11,palmitoyl-tripeptide-38,Palmitoyl Tripeptide-38,goodie,14,True
F0603,12,tocopheryl-acetate,Tocopheryl Acetate,no-take,357,False
F0603,13,hydrogenated-castor-oil,Hydrogenated Castor Oil,no-take,55,False
F0603,14,ricinus-communis-seed-oil,Ricinus Communis (Castor) Seed Oil,no-take,145,False
F0603,15,caprylyl-glycol,Caprylyl Glycol,no-take,167,False
F0604,1,dimethicone,Dimethicone,no-take,103,False
F0604,2,dimethicone-vinyl-dimethicone-crosspolymer,Dimethicone/​Vinyl Dimethicone Crosspolymer,no-take,25,True
F0604,3,isononyl-isononanoate,Isononyl Isononanoate,no-take,37,False
F0604,4,tribehenin,Tribehenin,no-take,82,False
F0604,5,polyglyceryl-2-triisostearate,Polyglyceryl-2 Triisostearate,no-take,101,False
F0604,6,diisostearyl-malate,Diisostearyl Malate,no-take,228,False
F0604,7,paraffin,Paraffin,no-take,37,False
F0604,8,microcrystalline-wax,"Cera Microcristallina (Microcrystalline Wax, Cire Microcrystalline)",no-take,140,False
F0604,9,cetyl-peg-ppg-10-1-dimethicone,Cetyl PEG/​PPG-10/​1 Dimethicone,no-take,26,True
F0604,10,sorbitan-stearate,Sorbitan Stearate,no-take,5,True
F0604,11,lecithin,Lecithin,goodie,47,False
F0604,12,polyhydroxystearic-acid,Polyhydroxystearic Acid,no-take,36,False
F0604,13,phenoxyethanol,Phenoxyethanol,no-take,286,False
F0604,14,caprylyl-glycol,Caprylyl Glycol,no-take,167,False
F0604,15,ethylhexyl-palmitate,Ethylhexyl Palmitate,no-take,205,False
F0605,1,water,"Aqua (Water, Eau)",no-take,106,False
F0605,2,butyrospermum-parkii-butter,Butyrospermum Parkii (Shea) Butter,goodie,149,False
F0605,3,ricinus-communis-seed-oil,Ricinus Communis (Castor) Seed Oil,no-take,145,False
F0605,6,theobroma-cacao-seed-butter,Theobroma Cacao (Cocoa) Seed Butter,goodie,18,True
F0605,8,squalane,Squalane,goodie,82,False
F0605,9,glyceryl-stearate,Glyceryl Stearate,no-take,10,True
F0605,10,mangifera-indica-seed-oil,Mangifera Indica (Mango) Seed Butter,goodie,38,False
F0606,1,polybutene,Polybutene,no-take,212,False
F0606,2,ethylhexyl-palmitate,Ethylhexyl Palmitate,no-take,205,False
F0606,3,tridecyl-trimellitate,Tridecyl Trimellitate,no-take,126,False
F0606,4,hydrogenated-polyisobutene,Hydrogenated Polyisobutene,no-take,165,False
F0606,5,diisostearyl-malate,Diisostearyl Malate,no-take,228,False
F0606,6,silica-silylate,Silica Silylate,no-take,26,True
F0606,7,polyethylene,Polyethylene,no-take,122,False
F0606,8,polyglyceryl-3-diisostearate,Polyglyceryl-3 Diisostearate,no-take,35,False
F0606,9,hydrogenated-microcrystalline-wax,Hydrogenated Microcrystalline Wax,no-take,12,True
F0606,10,ethylene-propylene-styrene-copolymer,Ethylene/​Propylene/​Styrene Copolymer,no-take,70,False
F0606,11,phenoxyethanol,Phenoxyethanol,no-take,286,False
F0606,12,tocopheryl-acetate,Tocopheryl Acetate,no-take,357,False
F0606,14,butylene-ethylene-styrene-copolymer,Butylene/​Ethylene/​Styrene Copolymer,no-take,68,False
F0606,15,silica-dimethyl-silylate,Silica Dimethyl Silylate,no-take,160,False
F0607,1,polyisobutene,Polyisobutene,no-take,121,False
F0607,2,tridecyl-trimellitate,Tridecyl Trimellitate,no-take,126,False
F0607,3,octyldodecanol,Octyldodecanol,no-take,208,False
F0607,4,hydrogenated-polyisobutene,Hydrogenated Polyisobutene,no-take,165,False
F0607,5,diisostearyl-malate,Diisostearyl Malate,no-take,228,False
F0607,6,silica-dimethyl-silylate,Silica Dimethyl Silylate,no-take,160,False
F0607,7,squalane,Squalane,goodie,82,False
F0607,8,ethylene-propylene-styrene-copolymer,Ethylene/​Propylene/​Styrene Copolymer,no-take,70,False
F0607,9,menthyl-lactate,Menthyl Lactate,icky,12,True
F0607,10,phenoxyethanol,Phenoxyethanol,no-take,286,False
F0607,11,butylene-ethylene-styrene-copolymer,Butylene/​Ethylene/​Styrene Copolymer,no-take,68,False
F0607,12,rosa-canina-fruit-oil,Rosa Canina Fruit Oil,no-take,28,True
F0607,13,tocopheryl-acetate,Tocopheryl Acetate,no-take,357,False
F0607,14,parfum,Parfum (Fragrance),icky,331,False
F0607,15,pentaerythrityl-tetra-di-t-butyl-hydroxyhydrocinnamate,Pentaerythrityl Tetra-Di-T-Butyl Hydroxyhydrocinnamate,no-take,222,False
F0608,1,phenyl-trimethicone,Phenyl Trimethicone,no-take,23,True
F0608,2,dimethicone,Dimethicone,no-take,103,False
F0608,3,paraffin,Paraffin,no-take,37,False
F0608,4,caprylic-capric-triglyceride,Caprylic/​Capric Triglyceride,no-take,215,False
F0608,5,isononyl-isononanoate,Isononyl Isononanoate,no-take,37,False
F0608,6,silica,Silica,no-take,267,False
F0608,7,hydrogenated-polyisobutene,Hydrogenated Polyisobutene,no-take,165,False
F0608,8,diisostearyl-malate,Diisostearyl Malate,no-take,228,False
F0608,9,octyldodecanol,Octyldodecanol,no-take,208,False
F0608,10,dimethicone-vinyl-dimethicone-crosspolymer,Dimethicone/​Vinyl Dimethicone Crosspolymer,no-take,25,True
F0608,11,ozokerite,Ozokerite,no-take,42,False
F0608,13,methicone,Methicone,no-take,18,True
F0609,1,paraffinum-liquidum,Mineral Oil (Paraffinum Liquidum),no-take,33,False
F0609,2,ethylene-propylene-styrene-copolymer,Ethylene/​Propylene/​Styrene Copolymer,no-take,70,False
F0609,3,butylene-ethylene-styrene-copolymer,Butylene/​Ethylene/​Styrene Copolymer,no-take,68,False
F0609,4,persea-gratissima-oil,Persea Gratissima (Avocado) Oil,goodie,45,False
F0609,5,simmondsia-chinensis-seed-oil,Simmondsia Chinensis (Jojoba) Seed Oil,goodie,134,False
F0609,6,ethylhexyl-palmitate,Ethylhexyl Palmitate,no-take,205,False
F0609,7,tribehenin,Tribehenin,no-take,82,False
F0609,8,sorbitan-isostearate,Sorbitan Isostearate,no-take,86,False
F0609,9,palmitoyl-hexapeptide-12,Palmitoyl Oligopeptide,goodie,12,True
F0609,10,tocopheryl-acetate,Tocopheryl Acetate,no-take,357,False
F0609,11,benzyl-nicotinate,Benzyl Nicotinate,sin_calificacion,11,True
F0609,12,capsicum-frutescens-resin,Capsicum Frutescens Resin,no-take,8,True
F0609,13,pentaerythrityl-tetraisostearate,Pentaerythrityl Tetraisostearate,no-take,100,False
F0609,14,silica-dimethyl-silylate,Silica Dimethyl Silylate,no-take,160,False
F0609,15,sodium-chondroitin-sulfate,Sodium Chondroitin Sulfate,goodie,11,True
F0610,1,petrolatum,Petrolatum,goodie,33,False
F0610,2,hydrogenated-polyisobutene,Hydrogenated Polyisobutene,no-take,165,False
F0610,3,octyldodecanol,Octyldodecanol,no-take,208,False
F0610,4,bis-diglyceryl-polyacyladipate-2,Bis-Diglyceryl Polyacyladipate-2,no-take,169,False
F0610,5,ethylene-propylene-styrene-copolymer,Ethylene/​Propylene/​Styrene Copolymer,no-take,70,False
F0610,6,polyethylene,Polyethylene,no-take,122,False
F0610,7,vp-hexadecene-copolymer,VP/​Hexadecene Copolymer,no-take,45,False
F0610,8,tocopheryl-acetate,Tocopheryl Acetate,no-take,357,False
F0610,9,sodium-hyaluronate,Sodium Hyaluronate,goodie,132,False
F0610,10,butyrospermum-parkii-butter,Butyrospermum Parkii (Shea) Butter,goodie,149,False
F0610,14,hordeum-vulgare-extract,Hordeum Vulgare (Barley) Extract\Extrait D'Orge,no-take,6,True
F0610,15,mangifera-indica-seed-oil,Mangifera Indica (Mango) Seed Butter,goodie,38,False
F0611,1,paraffinum-liquidum,Mineral Oil\Paraffinum Liquidum\Huile Minerale,no-take,33,False
F0611,2,persea-gratissima-oil,Persea Gratissima (Avocado) Oil,goodie,45,False
F0611,3,ethylene-propylene-styrene-copolymer,Ethylene/​Propylene/​Styrene Copolymer,no-take,70,False
F0611,4,simmondsia-chinensis-seed-oil,Simmondsia Chinensis (Jojoba) Seed Oil,goodie,134,False
F0611,5,tocopheryl-acetate,Tocopheryl Acetate,no-take,357,False
F0611,6,palmitoyl-tripeptide-1,Palmitoyl Tripeptide-1,goodie,50,False
F0611,8,glycine-soja-oil,Glycine Soja (Soybean) Oil,goodie,41,False
F0611,9,atelocollagen,Atelocollagen,sin_calificacion,11,True
F0611,10,sodium-chondroitin-sulfate,Sodium Chondroitin Sulfate,goodie,11,True
F0611,11,tribehenin,Tribehenin,no-take,82,False
F0611,12,ethylhexyl-palmitate,Ethylhexyl Palmitate,no-take,205,False
F0611,13,benzyl-nicotinate,Benzyl Nicotinate,sin_calificacion,11,True
F0611,14,pentaerythrityl-tetraisostearate,Pentaerythrityl Tetraisostearate,no-take,100,False
F0611,15,silica-dimethyl-silylate,Silica Dimethyl Silylate,no-take,160,False
F0612,1,octyldodecanol,Octyldodecanol,no-take,208,False
F0612,3,caprylic-capric-triglyceride,Caprylic/​Capric Triglyceride,no-take,215,False
F0612,5,hydrogenated-coco-glycerides,Hydrogenated Coco-Glycerides,no-take,11,True
F0612,6,cetyl-ethylhexanoate,Cetyl Ethylhexanoate,no-take,9,True
F0612,7,phytosteryl-octyldodecyl-lauroyl-glutamate,Phytosteryl/​Octyldodecyl Lauroyl Glutamate,goodie,16,True
F0612,8,diisostearoyl-polyglyceryl-3-dimer-dilinoleate,Diisostearoyl Polyglyceryl-3 Dimer Dilinoleate,no-take,5,True
F0612,9,synthetic-wax,Synthetic Wax,no-take,176,False
F0612,10,isotridecyl-isononanoate,Isotridecyl Isononanoate,no-take,5,True
F0612,11,microcrystalline-wax,Microcrystalline Wax\Cera Microcristallina\Cire Microcristalline,no-take,140,False
F0612,12,ethylene-propylene-copolymer,Ethylene/​Propylene Copolymer,no-take,33,False
F0612,13,hydrogenated-microcrystalline-wax,Hydrogenated Microcrystalline Wax,no-take,12,True
F0612,14,tocopherol,Tocopherol,goodie,289,False
F0612,15,stearalkonium-hectorite,Stearalkonium Hectorite,no-take,26,True
F0613,1,polybutene,Polybutene,no-take,212,False
F0613,2,octyldodecanol,Octyldodecanol,no-take,208,False
F0613,3,bis-diglyceryl-polyacyladipate-2,Bis-Diglyceryl Polyacyladipate-2,no-take,169,False
F0613,4,polyglyceryl-2-triisostearate,Polyglyceryl-2 Triisostearate,no-take,101,False
F0613,5,candelilla-cera,Euphorbia Cerifera (Candelilla) Wax/​Candelilla Cera/​Cire De Candelilla,no-take,38,False
F0613,6,synthetic-wax,Synthetic Wax,no-take,176,False
F0613,7,vp-eicosene-copolymer,Vp/​Eicosene Copolymer,no-take,11,True
F0613,8,hydrogenated-polycyclopentadiene,Hydrogenated Polycyclopentadiene,sin_calificacion,18,True
F0613,9,ethylene-propylene-copolymer,Ethylene/​Propylene Copolymer,no-take,33,False
F0613,10,silica,Silica,no-take,267,False
F0613,11,caprylic-capric-triglyceride,Caprylic/​Capric Triglyceride,no-take,215,False
F0613,12,vanillyl-butyl-ether,Vanillyl Butyl Ether,sin_calificacion,33,False
F0613,13,caprylyl-glycol,Caprylyl Glycol,no-take,167,False
F0613,14,tocopherol,Tocopherol,goodie,289,False
F0613,15,ascorbyl-palmitate,Ascorbyl Palmitate,icky,67,False
F0614,1,isododecane,Isododecane,no-take,59,False
F0614,2,hydrogenated-polyisobutene,Hydrogenated Polyisobutene,no-take,165,False
F0614,3,polyethylene,Polyethylene,no-take,122,False
F0614,4,diisostearyl-malate,Diisostearyl Malate,no-take,228,False
F0614,5,dimethicone,Dimethicone,no-take,103,False
F0614,6,bis-diglyceryl-polyacyladipate-2,Bis-Diglyceryl Polyacyladipate-2,no-take,169,False
F0614,7,c18-36-acid-triglyceride,C18-36 Acid Triglyceride,no-take,10,True
F0614,8,disteardimonium-hectorite,Disteardimonium Hectorite,no-take,82,False
F0614,9,dimethicone-vinyl-dimethicone-crosspolymer,Dimethicone/​Vinyl Dimethicone Crosspolymer,no-take,25,True
F0614,10,simmondsia-chinensis-seed-oil,Simmondsia Chinensis (Jojoba) Seed Oil,goodie,134,False
F0614,11,ethylene-propylene-styrene-copolymer,Ethylene/​Propylene/​Styrene Copolymer,no-take,70,False
F0614,12,vanillyl-butyl-ether,Vanillyl Butyl Ether,sin_calificacion,33,False
F0614,13,punica-granatum-flower-extract,Punica Granatum (Pomegranate) Flower Extract,sin_calificacion,8,True
F0614,14,polyglyceryl-3-diisostearate,Polyglyceryl-3 Diisostearate,no-take,35,False
F0615,1,hydrogenated-polyisobutene,Hydrogenated Polyisobutene,no-take,165,False
F0615,2,helianthus-annuus-seed-oil,Helianthus Annuus (Sunflower) Seed Oil,goodie,123,False
F0615,3,polybutene,Polybutene,no-take,212,False
F0615,4,caprylic-capric-triglyceride,Caprylic/​Capric Triglyceride,no-take,215,False
F0615,5,ethylene-propylene-styrene-copolymer,Ethylene/​Propylene/​Styrene Copolymer,no-take,70,False
F0615,6,butylene-ethylene-styrene-copolymer,Butylene/​Ethylene/​Styrene Copolymer,no-take,68,False
F0615,7,bis-diglyceryl-polyacyladipate-2,Bis-Diglyceryl Polyacyladipate-2,no-take,169,False
F0615,8,glyceryl-caprylate,Glyceryl Caprylate,no-take,20,True
F0615,9,diethylhexyl-syringylidenemalonate,Diethylhexyl Syringylidenemalonate,no-take,30,True
F0615,10,pentaerythrityl-tetraisostearate,Pentaerythrityl Tetraisostearate,no-take,100,False
F0615,11,simmondsia-chinensis-seed-oil,Simmondsia Chinensis (Jojoba) Seed Oil,goodie,134,False
F0615,12,silica,Silica,no-take,267,False
F0615,13,parfum,Fragrance (Parfum),icky,331,False
F0615,14,sodium-saccharin,Sodium Saccharin,sin_calificacion,22,True
F0615,15,pentaerythrityl-tetra-di-t-butyl-hydroxyhydrocinnamate,Pentaerythrityl Tetra-Di-T-Butyl Hydroxyhydrocinnamate,no-take,222,False
F0616,1,hydrogenated-polyisobutene,Hydrogenated Polyisobutene,no-take,165,False
F0616,2,tridecyl-trimellitate,Tridecyl Trimellitate,no-take,126,False
F0616,3,octyldodecyl-stearoyl-stearate,Octyldodecyl Stearoyl Stearate,no-take,20,True
F0616,4,polyglyceryl-2-diisostearate,Polyglyceryl-2 Diisostearate,no-take,8,True
F0616,5,pentaerythrityl-tetraisostearate,Pentaerythrityl Tetraisostearate,no-take,100,False
F0616,6,menthone-glycerin-acetal,Menthone Glycerin Acetal,no-take,15,True
F0616,7,vp-hexadecene-copolymer,VP/​Hexadecene Copolymer,no-take,45,False
F0616,8,silica,Silica,no-take,267,False
F0616,9,microcrystalline-wax,Microcrystalline Wax\Cera Microcristallina\Cire Microcristalline,no-take,140,False
F0616,10,octyldodecanol,Octyldodecanol,no-take,208,False
F0616,11,trimethylolpropane-triisostearate,Trimethylolpropane Triisostearate,no-take,34,False
F0616,12,benzyl-nicotinate,Benzyl Nicotinate,sin_calificacion,11,True
F0616,13,tocopheryl-acetate,Tocopheryl Acetate,no-take,357,False
F0616,14,sodium-hyaluronate,Sodium Hyaluronate,goodie,132,False
F0616,15,retinyl-palmitate,Retinyl Palmitate,no-take,11,True
F0617,1,paraffinum-liquidum,Mineral Oil/​Paraffinum Liquidum/​ Huile Minérale,no-take,33,False
F0617,2,persea-gratissima-oil,Persea Gratissima (Avocado) Oil/​Persea Gratissima Oil,goodie,45,False
F0617,3,silica,Silica,no-take,267,False
F0617,4,ethylhexyl-palmitate,Ethylhexyl Palmitate,no-take,205,False
F0617,5,simmondsia-chinensis-seed-oil,Simmondsia Chinensis (Jojoba) Seed Oil/​Simmondsia Chinensis Seed Oil,goodie,134,False
F0617,6,parfum,Fragrance,icky,331,False
F0617,7,tocopheryl-acetate,Tocopheryl Acetate,no-take,357,False
F0617,8,pentaerythrityl-tetraisostearate,Pentaerythrityl Tetraisostearate,no-take,100,False
F0617,9,benzyl-nicotinate,Benzyl Nicotinate,sin_calificacion,11,True
F0617,10,tribehenin,Tribehenin,no-take,82,False
F0617,11,butylene-ethylene-styrene-copolymer,Butylene/​Ethylene/​Styrene Copolymer,no-take,68,False
F0617,12,ethylene-propylene-styrene-copolymer,Ethylene/​Propylene/​Styrene Copolymer,no-take,70,False
F0617,13,sorbitan-isostearate,Sorbitan Isostearate,no-take,86,False
F0617,14,ethylhexylglycerin,Ethylhexylglycerin,no-take,134,False
F0617,15,silica-dimethyl-silylate,Silica Dimethyl Silylate,no-take,160,False
F0618,1,octyldodecanol,Octyldodecanol,no-take,208,False
F0618,3,caprylic-capric-triglyceride,Caprylic/​Capric Triglyceride,no-take,215,False
F0618,5,hydrogenated-coco-glycerides,Hydrogenated Coco-Glycerides,no-take,11,True
F0618,6,cetyl-ethylhexanoate,Cetyl Ethylhexanoate,no-take,9,True
F0618,7,phytosteryl-octyldodecyl-lauroyl-glutamate,Phytosteryl/​Octyldodecyl Lauroyl Glutamate,goodie,16,True
F0618,8,diisostearoyl-polyglyceryl-3-dimer-dilinoleate,Diisostearoyl Polyglyceryl-3 Dimer Dilinoleate,no-take,5,True
F0618,9,synthetic-wax,Synthetic Wax,no-take,176,False
F0618,10,isotridecyl-isononanoate,Isotridecyl Isononanoate,no-take,5,True
F0618,11,microcrystalline-wax,Microcrystalline Wax\Cera Microcristallina\Cire Microcristalline,no-take,140,False
F0618,12,ethylene-propylene-copolymer,Ethylene/​Propylene Copolymer,no-take,33,False
F0618,13,hydrogenated-microcrystalline-wax,Hydrogenated Microcrystalline Wax,no-take,12,True
F0618,14,tocopherol,Tocopherol,goodie,289,False
F0618,15,ethylhexyl-palmitate,Ethylhexyl Palmitate,no-take,205,False
F0619,1,dimethicone,Dimethicone,no-take,103,False
F0619,2,dimethicone-vinyl-dimethicone-crosspolymer,Dimethicone/​Vinyl Dimethicone Crosspolymer,no-take,25,True
F0619,4,polyglyceryl-2-triisostearate,Polyglyceryl-2 Triisostearate,no-take,101,False
F0619,5,phenyl-trimethicone,Phenyl Trimethicone,no-take,23,True
F0619,6,isododecane,Isododecane,no-take,59,False
F0619,7,cetyl-peg-ppg-10-1-dimethicone,Cetyl PEG/​PPG-10/​1 Dimethicone,no-take,26,True
F0619,8,pentylene-glycol,Pentylene Glycol,no-take,26,True
F0619,9,silica,Silica,no-take,267,False
F0619,10,sodium-hyaluronate,Sodium Hyaluronate,goodie,132,False
F0619,11,tocopheryl-acetate,Tocopheryl Acetate,no-take,357,False
F0619,12,ricinus-communis-seed-oil,Ricinus Communis (Castor) Seed Oil,no-take,145,False
F0619,13,caprylyl-glycol,Caprylyl Glycol,no-take,167,False
F0619,14,silica-silylate,Silica Silylate,no-take,26,True
F0619,15,sorbitan-olivate,Sorbitan Olivate,goodie,6,True
F0620,1,polybutene,Polybutene,no-take,212,False
F0620,2,cetyl-ethylhexanoate,Cetyl Ethylhexanoate,no-take,9,True
F0620,3,tridecyl-trimellitate,Tridecyl Trimellitate,no-take,126,False
F0620,4,hydrogenated-styrene-isoprene-copolymer,Hydrogenated Styrene/​Isoprene Copolymer,no-take,44,False
F0620,5,hydrogenated-polycyclopentadiene,Hydrogenated Polycyclopentadiene,sin_calificacion,18,True
F0620,6,aroma,Flavor/​Aroma,sin_calificacion,150,False
F0620,7,phenoxyethanol,Phenoxyethanol,no-take,286,False
F0620,8,tocopheryl-acetate,Tocopheryl Acetate,no-take,357,False
F0620,9,menthol,Menthol,icky,47,False
F0620,10,pentaerythrityl-tetra-di-t-butyl-hydroxyhydrocinnamate,Pentaerythrityl Tetra-Di-T-Butyl Hydroxyhydrocinnamate,no-take,222,False
F0620,12,camellia-oleifera-seed-oil,Camellia Oleifera Seed Oil,goodie,18,True
F0620,13,ethylhexylglycerin,Ethylhexylglycerin,no-take,134,False
F0620,14,persea-gratissima-oil,Persea Gratissima (Avocado) Oil,goodie,45,False
F0621,1,paraffinum-liquidum,Mineral Oil,no-take,33,False
F0621,2,hydrogenated-microcrystalline-wax,Hydrogenated Microcrystalline Wax,no-take,12,True
F0621,3,paraffin,Paraffin,no-take,37,False
F0621,4,hydrogenated-vegetable-oil,Hydrogenated Vegetable Oil,no-take,26,True
F0621,5,helianthus-annuus-seed-oil,Helianthus Annuus (Sunflower) Seed Oil,goodie,123,False
F0621,6,caprylic-capric-triglyceride,Caprylic/​Capric Triglyceride,no-take,215,False
F0621,7,aroma,Flavor/​Aroma,sin_calificacion,150,False
F0621,8,prunus-amygdalus-dulcis-oil,Prunus Amygdalus Dulcis (Sweet Almond) Oil,goodie,66,False
F0621,9,tocopheryl-acetate,Tocopheryl Acetate,no-take,357,False
F0621,10,vitis-vinifera-seed-oil,Vitis Vinifera (Grape) Seed Oil,goodie,15,True
F0621,11,sorbic-acid,Sorbic Acid,no-take,30,True
F0621,12,phenoxyethanol,Phenoxyethanol,no-take,286,False
F0621,13,ethylhexylglycerin,Ethylhexylglycerin,no-take,134,False
F0621,14,silica,Silica,no-take,267,False
F0621,15,tocopherol,Tocopherol,goodie,289,False
F0622,1,polybutene,Polybutene,no-take,212,False
F0622,2,cetyl-ethylhexanoate,Cetyl Ethylhexanoate,no-take,9,True
F0622,3,tridecyl-trimellitate,Tridecyl Trimellitate,no-take,126,False
F0622,4,aroma,Flavor (Aroma),sin_calificacion,150,False
F0622,5,silica-dimethyl-silylate,Silica Dimethyl Silylate,no-take,160,False
F0622,6,hydrogenated-styrene-isoprene-copolymer,Hydrogenated Styrene/​Isoprene Copolymer,no-take,44,False
F0622,7,menthone-glycerin-acetal,Menthone Glycerin Acetal,no-take,15,True
F0622,8,hydrogenated-polycyclopentadiene,Hydrogenated Polycyclopentadiene,sin_calificacion,18,True
F0622,9,phenoxyethanol,Phenoxyethanol,no-take,286,False
F0622,10,glyceryl-behenate-eicosadioate,Glyceryl Behenate/​Eicosadioate,no-take,21,True
F0622,11,tocopheryl-acetate,Tocopheryl Acetate,no-take,357,False
F0622,12,simmondsia-chinensis-seed-oil,Simmondsia Chinensis (Jojoba) Seed Oil,goodie,134,False
F0622,14,ethylhexylglycerin,Ethylhexylglycerin,no-take,134,False
F0622,15,persea-gratissima-oil,Persea Gratissima (Avocado) Oil,goodie,45,False
F0623,1,tridecyl-trimellitate,Tridecyl Trimellitate,no-take,126,False
F0623,2,pentaerythrityl-tetraisostearate,Pentaerythrityl Tetraisostearate,no-take,100,False
F0623,4,methyl-hydrogenated-rosinate,Methyl Hydrogenated Rosinate,no-take,18,True
F0623,5,bis-behenyl-isostearyl-phytosteryl-dimer-dilinoleyl-dimer-dilinoleate,Bis-Behenyl/​Isostearyl/​Phytosteryl Dimer Dilinoleyl Dimer Dilinoleate,no-take,42,False
F0623,6,synthetic-wax,Synthetic Wax,no-take,176,False
F0623,7,trimethylolpropane-triisostearate,Trimethylolpropane Triisostearate,no-take,34,False
F0623,8,dipentaerythrityl-hexahydroxystearate-hexastearate-hexarosinate,Dipentaerythrityl Hexahydroxystearate/​Hexastearate/​Hexarosinate,no-take,10,True
F0623,9,triethylhexanoin,Triethylhexanoin,no-take,21,True
F0623,10,octyldodecanol,Octyldodecanol,no-take,208,False
F0623,11,hydrogenated-styrene-methylstyrene-indene-copolymer,Hydrogenated Styrene/​Methylstyrene/​Indene Copolymer,no-take,12,True
F0623,12,microcrystalline-wax,Microcrystalline Wax/​Cire Microcristalline,no-take,140,False
F0623,13,hydrogenated-microcrystalline-wax,Hydrogenated Microcrystalline Wax,no-take,12,True
F0623,14,hydrogenated-vegetable-oil,Hydrogenated Vegetable Oil,no-take,26,True
F0623,15,tocopheryl-acetate,Tocopheryl Acetate,no-take,357,False
F0624,1,caprylic-capric-triglyceride,Caprylic/​Capric Triglyceride,no-take,215,False
F0624,2,polybutene,Polybutene,no-take,212,False
F0624,3,cyclopentasiloxane,Cyclopentasiloxane,no-take,7,True
F0624,4,silica,Silica,no-take,267,False
F0624,5,quaternium-90-bentonite,Quaternium-90 Bentonite,no-take,5,True
F0624,6,dimethicone-crosspolymer,Dimethicone Crosspolymer,no-take,30,True
F0624,7,silica-dimethyl-silylate,Silica Dimethyl Silylate,no-take,160,False
F0624,8,phenoxyethanol,Phenoxyethanol,no-take,286,False
F0624,9,propylene-carbonate,Propylene Carbonate,no-take,95,False
F0624,10,triethoxycaprylylsilane,Triethoxycaprylylsilane,no-take,28,True
F0624,11,pentaerythrityl-tetra-di-t-butyl-hydroxyhydrocinnamate,Pentaerythrityl Tetra-Di-T-Butyl Hydroxyhydrocinnamate,no-take,222,False
F0624,12,tocopheryl-acetate,Tocopheryl Acetate,no-take,357,False
F0624,13,ethylhexylglycerin,Ethylhexylglycerin,no-take,134,False
F0625,1,cera-alba,Beeswax/​Cire D'Abeille,no-take,41,False
F0625,2,copernicia-cerifera-wax,Copernicia Cerifera (Carnauba) Wax/​Cire De Carnauba,no-take,67,False
F0625,3,petrolatum,Petrolatum,goodie,33,False
F0625,4,ceresin,Ceresin,no-take,12,True
F0625,5,ricinus-communis-seed-oil,Ricinus Communis (Castor) Seed Oil,no-take,145,False
F0625,6,phenoxyethanol,Phenoxyethanol,no-take,286,False
F0625,7,sorbic-acid,Sorbic Acid,no-take,30,True
F0626,1,polybutene,Polybutene,no-take,212,False
F0626,2,tridecyl-trimellitate,Tridecyl Trimellitate,no-take,126,False
F0626,3,cetyl-ethylhexanoate,Cetyl Ethylhexanoate,no-take,9,True
F0626,4,octyldodecanol,Octyldodecanol,no-take,208,False
F0626,5,hydrogenated-styrene-isoprene-copolymer,Hydrogenated Styrene/​Isoprene Copolymer,no-take,44,False
F0626,6,hydrogenated-polycyclopentadiene,Hydrogenated Polycyclopentadiene,sin_calificacion,18,True
F0626,7,isostearic-acid,Isostearic Acid,no-take,17,True
F0626,8,aroma,Flavor/​Aroma,sin_calificacion,150,False
F0626,9,tocopheryl-acetate,Tocopheryl Acetate,no-take,357,False
F0626,10,phenoxyethanol,Phenoxyethanol,no-take,286,False
F0626,11,sorbic-acid,Sorbic Acid,no-take,30,True
F0626,12,silica,Silica,no-take,267,False
F0626,13,simmondsia-chinensis-seed-oil,Simmondsia Chinensis (Jojoba) Seed Oil,goodie,134,False
F0626,14,dibutyl-ethylhexanoyl-glutamide,Dibutyl Ethylhexanoyl Glutamide,no-take,18,True
F0626,15,dibutyl-lauroyl-glutamide,Dibutyl Lauroyl Glutamide,no-take,13,True
F0627,1,water,Water (Eau),no-take,106,False
F0627,2,butylene-glycol,Butylene Glycol,no-take,61,False
F0627,5,glycerin,Glycerin,superstar,102,False
F0627,6,phenoxyethanol,Phenoxyethanol,no-take,286,False
F0627,9,simethicone,Simethicone,no-take,9,True
F0627,11,caprylyl-glycol,Caprylyl Glycol,no-take,167,False
F0627,12,ethylhexylglycerin,Ethylhexylglycerin,no-take,134,False
F0627,13,xanthan-gum,Xanthan Gum,no-take,18,True
F0627,14,potassium-sorbate,Potassium Sorbate,no-take,11,True
F0628,1,dimethicone,Dimethicone,no-take,103,False
F0628,2,cyclopentasiloxane,Cyclopentasiloxane,no-take,7,True
F0628,3,polybutene,Polybutene,no-take,212,False
F0628,4,polyglyceryl-2-triisostearate,Polyglyceryl-2 Triisostearate,no-take,101,False
F0628,5,diisostearyl-malate,Diisostearyl Malate,no-take,228,False
F0628,6,dimethicone-crosspolymer,Dimethicone Crosspolymer,no-take,30,True
F0628,7,silica,Silica,no-take,267,False
F0628,8,silica-dimethyl-silylate,Silica Dimethyl Silylate,no-take,160,False
F0628,9,aroma,Flavor/​Aroma,sin_calificacion,150,False
F0628,11,tribehenin,Tribehenin,no-take,82,False
F0628,12,trimethylsiloxysilicate,Trimethylsiloxysilicate,no-take,48,False
F0628,13,disteardimonium-hectorite,Disteardimonium Hectorite,no-take,82,False
F0628,14,caprylyl-glycol,Caprylyl Glycol,no-take,167,False
F0628,15,propylene-carbonate,Propylene Carbonate,no-take,95,False
F0629,1,polybutene,Polybutene,no-take,212,False
F0629,2,ethylhexyl-palmitate,Ethylhexyl Palmitate,no-take,205,False
F0629,3,caprylic-capric-triglyceride,Caprylic/​Capric Triglyceride,no-take,215,False
F0629,4,helianthus-annuus-seed-oil,Helianthus Annuus (Sunflower) Seed Oil,goodie,123,False
F0629,5,bis-diglyceryl-polyacyladipate-2,Bis-Diglyceryl Polyacyladipate-2,no-take,169,False
F0629,6,silica-dimethyl-silylate,Silica Dimethyl Silylate,no-take,160,False
F0629,7,parfum,Fragrance/​Parfum,icky,331,False
F0629,8,phenoxyethanol,Phenoxyethanol,no-take,286,False
F0629,9,tocopheryl-acetate,Tocopheryl Acetate,no-take,357,False
F0629,10,simmondsia-chinensis-seed-oil,Simmondsia Chinensis (Jojoba) Seed Oil,goodie,134,False
F0629,11,pentaerythrityl-tetra-di-t-butyl-hydroxyhydrocinnamate,Pentaerythrityl Tetra-Di-T-Butyl Hydroxyhydrocinnamate,no-take,222,False
F0629,12,cocoyl-hydrolyzed-collagen,Cocoyl Hydrolyzed Collagen,no-take,9,True
F0629,13,ethylhexylglycerin,Ethylhexylglycerin,no-take,134,False
F0629,14,tribehenin,Tribehenin,no-take,82,False
F0629,15,butylene-ethylene-styrene-copolymer,Butylene/​Ethylene/​Styrene Copolymer,no-take,68,False
F0630,1,isononyl-isononanoate,Isononyl Isononanoate,no-take,37,False
F0630,2,c12-15-alkyl-benzoate,C12-15 Alkyl Benzoate,no-take,29,True
F0630,3,dimethicone,Dimethicone,no-take,103,False
F0630,4,ozokerite,Ozokerite,no-take,42,False
F0630,6,silica,Silica,no-take,267,False
F0630,7,hydrogenated-coco-glycerides,Hydrogenated Coco-Glycerides,no-take,11,True
F0630,8,hydrogenated-microcrystalline-wax,Hydrogenated Microcrystalline Wax,no-take,12,True
F0630,9,synthetic-wax,Synthetic Wax,no-take,176,False
F0630,10,methyl-methacrylate-crosspolymer,Methyl Methacrylate Crosspolymer,no-take,5,True
F0630,11,polyethylene,Polyethylene,no-take,122,False
F0630,12,dimethicone-vinyl-dimethicone-crosspolymer,Dimethicone/​Vinyl Dimethicone Crosspolymer,no-take,25,True
F0630,13,hydrogenated-coconut-oil,Hydrogenated Coconut Oil,no-take,9,True
F0631,1,polybutene,Polybutene,no-take,212,False
F0631,2,cetyl-ethylhexanoate,Cetyl Ethylhexanoate,no-take,9,True
F0631,3,tridecyl-trimellitate,Tridecyl Trimellitate,no-take,126,False
F0631,4,hydrogenated-polyisobutene,Hydrogenated Polyisobutene,no-take,165,False
F0631,5,hydrogenated-styrene-isoprene-copolymer,Hydrogenated Styrene/​Isoprene Copolymer,no-take,44,False
F0631,6,silica-dimethyl-silylate,Silica Dimethyl Silylate,no-take,160,False
F0631,7,hydrogenated-polycyclopentadiene,Hydrogenated Polycyclopentadiene,sin_calificacion,18,True
F0631,8,prunus-amygdalus-dulcis-oil,Prunus Amygdalus Dulcis (Sweet Almond) Oil,goodie,66,False
F0631,9,glyceryl-behenate-eicosadioate,Glyceryl Behenate/​Eicosadioate,no-take,21,True
F0631,10,phenoxyethanol,Phenoxyethanol,no-take,286,False
F0631,12,menthol,Menthol,icky,47,False
F0631,13,vanillyl-butyl-ether,Vanillyl Butyl Ether,sin_calificacion,33,False
F0631,14,tocopheryl-acetate,Tocopheryl Acetate,no-take,357,False
F0631,15,pentaerythrityl-tetra-di-t-butyl-hydroxyhydrocinnamate,Pentaerythrityl Tetra-Di-T-Butyl Hydroxyhydrocinnamate,no-take,222,False
F0632,1,isododecane,Isododecane,no-take,59,False
F0632,2,trimethylsiloxysilicate,Trimethylsiloxysilicate,no-take,48,False
F0632,3,polybutene,Polybutene,no-take,212,False
F0632,4,c30-45-alkyldimethylsilyl-polypropylsilsesquioxane,C30-45 Alkyldimethylsilyl Polypropylsilsesquioxane,sin_calificacion,10,True
F0632,5,dimethicone,Dimethicone,no-take,103,False
F0632,6,polymethylsilsesquioxane,Polymethylsilsesquioxane,no-take,8,True
F0632,7,disteardimonium-hectorite,Disteardimonium Hectorite,no-take,82,False
F0632,8,phenoxyethanol,Phenoxyethanol,no-take,286,False
F0632,9,propylene-carbonate,Propylene Carbonate,no-take,95,False
F0632,10,butylene-ethylene-styrene-copolymer,Butylene/​Ethylene/​Styrene Copolymer,no-take,68,False
F0632,11,dimethicone-crosspolymer,Dimethicone Crosspolymer,no-take,30,True
F0632,12,lauroyl-lysine,Lauroyl Lysine,no-take,16,True
F0632,13,pentaerythrityl-tetra-di-t-butyl-hydroxyhydrocinnamate,Pentaerythrityl Tetra-Di-T-Butyl Hydroxyhydrocinnamate,no-take,222,False
F0632,14,ethylhexylglycerin,Ethylhexylglycerin,no-take,134,False
F0632,15,passiflora-edulis-seed-oil,Passiflora Edulis Seed Oil,goodie,15,True
F0633,1,isononyl-isononanoate,Isononyl Isononanoate,no-take,37,False
F0633,2,ethylhexyl-palmitate,Ethylhexyl Palmitate,no-take,205,False
F0633,3,polyethylene,Polyethylene,no-take,122,False
F0633,4,ozokerite,Ozokerite,no-take,42,False
F0633,5,microcrystalline-wax,Microcrystalline Wax/​Cire Microcristalline,no-take,140,False
F0633,6,paraffin,Paraffin,no-take,37,False
F0633,7,polyglyceryl-2-triisostearate,Polyglyceryl-2 Triisostearate,no-take,101,False
F0633,10,synthetic-wax,Synthetic Wax,no-take,176,False
F0633,11,triethoxycaprylylsilane,Triethoxycaprylylsilane,no-take,28,True
F0633,12,polyhydroxystearic-acid,Polyhydroxystearic Acid,no-take,36,False
F0633,13,bht,BHT,no-take,68,False
F0634,1,dimethicone,Dimethicone,no-take,103,False
F0634,2,synthetic-wax,Synthetic Wax,no-take,176,False
F0634,3,phenyl-trimethicone,Phenyl Trimethicone,no-take,23,True
F0634,4,silica,Silica,no-take,267,False
F0634,5,dimethicone-crosspolymer,Dimethicone Crosspolymer,no-take,30,True
F0634,6,aroma,Flavor/​Aroma,sin_calificacion,150,False
F0634,7,triethoxycaprylylsilane,Triethoxycaprylylsilane,no-take,28,True
F0634,8,phenoxyethanol,Phenoxyethanol,no-take,286,False
F0634,9,silica-dimethyl-silylate,Silica Dimethyl Silylate,no-take,160,False
F0634,10,caprylyl-glycol,Caprylyl Glycol,no-take,167,False
F0634,11,pentaerythrityl-tetra-di-t-butyl-hydroxyhydrocinnamate,Pentaerythrityl Tetra-Di-T-Butyl Hydroxyhydrocinnamate,no-take,222,False
F0634,12,ethylhexylglycerin,Ethylhexylglycerin,no-take,134,False
F0634,13,hexylene-glycol,Hexylene Glycol,no-take,51,False
F0634,14,benzyl-benzoate,Benzyl Benzoate,icky,73,False
F0634,15,anise-alcohol,Anise Alcohol,no-take,7,True
F0635,1,pentaerythrityl-tetraisostearate,Pentaerythrityl Tetraisostearate,no-take,100,False
F0635,2,isononyl-isononanoate,Isononyl Isononanoate,no-take,37,False
F0635,3,ozokerite,Ozokerite,no-take,42,False
F0635,4,kaolin,Kaolin,goodie,40,False
F0635,5,triethylhexanoin,Triethylhexanoin,no-take,21,True
F0635,6,hydrogenated-microcrystalline-wax,Hydrogenated Microcrystalline Wax,no-take,12,True
F0635,7,synthetic-wax,Synthetic Wax,no-take,176,False
F0635,8,silica,Silica,no-take,267,False
F0635,9,oleic-linoleic-linolenic-polyglycerides,Oleic/​Linoleic/​Linolenic Polyglycerides,goodie,15,True
F0635,10,methyl-methacrylate-crosspolymer,Methyl Methacrylate Crosspolymer,no-take,5,True
F0635,11,hdi-trimethylol-hexyllactone-crosspolymer,Hdi/​Trimethylol Hexyllactone Crosspolymer,no-take,8,True
F0635,12,bis-behenyl-isostearyl-phytosteryl-dimer-dilinoleyl-dimer-dilinoleate,Bis-Behenyl/​Isostearyl/​Phytosteryl Dimer Dilinoleyl Dimer Dilinoleate,no-take,42,False
F0635,13,caprylic-capric-triglyceride,Caprylic/​Capric Triglyceride,no-take,215,False
F0635,14,hydrogenated-vegetable-oil,Hydrogenated Vegetable Oil,no-take,26,True
F0636,1,polybutene,Polybutene,no-take,212,False
F0636,2,carthamus-tinctorius-seed-oil,Carthamus Tinctorius (Safflower) Seed Oil,goodie,17,True
F0636,3,bis-diglyceryl-polyacyladipate-2,Bis-Diglyceryl Polyacyladipate-2,no-take,169,False
F0636,4,microcrystalline-wax,Microcrystalline Wax/​Cire Microcristalline,no-take,140,False
F0636,5,synthetic-wax,Synthetic Wax,no-take,176,False
F0636,6,diisostearyl-malate,Diisostearyl Malate,no-take,228,False
F0636,7,sorbitan-sesquioleate,Sorbitan Sesquioleate,no-take,8,True
F0636,8,phenoxyethanol,Phenoxyethanol,no-take,286,False
F0636,9,caprylic-capric-triglyceride,Caprylic/​Capric Triglyceride,no-take,215,False
F0636,10,rosa-canina-fruit-oil,Rosa Canina Fruit Oil,no-take,28,True
F0636,11,ethylhexylglycerin,Ethylhexylglycerin,no-take,134,False
F0636,12,tocopheryl-acetate,Tocopheryl Acetate,no-take,357,False
F0636,13,aroma,Flavor/​Aroma,sin_calificacion,150,False
F0636,14,silica-dimethyl-silylate,Silica Dimethyl Silylate,no-take,160,False
F0636,15,passiflora-edulis-seed-oil,Passiflora Edulis Seed Oil,goodie,15,True
F0637,2,dimethicone,Dimethicone,no-take,103,False
F0637,3,trimethylsiloxysilicate,Trimethylsiloxysilicate,no-take,48,False
F0637,4,synthetic-wax,Synthetic Wax,no-take,176,False
F0637,5,microcrystalline-wax,Cera Microcristallina,no-take,140,False
F0637,6,silica,Silica,no-take,267,False
F0637,7,phenoxyethanol,Phenoxyethanol,no-take,286,False
F0637,8,caprylyl-glycol,Caprylyl Glycol,no-take,167,False
F0637,9,tocopheryl-acetate,Tocopheryl Acetate,no-take,357,False
F0637,10,isononyl-isononanoate,Isononyl Isononanoate,no-take,37,False
F0637,11,ethylhexyl-palmitate,Ethylhexyl Palmitate,no-take,205,False
F0637,12,polyglyceryl-2-triisostearate,Polyglyceryl-2 Triisostearate,no-take,101,False
F0637,13,limnanthes-alba-seed-oil,Limnanthes Alba Seed Oil,goodie,36,False
F0637,14,boron-nitride,Boron Nitride,no-take,5,True
F0637,15,bisabolol,Bisabolol,goodie,6,True
F0638,1,isododecane,Isododecane,no-take,59,False
F0638,2,silica,Silica,no-take,267,False
F0638,3,dimethicone,Dimethicone,no-take,103,False
F0638,4,octyldodecanol,Octyldodecanol,no-take,208,False
F0638,5,polybutene,Polybutene,no-take,212,False
F0638,6,hydrogenated-styrene-isoprene-copolymer,Hydrogenated Styrene/​Isoprene Copolymer,no-take,44,False
F0638,7,quaternium-90-bentonite,Quaternium-90 Bentonite,no-take,5,True
F0638,8,phenoxyethanol,Phenoxyethanol,no-take,286,False
F0638,9,dimethicone-vinyl-dimethicone-crosspolymer,Dimethicone/​Vinyl Dimethicone Crosspolymer,no-take,25,True
F0638,10,tocopheryl-acetate,Tocopheryl Acetate,no-take,357,False
F0638,11,triethoxycaprylylsilane,Triethoxycaprylylsilane,no-take,28,True
F0638,12,tocopherol,Tocopherol,goodie,289,False
F0638,13,pentaerythrityl-tetra-di-t-butyl-hydroxyhydrocinnamate,Pentaerythrityl Tetra-Di-T-Butyl Hydroxyhydrocinnamate,no-take,222,False
F0638,14,ethylhexylglycerin,Ethylhexylglycerin,no-take,134,False
F0638,15,helianthus-annuus-seed-oil,Helianthus Annuus (Sunflower) Seed Oil,goodie,123,False
F0639,1,ozokerite,Ozokerite,no-take,42,False
F0639,2,pentaerythrityl-tetraisostearate,Pentaerythrityl Tetraisostearate,no-take,100,False
F0639,4,caprylic-capric-triglyceride,Caprylic/​Capric Triglyceride,no-take,215,False
F0639,5,paraffinum-liquidum,Mineral Oil/​Huile Minerale,no-take,33,False
F0639,6,bis-diglyceryl-polyacyladipate-2,Bis-Diglyceryl Polyacyladipate-2,no-take,169,False
F0639,7,myristyl-lactate,Myristyl Lactate,no-take,5,True
F0639,8,dimethicone-vinyl-dimethicone-crosspolymer,Dimethicone/​Vinyl Dimethicone Crosspolymer,no-take,25,True
F0639,9,aluminum-starch-octenylsuccinate,Aluminum Starch Octenylsuccinate,no-take,12,True
F0639,11,microcrystalline-wax,Microcrystalline Wax/​Cire Microcristalline,no-take,140,False
F0639,12,methyl-methacrylate-crosspolymer,Methyl Methacrylate Crosspolymer,no-take,5,True
F0639,13,vp-eicosene-copolymer,Vp/​Eicosene Copolymer,no-take,11,True
F0640,1,cetyl-ethylhexanoate,Cetyl Ethylhexanoate,no-take,9,True
F0640,2,tridecyl-trimellitate,Tridecyl Trimellitate,no-take,126,False
F0640,3,polybutene,Polybutene,no-take,212,False
F0640,4,silica,Silica,no-take,267,False
F0640,5,hydrogenated-styrene-isoprene-copolymer,Hydrogenated Styrene/​Isoprene Copolymer,no-take,44,False
F0640,6,silica-dimethyl-silylate,Silica Dimethyl Silylate,no-take,160,False
F0640,7,hydrogenated-polycyclopentadiene,Hydrogenated Polycyclopentadiene,sin_calificacion,18,True
F0640,8,glyceryl-behenate-eicosadioate,Glyceryl Behenate/​Eicosadioate,no-take,21,True
F0640,9,phenoxyethanol,Phenoxyethanol,no-take,286,False
F0640,10,simmondsia-chinensis-seed-oil,Simmondsia Chinensis (Jojoba) Seed Oil,goodie,134,False
F0640,11,ethylhexylglycerin,Ethylhexylglycerin,no-take,134,False
F0640,12,tocopheryl-acetate,Tocopheryl Acetate,no-take,357,False
F0640,13,pentaerythrityl-tetra-di-t-butyl-hydroxyhydrocinnamate,Pentaerythrityl Tetra-Di-T-Butyl Hydroxyhydrocinnamate,no-take,222,False
F0640,14,helianthus-annuus-seed-oil,Helianthus Annuus (Sunflower) Seed Oil,goodie,123,False
F0640,15,glycerin,Glycerin,superstar,102,False
F0641,1,ricinus-communis-seed-oil,Ricinus Communis (Castor) Seed Oil,no-take,145,False
F0641,2,caprylic-capric-triglyceride,Caprylic/​Capric Triglyceride,no-take,215,False
F0641,3,cetyl-ethylhexanoate,Cetyl Ethylhexanoate,no-take,9,True
F0641,4,ozokerite,Ozokerite,no-take,42,False
F0641,5,microcrystalline-wax,Microcrystalline Wax/​Cire Microcristalline,no-take,140,False
F0641,6,ethylhexyl-palmitate,Ethylhexyl Palmitate,no-take,205,False
F0641,7,candelilla-cera,Euphorbia Cerifera (Candelilla) Wax/​Cire De Candelilla,no-take,38,False
F0641,8,ceresin,Ceresin,no-take,12,True
F0641,9,diisostearyl-malate,Diisostearyl Malate,no-take,228,False
F0641,10,cera-alba,Beeswax/​Cire D'Abeille,no-take,41,False
F0641,11,petrolatum,Petrolatum,goodie,33,False
F0641,12,vp-hexadecene-copolymer,VP/​Hexadecene Copolymer,no-take,45,False
F0641,13,copernicia-cerifera-wax,Copernicia Cerifera (Carnauba) Wax/​Cire De Carnauba,no-take,67,False
F0641,14,pentaerythrityl-adipate-caprate-caprylate-heptanoate,Pentaerythrityl Adipate/​Caprate/​Caprylate/​Heptanoate,no-take,8,True
F0641,15,paraffinum-liquidum,Mineral Oil/​Huile Minerale,no-take,33,False
F0642,1,water,Water/​Eau,no-take,106,False
F0642,2,glycerin,Glycerin,superstar,102,False
F0642,3,alcohol,Alcohol,icky,23,True
F0642,6,propylene-glycol,Propylene Glycol,no-take,13,True
F0642,8,polysorbate-20,Polysorbate 20,no-take,6,True
F0642,9,phenoxyethanol,Phenoxyethanol,no-take,286,False
F0642,11,caprylyl-glycol,Caprylyl Glycol,no-take,167,False
F0642,13,ethylhexylglycerin,Ethylhexylglycerin,no-take,134,False
F0642,14,hexylene-glycol,Hexylene Glycol,no-take,51,False
F0643,1,isododecane,Isododecane,no-take,59,False
F0643,2,trimethylsiloxysilicate,Trimethylsiloxysilicate,no-take,48,False
F0643,3,dimethicone,Dimethicone,no-take,103,False
F0643,4,silica,Silica,no-take,267,False
F0643,5,silica-dimethyl-silylate,Silica Dimethyl Silylate,no-take,160,False
F0643,6,quaternium-90-bentonite,Quaternium-90 Bentonite,no-take,5,True
F0643,7,dimethicone-crosspolymer,Dimethicone Crosspolymer,no-take,30,True
F0643,8,phenoxyethanol,Phenoxyethanol,no-take,286,False
F0643,9,propylene-carbonate,Propylene Carbonate,no-take,95,False
F0643,10,triethoxycaprylylsilane,Triethoxycaprylylsilane,no-take,28,True
F0643,11,caprylyl-glycol,Caprylyl Glycol,no-take,167,False
F0643,13,persea-gratissima-oil,Persea Gratissima (Avocado) Oil,goodie,45,False
F0643,14,tocopheryl-acetate,Tocopheryl Acetate,no-take,357,False
F0643,15,ethylhexylglycerin,Ethylhexylglycerin,no-take,134,False
F0644,1,tridecyl-trimellitate,Tridecyl Trimellitate,no-take,126,False
F0644,2,hydrogenated-polyisobutene,Hydrogenated Polyisobutene,no-take,165,False
F0644,3,pentaerythrityl-tetraisostearate,Pentaerythrityl Tetraisostearate,no-take,100,False
F0644,4,bis-diglyceryl-polyacyladipate-2,Bis-Diglyceryl Polyacyladipate-2,no-take,169,False
F0644,5,ozokerite,Ozokerite,no-take,42,False
F0644,6,caprylic-capric-triglyceride,Caprylic/​Capric Triglyceride,no-take,215,False
F0644,7,diisostearyl-malate,Diisostearyl Malate,no-take,228,False
F0644,8,microcrystalline-wax,Microcrystalline Wax/​Cire Microcristalline,no-take,140,False
F0644,9,polyethylene,Polyethylene,no-take,122,False
F0644,10,cera-alba,Beeswax/​Cire D'Abeille,no-take,41,False
F0644,11,paraffinum-liquidum,Mineral Oil/​Huile Minérale,no-take,33,False
F0644,12,phenoxyethanol,Phenoxyethanol,no-take,286,False
F0644,13,menthol,Menthol,icky,47,False
F0644,14,sorbic-acid,Sorbic Acid,no-take,30,True
F0644,15,pentaerythrityl-tetra-di-t-butyl-hydroxyhydrocinnamate,Pentaerythrityl Tetra-Di-T-Butyl Hydroxyhydrocinnamate,no-take,222,False
F0645,1,polybutene,Polybutene,no-take,212,False
F0645,2,caprylic-capric-triglyceride,Caprylic/​Capric Triglyceride,no-take,215,False
F0645,3,bis-diglyceryl-polyacyladipate-2,Bis-Diglyceryl Polyacyladipate-2,no-take,169,False
F0645,4,bis-behenyl-isostearyl-phytosteryl-dimer-dilinoleyl-dimer-dilinoleate,Bis-Behenyl/​Isostearyl/​Phytosteryl Dimer Dilinoleyl Dimer Dilinoleate,no-take,42,False
F0645,5,pentaerythrityl-tetraisostearate,Pentaerythrityl Tetraisostearate,no-take,100,False
F0645,6,oleic-linoleic-linolenic-polyglycerides,Oleic/​Linoleic/​Linolenic Polyglycerides,goodie,15,True
F0645,7,hydrogenated-polydecene,Hydrogenated Polydecene,no-take,30,True
F0645,8,quaternium-90-bentonite,Quaternium-90 Bentonite,no-take,5,True
F0645,9,hydrogenated-coco-glycerides,Hydrogenated Coco-Glycerides,no-take,11,True
F0645,10,trihydroxystearin,Trihydroxystearin,no-take,32,True
F0645,11,hydrogenated-styrene-methylstyrene-indene-copolymer,Hydrogenated Styrene/​Methylstyrene/​Indene Copolymer,no-take,12,True
F0645,12,silica-dimethyl-silylate,Silica Dimethyl Silylate,no-take,160,False
F0645,14,butyrospermum-parkii-butter,Butyrospermum Parkii (Shea) Butter,goodie,149,False
F0645,15,propylene-carbonate,Propylene Carbonate,no-take,95,False
