id_formula,n_ingredientes_base,n_funciones,n_destacados,prop_emoliente,prop_control_viscosidad,prop_antioxidante,prop_perfume,prop_conservador,prop_solvente,prop_humectante,prop_emulsionante,prop_tensioactivo,prop_identico_piel,prop_abrasivo,prop_calmante,prop_antimicrobiano,prop_regulador_ph,prop_comunicador_celular,prop_quelante,prop_exfoliante,prop_aclarante,prop_superstar,prop_goodie,prop_no_take,prop_icky,prop_sin_calificacion,rango_primer_emoliente,rango_primer_humectante,rango_primer_control_viscosidad
F0001,0.1851851851851851,0.6363636363636364,0.1818181818181818,0.3469387755102041,0.1160714285714285,0.1857142857142856,0.1339285714285714,0.25,0.4821428571428571,0.2857142857142857,0.5510204081632653,0.4642857142857142,0.3035714285714285,0.0,0.0,0.0,0.0,0.0,0.7857142857142857,0.0,0.0,0.0,0.2857142857142856,0.7819548872180451,0.0,0.0,0.0526315789473684,0.0465116279069767,0.1724137931034483
F0002,0.1851851851851851,0.7272727272727272,0.1818181818181818,0.3469387755102041,0.1160714285714285,0.1857142857142856,0.1339285714285714,0.25,0.4821428571428571,0.2857142857142857,0.5510204081632653,0.4642857142857142,0.3035714285714285,0.0,0.0,0.0,0.7619047619047619,0.0,0.3928571428571428,0.0,0.0,0.0,0.2857142857142856,0.7819548872180451,0.0,0.0,0.0526315789473684,0.0697674418604651,0.1724137931034483
F0003,0.1296296296296296,0.4545454545454546,0.0909090909090909,0.2207792207792208,0.1477272727272727,0.0,0.0,0.3181818181818182,0.6136363636363635,0.3636363636363636,0.4675324675324675,0.2954545454545454,0.3863636363636363,0.0,0.0,0.0,0.0,0.0,1.0,0.0,0.0,0.0,0.1818181818181818,0.861244019138756,0.0,0.0,0.0526315789473684,0.0465116279069767,0.1034482758620689
F0004,0.2407407407407407,0.6363636363636364,0.0909090909090909,0.0714285714285714,0.0,0.1529411764705882,0.5514705882352942,0.4117647058823529,0.3970588235294118,0.3529411764705882,0.1512605042016806,0.1911764705882352,0.25,0.0,0.0,0.0,0.6274509803921569,0.0,0.3235294117647059,0.0,0.0,0.4705882352941176,0.0,0.4613003095975232,0.7352941176470587,0.0,0.3684210526315789,0.0232558139534883,0.5862068965517242
F0005,0.1851851851851851,0.7272727272727272,0.1818181818181818,0.3469387755102041,0.1160714285714285,0.1857142857142856,0.1339285714285714,0.25,0.4821428571428571,0.2857142857142857,0.5510204081632653,0.4642857142857142,0.3035714285714285,0.0,0.0,0.0,0.7619047619047619,0.0,0.3928571428571428,0.0,0.0,0.0,0.2857142857142856,0.7819548872180451,0.0,0.0,0.0526315789473684,0.0465116279069767,0.1379310344827586
F0006,0.1481481481481481,0.2727272727272727,0.1818181818181818,0.6071428571428572,0.40625,0.2166666666666666,0.0,0.2916666666666666,0.0,0.1666666666666666,0.4285714285714285,0.0,0.0,0.0,0.9444444444444444,0.0,0.0,0.0,0.0,0.0,0.0,0.0,0.1666666666666666,0.7456140350877194,0.2083333333333332,0.0,0.0,0.1627906976744186,0.0
F0007,0.1481481481481481,0.2727272727272727,0.1818181818181818,0.4047619047619047,0.40625,0.4333333333333332,0.3125,0.5833333333333333,0.1875,0.0,0.0,0.0,0.0,0.0,0.4722222222222221,0.0,0.0,0.0,0.0,0.0,0.0,0.0,0.1666666666666666,0.618421052631579,0.2083333333333332,0.2592592592592592,0.0,0.2790697674418604,0.0344827586206896
F0008,0.5555555555555555,0.6363636363636364,0.2727272727272727,0.5357142857142858,0.286764705882353,0.0764705882352941,0.1102941176470588,0.0,0.1985294117647059,0.0,0.1512605042016806,0.0955882352941176,0.0,0.2549019607843137,0.1666666666666666,0.1470588235294117,0.0,0.1647058823529411,0.0,0.0,0.0,0.0,0.4117647058823528,0.326625386996904,0.1470588235294117,0.5490196078431373,0.0,0.7906976744186046,0.0689655172413793
F0009,0.4259259259259259,0.9090909090909092,0.5454545454545454,0.3148148148148148,0.4212962962962963,0.3851851851851851,0.5555555555555556,0.1296296296296296,0.1666666666666666,0.2222222222222222,0.1904761904761904,0.1203703703703703,0.3148148148148147,0.1604938271604938,0.419753086419753,0.1851851851851851,0.0,0.0,0.2037037037037037,0.0,0.0,0.296296296296296,0.2222222222222222,0.3216374269005848,0.6481481481481479,0.1152263374485595,0.0526315789473684,0.2093023255813953,0.0
F0010,0.1296296296296296,0.4545454545454546,0.1818181818181818,0.4415584415584416,0.4431818181818181,0.4727272727272726,0.0,0.3181818181818182,0.0,0.0,0.0,0.2954545454545454,0.0,0.3939393939393939,0.0,0.0,0.4848484848484848,0.0,0.0,0.0,0.0,0.0,0.3636363636363636,0.5837320574162679,0.0,0.2828282828282828,0.0,0.2558139534883721,0.0344827586206896
F0011,0.4629629629629629,0.6363636363636364,0.2727272727272727,0.5443349753694582,0.2801724137931035,0.2689655172413793,0.4525862068965517,0.1206896551724137,0.1551724137931034,0.1379310344827586,0.2660098522167487,0.1120689655172413,0.0,0.1494252873563218,0.1954022988505747,0.0,0.0,0.0,0.0,0.0,0.0,0.0,0.2758620689655172,0.3684210526315788,0.5172413793103448,0.21455938697318,0.0,0.3953488372093023,0.1379310344827586
F0012,0.1851851851851851,0.3636363636363636,0.1818181818181818,0.5204081632653061,0.4642857142857142,0.3714285714285713,0.5357142857142857,0.5,0.3214285714285714,0.1428571428571428,0.0,0.0,0.0,0.0,0.4047619047619047,0.0,0.0,0.0,0.0,0.0,0.0,0.0,0.1428571428571428,0.4548872180451128,0.7142857142857142,0.0,0.0,0.3023255813953489,0.0344827586206896
F0013,0.2592592592592592,0.4545454545454546,0.0909090909090909,0.5396825396825398,0.3611111111111111,0.0,0.625,0.1944444444444444,0.25,0.1111111111111111,0.1428571428571428,0.1805555555555555,0.0,0.0,0.3148148148148147,0.0,0.0,0.0,0.0,0.0,0.0,0.0,0.0,0.5760233918128654,0.5555555555555556,0.1728395061728393,0.0,0.2558139534883721,0.1379310344827586
F0014,0.2222222222222222,0.5454545454545455,0.2727272727272727,0.4553571428571429,0.203125,0.3249999999999999,0.46875,0.0,0.0,0.25,0.1607142857142857,0.0,0.265625,0.2708333333333333,0.0,0.3125,0.0,0.0,0.34375,0.0,0.0,0.5,0.125,0.3322368421052631,0.3125,0.5833333333333335,0.0,0.1860465116279069,0.1034482758620689
F0015,0.2407407407407407,0.2727272727272727,0.3636363636363636,0.5714285714285715,0.3823529411764705,0.3058823529411764,0.2205882352941176,0.0,0.0,0.1176470588235294,0.0,0.0,0.25,0.0,0.3333333333333333,0.0,0.0,0.0,0.0,0.0,0.0,0.0,0.588235294117647,0.1919504643962847,0.1470588235294117,0.5490196078431373,0.0,0.2790697674418604,0.0344827586206896
F0016,0.4074074074074074,0.8181818181818182,0.2727272727272727,0.6071428571428572,0.375,0.0999999999999999,0.4326923076923077,0.1346153846153846,0.173076923076923,0.2307692307692307,0.0989010989010989,0.125,0.3269230769230769,0.1666666666666666,0.0,0.0,0.2051282051282051,0.0,0.2115384615384615,0.0,0.0,0.3076923076923072,0.3846153846153846,0.47165991902834,0.1923076923076922,0.1196581196581194,0.0,0.2790697674418604,0.1034482758620689
F0017,0.3888888888888888,0.3636363636363636,0.2727272727272727,0.4857142857142857,0.325,0.3119999999999999,0.0,0.42,0.09,0.0,0.2057142857142857,0.13,0.0,0.0,0.0,0.0,0.0,0.2239999999999999,0.0,0.0,0.0,0.0,0.24,0.6947368421052633,0.0,0.2488888888888889,0.0526315789473684,0.5813953488372092,0.0
F0018,0.1666666666666666,0.3636363636363636,0.1818181818181818,0.7472527472527474,0.375,0.1999999999999999,0.4326923076923077,0.2692307692307693,0.173076923076923,0.1538461538461538,0.0,0.0,0.0,0.0,0.4358974358974359,0.0,0.0,0.0,0.0,0.0,0.0,0.0,0.1538461538461538,0.6477732793522268,0.3846153846153844,0.0,0.0,0.1395348837209302,0.0
F0019,0.3148148148148147,0.6363636363636364,0.4545454545454546,0.5204081632653061,0.1547619047619047,0.2476190476190475,0.4464285714285714,0.0,0.0,0.0952380952380952,0.1224489795918367,0.1547619047619047,0.0,0.0,0.2698412698412697,0.0,0.2539682539682539,0.2666666666666666,0.0,0.5714285714285714,0.0,0.3809523809523808,0.3809523809523808,0.2731829573934837,0.357142857142857,0.2962962962962962,0.0,0.3720930232558139,0.0689655172413793
F0020,0.3148148148148147,0.3636363636363636,0.0909090909090909,0.2891156462585034,0.6190476190476191,0.2476190476190475,0.2678571428571428,0.3333333333333333,0.1071428571428571,0.0,0.2448979591836734,0.0,0.0,0.4126984126984126,0.0,0.0,0.0,0.0,0.0,0.0,0.0,0.0,0.0952380952380952,0.7092731829573935,0.0,0.4444444444444443,0.0526315789473684,0.4883720930232558,0.0
F0021,0.2407407407407407,0.6363636363636364,0.3636363636363636,0.5714285714285715,0.573529411764706,0.1529411764705882,0.3308823529411765,0.0,0.1323529411764706,0.1176470588235294,0.1512605042016806,0.3823529411764705,0.5,0.2549019607843137,0.3333333333333333,0.0,0.0,0.0,0.0,0.0,0.0,0.0,0.4705882352941176,0.5510835913312695,0.1470588235294117,0.0,0.0,0.2093023255813953,0.0689655172413793
F0022,0.1296296296296296,0.1818181818181817,0.1818181818181818,0.7727272727272728,0.4431818181818181,0.2363636363636363,0.1704545454545454,0.0,0.0,0.0,0.2337662337662337,0.0,0.0,0.0,0.5151515151515151,0.0,0.0,0.0,0.0,0.0,0.0,0.0,0.1818181818181818,0.861244019138756,0.0,0.0,0.0526315789473684,0.2558139534883721,0.0
F0023,0.1666666666666666,0.3636363636363636,0.0909090909090909,0.4670329670329671,0.5,0.1999999999999999,0.1442307692307692,0.2692307692307693,0.0,0.0,0.0,0.25,0.0,0.3333333333333333,0.0,0.3846153846153846,0.0,0.0,0.0,0.0,0.0,0.0,0.0,0.8825910931174092,0.1923076923076922,0.0,0.0,0.3023255813953489,0.1034482758620689
F0024,0.0925925925925925,0.1818181818181817,0.0,0.5396825396825398,0.5416666666666666,0.0,0.4166666666666666,0.0,0.25,0.0,0.2857142857142856,0.3611111111111111,0.0,0.0,0.0,0.0,0.0,0.0,0.0,0.0,0.0,0.0,0.0,0.830409356725146,0.2777777777777778,0.0,0.0,0.2093023255813953,0.0689655172413793
F0025,0.2777777777777778,0.3636363636363636,0.0909090909090909,0.5112781954887218,0.1710526315789473,0.4105263157894736,0.1973684210526315,0.1842105263157894,0.0,0.0,0.1353383458646616,0.0,0.0,0.2280701754385964,0.0,0.0,0.2807017543859649,0.0,0.0,0.0,0.0,0.0,0.4210526315789472,0.3573407202216067,0.131578947368421,0.4912280701754384,0.0,0.4418604651162791,0.1034482758620689
F0026,0.1851851851851851,0.3636363636363636,0.0,0.8673469387755103,0.3482142857142857,0.0,0.6696428571428572,0.25,0.1607142857142857,0.1428571428571428,0.183673469387755,0.2321428571428571,0.0,0.0,0.0,0.0,0.0,0.0,0.0,0.0,0.0,0.0,0.1428571428571428,0.7819548872180451,0.1785714285714285,0.0,0.0,0.2558139534883721,0.1379310344827586
F0027,0.2407407407407407,0.7272727272727272,0.1818181818181818,0.5714285714285715,0.286764705882353,0.1529411764705882,0.2205882352941176,0.2058823529411764,0.2647058823529412,0.1176470588235294,0.3025210084033613,0.0,0.0,0.2549019607843137,0.0,0.0,0.3137254901960784,0.3294117647058823,0.0,0.7058823529411764,0.0,0.4705882352941176,0.1176470588235294,0.5510835913312695,0.2941176470588235,0.1830065359477124,0.0,0.3488372093023256,0.0344827586206896
F0028,0.1296296296296296,0.0909090909090909,0.0,0.7727272727272728,0.5909090909090909,0.0,0.0,0.0,0.2045454545454545,0.0,0.0,0.2954545454545454,0.0,0.3939393939393939,0.0,0.0,0.0,0.0,0.0,0.0,0.0,0.0,0.0,0.861244019138756,0.0,0.2828282828282828,0.0,0.2558139534883721,0.1034482758620689
F0029,0.3518518518518518,0.6363636363636364,0.2727272727272727,0.422360248447205,0.4239130434782608,0.3391304347826086,0.2445652173913043,0.1521739130434782,0.0978260869565217,0.0869565217391304,0.3354037267080745,0.2826086956521739,0.1847826086956521,0.3768115942028985,0.0,0.0,0.0,0.0,0.0,0.0,0.0,0.0,0.2608695652173912,0.6018306636155606,0.108695652173913,0.2705314009661835,0.0,0.2790697674418604,0.1034482758620689
F0030,0.2222222222222222,0.2727272727272727,0.0,0.3794642857142857,0.40625,0.0,0.1171875,0.4375,0.0,0.125,0.4821428571428571,0.40625,0.0,0.0,0.0,0.0,0.0,0.0,0.0,0.0,0.0,0.0,0.0,0.8092105263157894,0.15625,0.1944444444444444,0.0,0.3488372093023256,0.0344827586206896
F0031,0.4259259259259259,0.9090909090909092,0.2727272727272727,0.5846560846560847,0.4212962962962963,0.0962962962962962,0.4861111111111111,0.1296296296296296,0.3333333333333333,0.2222222222222222,0.0952380952380952,0.1203703703703703,0.3148148148148147,0.1604938271604938,0.0,0.1851851851851851,0.1975308641975308,0.0,0.2037037037037037,0.0,0.0,0.296296296296296,0.3703703703703702,0.4346978557504873,0.2777777777777778,0.1152263374485595,0.0,0.2790697674418604,0.1034482758620689
F0032,0.2962962962962963,0.4545454545454546,0.1818181818181818,0.7285714285714286,0.40625,0.3899999999999999,0.5625,0.175,0.1125,0.2,0.2571428571428571,0.1625,0.0,0.0,0.0,0.0,0.0,0.0,0.0,0.0,0.0,0.0,0.4,0.5421052631578946,0.25,0.0,0.0,0.3023255813953489,0.1379310344827586
F0033,0.2592592592592592,0.4545454545454546,0.1818181818181818,0.6071428571428572,0.4513888888888889,0.2888888888888888,0.3125,0.3888888888888888,0.0,0.1111111111111111,0.1428571428571428,0.1805555555555555,0.2361111111111111,0.0,0.0,0.0,0.0,0.0,0.0,0.0,0.0,0.0,0.3333333333333332,0.5760233918128654,0.0,0.345679012345679,0.0,0.2325581395348837,0.1724137931034483
F0034,0.3888888888888888,0.7272727272727272,0.4545454545454546,0.2914285714285714,0.585,0.4159999999999999,0.3,0.28,0.18,0.08,0.1028571428571428,0.13,0.17,0.3466666666666666,0.4533333333333333,0.0,0.0,0.0,0.0,0.0,0.0,0.0,0.4,0.3894736842105262,0.2,0.3733333333333334,0.0526315789473684,0.1627906976744186,0.0
F0035,0.3148148148148147,0.3636363636363636,0.0909090909090909,0.2891156462585034,0.6190476190476191,0.2476190476190475,0.2678571428571428,0.3333333333333333,0.1071428571428571,0.0,0.2448979591836734,0.0,0.0,0.4126984126984126,0.0,0.0,0.0,0.0,0.0,0.0,0.0,0.0,0.0952380952380952,0.7092731829573935,0.0,0.4444444444444443,0.0526315789473684,0.4883720930232558,0.0
F0036,0.2407407407407407,0.7272727272727272,0.1818181818181818,0.5714285714285715,0.286764705882353,0.1529411764705882,0.2205882352941176,0.2058823529411764,0.2647058823529412,0.1176470588235294,0.3025210084033613,0.0,0.0,0.2549019607843137,0.0,0.0,0.3137254901960784,0.3294117647058823,0.0,0.7058823529411764,0.0,0.4705882352941176,0.1176470588235294,0.5510835913312695,0.2941176470588235,0.1830065359477124,0.0,0.3255813953488372,0.0344827586206896
F0037,0.1111111111111111,0.4545454545454546,0.0,0.4857142857142857,0.325,0.2599999999999999,0.375,0.35,0.225,0.0,0.0,0.325,0.0,0.0,0.0,1.0,0.5333333333333333,0.0,0.0,0.0,0.0,0.0,0.0,0.6947368421052633,0.25,0.3111111111111111,0.0,0.2325581395348837,0.1379310344827586
F0038,0.1296296296296296,0.4545454545454546,0.1818181818181818,0.4415584415584416,0.4431818181818181,0.4727272727272726,0.1704545454545454,0.3181818181818182,0.2045454545454545,0.0,0.0,0.2954545454545454,0.0,0.0,0.0,0.0,0.4848484848484848,0.0,0.0,0.0,0.0,0.0,0.1818181818181818,0.5837320574162679,0.2272727272727272,0.2828282828282828,0.0,0.2558139534883721,0.0344827586206896
F0039,0.0925925925925925,0.0909090909090909,0.1818181818181818,0.8095238095238095,0.0,0.2888888888888888,0.2083333333333333,0.0,0.0,0.0,0.0,0.0,0.0,0.4814814814814814,0.6296296296296295,0.0,0.0,0.0,0.0,0.0,0.0,0.0,0.8888888888888888,0.3216374269005848,0.0,0.0,0.0,0.2093023255813953,0.3103448275862069
F0040,0.3148148148148147,0.5454545454545455,0.3636363636363636,0.6360544217687076,0.1547619047619047,0.3714285714285713,0.4464285714285714,0.0,0.2142857142857142,0.1904761904761904,0.1224489795918367,0.0,0.2023809523809523,0.0,0.0,0.238095238095238,0.0,0.0,0.2619047619047618,0.0,0.0,0.3809523809523808,0.476190476190476,0.2731829573934837,0.476190476190476,0.0,0.0526315789473684,0.3255813953488372,0.0
F0041,0.2407407407407407,0.2727272727272727,0.3636363636363636,0.5714285714285715,0.3823529411764705,0.3058823529411764,0.2205882352941176,0.0,0.0,0.1176470588235294,0.0,0.0,0.25,0.0,0.3333333333333333,0.0,0.0,0.0,0.0,0.0,0.0,0.0,0.588235294117647,0.1919504643962847,0.1470588235294117,0.5490196078431373,0.0,0.2790697674418604,0.0344827586206896
F0042,0.0555555555555555,0.0,0.1818181818181818,0.8673469387755103,0.9285714285714284,0.3714285714285713,0.0,0.0,0.0,0.0,0.0,0.0,0.0,0.0,0.8095238095238094,0.0,0.0,0.0,0.0,0.0,0.0,0.0,0.2857142857142856,0.7819548872180451,0.0,0.0,0.0,0.1627906976744186,0.0
F0043,0.2592592592592592,0.3636363636363636,0.3636363636363636,0.5396825396825398,0.3611111111111111,0.2888888888888888,0.2083333333333333,0.0,0.0,0.1111111111111111,0.1428571428571428,0.0,0.2361111111111111,0.0,0.3148148148148147,0.0,0.0,0.0,0.0,0.0,0.0,0.0,0.5555555555555556,0.2368421052631578,0.1388888888888887,0.5185185185185184,0.0,0.2790697674418604,0.0344827586206896
F0044,0.3518518518518518,0.4545454545454546,0.0909090909090909,0.4751552795031056,0.3532608695652174,0.0,0.6521739130434783,0.1521739130434782,0.1956521739130434,0.1739130434782608,0.1118012422360248,0.1413043478260869,0.0,0.0,0.2463768115942028,0.0,0.0,0.0,0.0,0.0,0.0,0.0,0.0,0.4691075514874141,0.6521739130434783,0.2705314009661835,0.0,0.3023255813953489,0.1379310344827586
F0045,0.3333333333333333,0.4545454545454546,0.3636363636363636,0.6623376623376623,0.4431818181818181,0.3545454545454545,0.1704545454545454,0.0,0.0,0.1818181818181818,0.2337662337662337,0.1477272727272727,0.3863636363636363,0.1969696969696969,0.0,0.0,0.0,0.0,0.0,0.0,0.0,0.0,0.4545454545454544,0.5143540669856459,0.1136363636363635,0.1414141414141412,0.0,0.2790697674418604,0.1034482758620689
F0046,0.2777777777777778,0.1818181818181817,0.0909090909090909,0.7030075187969926,0.1710526315789473,0.2736842105263157,0.0986842105263157,0.0,0.0,0.0,0.1353383458646616,0.0,0.0,0.2280701754385964,0.0,0.0,0.0,0.0,0.0,0.0,0.0,0.0,0.5263157894736842,0.1966759002770081,0.131578947368421,0.654970760233918,0.0,0.4418604651162791,0.1379310344827586
F0047,0.2777777777777778,0.3636363636363636,0.3636363636363636,0.5112781954887218,0.3421052631578947,0.2736842105263157,0.1973684210526315,0.0,0.0,0.1052631578947368,0.1353383458646616,0.0,0.2236842105263157,0.0,0.2982456140350876,0.0,0.0,0.0,0.0,0.0,0.0,0.0,0.5263157894736842,0.1966759002770081,0.131578947368421,0.654970760233918,0.0,0.2790697674418604,0.0344827586206896
F0048,0.5,0.7272727272727272,0.3636363636363636,0.587557603686636,0.314516129032258,0.3354838709677419,0.3629032258064516,0.1129032258064516,0.2177419354838709,0.1290322580645161,0.4147465437788017,0.1048387096774193,0.0,0.1397849462365591,0.0,0.1612903225806451,0.0,0.1806451612903225,0.0,0.0,0.0,0.0,0.3870967741935484,0.5076400679117146,0.2419354838709677,0.100358422939068,0.0,0.3953488372093023,0.1379310344827586
F0049,0.2222222222222222,0.1818181818181817,0.0909090909090909,0.6830357142857144,0.1015625,0.3249999999999999,0.3515625,0.0,0.0,0.0,0.1607142857142857,0.0,0.0,0.2708333333333333,0.0,0.0,0.0,0.0,0.0,0.0,0.0,0.0,0.5,0.2368421052631578,0.3125,0.3888888888888889,0.0,0.3720930232558139,0.1034482758620689
F0050,0.3148148148148147,0.5454545454545455,0.3636363636363636,0.6360544217687076,0.1547619047619047,0.3714285714285713,0.4464285714285714,0.0,0.2142857142857142,0.1904761904761904,0.1224489795918367,0.0,0.2023809523809523,0.0,0.0,0.238095238095238,0.0,0.0,0.2619047619047618,0.0,0.0,0.3809523809523808,0.476190476190476,0.2731829573934837,0.476190476190476,0.0,0.0526315789473684,0.3255813953488372,0.0
F0051,0.2592592592592592,0.4545454545454546,0.1818181818181818,0.6071428571428572,0.4513888888888889,0.2888888888888888,0.3125,0.3888888888888888,0.0,0.1111111111111111,0.1428571428571428,0.1805555555555555,0.2361111111111111,0.0,0.0,0.0,0.0,0.0,0.0,0.0,0.0,0.0,0.3333333333333332,0.5760233918128654,0.0,0.345679012345679,0.0,0.2558139534883721,0.1724137931034483
F0052,0.1296296296296296,0.4545454545454546,0.0,0.4415584415584416,0.2954545454545454,0.0,0.3409090909090909,0.3181818181818182,0.8181818181818182,0.1818181818181818,0.7012987012987012,0.2954545454545454,0.0,0.0,0.0,0.4545454545454546,0.0,0.0,0.0,0.0,0.0,0.0,0.0,0.7224880382775121,0.2272727272727272,0.2828282828282828,0.0,0.1627906976744186,0.0689655172413793
F0053,0.3518518518518518,0.6363636363636364,0.3636363636363636,0.3167701863354037,0.1413043478260869,0.1130434782608695,0.0,0.4565217391304347,0.2934782608695652,0.4347826086956521,0.670807453416149,0.4239130434782608,0.3695652173913043,0.0,0.0,0.217391304347826,0.0,0.2434782608695652,0.0,0.0,0.0,0.3478260869565216,0.3478260869565216,0.5354691075514875,0.108695652173913,0.1352657004830917,0.0,0.0465116279069767,0.3448275862068965
F0054,0.3148148148148147,0.5454545454545455,0.4545454545454546,0.4625850340136054,0.4642857142857142,0.2476190476190475,0.2678571428571428,0.3333333333333333,0.0,0.1904761904761904,0.1224489795918367,0.0,0.0,0.0,0.2698412698412697,0.238095238095238,0.0,0.0,0.0,0.0,0.0,0.0,0.5714285714285714,0.418546365914787,0.0,0.2962962962962962,0.0,0.3255813953488372,0.1379310344827586
F0055,0.2592592592592592,0.2727272727272727,0.3636363636363636,0.5396825396825398,0.4513888888888889,0.2888888888888888,0.2083333333333333,0.0,0.0,0.1111111111111111,0.0,0.0,0.2361111111111111,0.0,0.3148148148148147,0.0,0.0,0.0,0.0,0.0,0.0,0.0,0.5555555555555556,0.2368421052631578,0.1388888888888887,0.5185185185185184,0.0,0.2790697674418604,0.0344827586206896
F0056,0.1296296296296296,0.1818181818181817,0.1818181818181818,0.7727272727272728,0.4431818181818181,0.4727272727272726,0.5113636363636364,0.3181818181818182,0.2045454545454545,0.0,0.0,0.0,0.0,0.0,0.0,0.0,0.0,0.0,0.0,0.0,0.0,0.0,0.3636363636363636,0.7224880382775121,0.0,0.0,0.0,0.2558139534883721,0.1034482758620689
F0057,0.1111111111111111,0.2727272727272727,0.1818181818181818,0.4857142857142857,0.4875,0.5199999999999999,0.0,0.35,0.0,0.0,0.0,0.325,0.0,0.0,0.0,0.0,0.5333333333333333,0.0,0.0,0.0,0.0,0.0,0.2,0.6947368421052633,0.0,0.3111111111111111,0.0,0.2325581395348837,0.0344827586206896
F0058,0.1666666666666666,0.3636363636363636,0.0909090909090909,0.4670329670329671,0.25,0.1999999999999999,0.1442307692307692,0.5384615384615385,0.173076923076923,0.1538461538461538,0.1978021978021978,0.0,0.0,0.0,0.0,0.0,0.0,0.0,0.0,0.0,0.0,0.0,0.3076923076923076,0.5303643724696356,0.1923076923076922,0.2393162393162392,0.0526315789473684,0.1627906976744186,0.0
F0059,0.1666666666666666,0.4545454545454546,0.1818181818181818,0.3736263736263737,0.125,0.0,0.1442307692307692,0.5384615384615385,0.3461538461538461,0.6153846153846154,0.7912087912087912,1.0,0.6538461538461539,0.0,0.0,0.0,0.0,0.0,0.0,0.0,0.0,0.6153846153846152,0.1538461538461538,0.7651821862348178,0.0,0.0,0.2105263157894736,0.0232558139534883,0.0689655172413793
F0060,0.5,0.7272727272727272,0.3636363636363636,0.587557603686636,0.314516129032258,0.3354838709677419,0.3629032258064516,0.1129032258064516,0.2177419354838709,0.1290322580645161,0.4147465437788017,0.1048387096774193,0.0,0.1397849462365591,0.0,0.1612903225806451,0.0,0.1806451612903225,0.0,0.0,0.0,0.0,0.3870967741935484,0.5076400679117146,0.2419354838709677,0.100358422939068,0.0,0.3953488372093023,0.1379310344827586
F0061,0.2592592592592592,0.2727272727272727,0.0909090909090909,0.6071428571428572,0.1805555555555555,0.4333333333333332,0.2083333333333333,0.1944444444444444,0.0,0.0,0.1428571428571428,0.0,0.0,0.0,0.0,0.0,0.2962962962962963,0.0,0.0,0.0,0.0,0.0,0.5555555555555556,0.3216374269005848,0.1388888888888887,0.345679012345679,0.0,0.4186046511627907,0.1034482758620689
F0062,0.537037037037037,0.5454545454545455,0.4545454545454546,0.367965367965368,0.3939393939393939,0.2363636363636363,0.2840909090909091,0.3181818181818182,0.3409090909090909,0.3636363636363636,0.1558441558441558,0.0,0.2575757575757575,0.0,0.1717171717171717,0.0,0.0,0.0,0.0,0.0,0.0,0.2424242424242424,0.3636363636363636,0.4449760765550239,0.2272727272727272,0.1885521885521885,0.0526315789473684,0.0697674418604651,0.0344827586206896
F0063,0.4259259259259259,0.7272727272727272,0.2727272727272727,0.4497354497354497,0.4212962962962963,0.2888888888888888,0.6944444444444444,0.1296296296296296,0.1666666666666666,0.1481481481481481,0.0,0.0,0.1574074074074073,0.1604938271604938,0.2098765432098765,0.0,0.1975308641975308,0.0,0.2037037037037037,0.0,0.0,0.296296296296296,0.2222222222222222,0.4912280701754385,0.4629629629629627,0.0,0.0,0.3023255813953489,0.0344827586206896
F0064,0.2037037037037037,0.3636363636363636,0.0,0.4857142857142857,0.5416666666666666,0.1733333333333333,0.5,0.4666666666666667,0.3,0.1333333333333333,0.0,0.0,0.0,0.0,0.0,0.0,0.3555555555555555,0.0,0.0,0.0,0.0,0.0,0.1333333333333332,0.7964912280701755,0.0,0.2074074074074072,0.0,0.1860465116279069,0.0344827586206896
F0065,0.0925925925925925,0.0909090909090909,0.1818181818181818,0.8095238095238095,0.0,0.2888888888888888,0.2083333333333333,0.0,0.0,0.0,0.0,0.0,0.0,0.4814814814814814,0.6296296296296295,0.0,0.0,0.0,0.0,0.0,0.0,0.0,0.8888888888888888,0.3216374269005848,0.0,0.0,0.0,0.2093023255813953,0.3103448275862069
F0066,0.2037037037037037,0.3636363636363636,0.0909090909090909,0.3238095238095238,0.2166666666666666,0.3466666666666666,0.0,0.0,0.45,0.1333333333333333,0.1714285714285714,0.0,0.0,0.8666666666666667,0.0,0.0,0.3555555555555555,0.0,0.0,0.0,0.0,0.0,0.2666666666666666,0.4912280701754385,0.1666666666666665,0.4148148148148148,0.0,0.2093023255813953,0.0689655172413793
F0067,0.2777777777777778,0.5454545454545455,0.0909090909090909,0.575187969924812,0.256578947368421,0.2736842105263157,0.3947368421052631,0.3684210526315789,0.3552631578947368,0.2105263157894736,0.1353383458646616,0.3421052631578947,0.0,0.0,0.0,0.2631578947368421,0.0,0.0,0.0,0.0,0.0,0.0,0.5263157894736842,0.3573407202216067,0.263157894736842,0.1637426900584795,0.0,0.2325581395348837,0.1034482758620689
F0068,0.1666666666666666,0.3636363636363636,0.0909090909090909,0.3736263736263737,0.625,0.1999999999999999,0.1442307692307692,0.2692307692307693,0.0,0.0,0.3956043956043956,0.0,0.0,0.3333333333333333,0.4358974358974359,0.0,0.0,0.0,0.0,0.0,0.0,0.0,0.0,0.8825910931174092,0.0,0.2393162393162392,0.0526315789473684,0.3023255813953489,0.0689655172413793
F0069,0.3333333333333333,0.3636363636363636,0.4545454545454546,0.6071428571428572,0.3693181818181818,0.4727272727272726,0.2556818181818182,0.0,0.0,0.1818181818181818,0.0,0.0,0.3863636363636363,0.1969696969696969,0.0,0.0,0.0,0.0,0.25,0.0,0.0,0.3636363636363632,0.4545454545454544,0.3062200956937798,0.1136363636363635,0.4242424242424241,0.0,0.3488372093023256,0.0344827586206896
F0070,0.1666666666666666,0.4545454545454546,0.1818181818181818,0.4670329670329671,0.25,0.1999999999999999,0.2884615384615385,0.5384615384615385,0.0,0.1538461538461538,0.0,0.25,0.0,0.0,0.0,0.0,0.4102564102564102,0.0,0.0,0.9230769230769232,0.0,0.6153846153846152,0.0,0.6477732793522268,0.3846153846153844,0.0,0.0,0.2093023255813953,0.1724137931034483
F0071,0.1666666666666666,0.1818181818181817,0.0,0.5604395604395606,0.625,0.0,0.4326923076923077,0.0,0.173076923076923,0.0,0.1978021978021978,0.25,0.0,0.0,0.0,0.0,0.0,0.0,0.0,0.0,0.0,0.0,0.1538461538461538,0.6477732793522268,0.1923076923076922,0.2393162393162392,0.1052631578947368,0.3023255813953489,0.0
F0072,0.3148148148148147,0.7272727272727272,0.2727272727272727,0.3469387755102041,0.2321428571428571,0.2476190476190475,0.625,0.3333333333333333,0.1071428571428571,0.0952380952380952,0.1224489795918367,0.1547619047619047,0.0,0.0,0.0,0.238095238095238,0.2539682539682539,0.0,0.0,0.5714285714285714,0.0,0.3809523809523808,0.0952380952380952,0.3458646616541352,0.7142857142857142,0.1481481481481481,0.0,0.3023255813953489,0.0
F0073,0.2407407407407407,0.5454545454545455,0.2727272727272727,0.2857142857142857,0.573529411764706,0.6117647058823529,0.4411764705882353,0.4117647058823529,0.2647058823529412,0.0,0.3025210084033613,0.0,0.0,0.2549019607843137,0.0,0.0,0.0,0.0,0.0,0.0,0.4901960784313726,0.0,0.3529411764705882,0.6408668730650153,0.1470588235294117,0.0,0.0,0.3953488372093023,0.0344827586206896
F0074,0.4629629629629629,0.6363636363636364,0.3636363636363636,0.5862068965517242,0.2801724137931035,0.3586206896551723,0.3879310344827586,0.1206896551724137,0.2327586206896551,0.0689655172413793,0.4433497536945812,0.1120689655172413,0.0,0.0,0.0,0.1724137931034483,0.0,0.193103448275862,0.0,0.0,0.0,0.0,0.4137931034482758,0.4736842105263157,0.2586206896551722,0.1072796934865898,0.0,0.3953488372093023,0.1379310344827586
F0075,0.1666666666666666,0.1818181818181817,0.0909090909090909,0.2802197802197803,0.375,0.0,0.576923076923077,0.0,0.173076923076923,0.1538461538461538,0.0,0.0,0.0,0.0,0.4358974358974359,0.0,0.0,0.0,0.0,0.0,0.0,0.0,0.0,0.1781376518218622,0.7692307692307693,0.7179487179487178,0.0526315789473684,0.1395348837209302,0.0
F0076,0.4074074074074074,0.7272727272727272,0.2727272727272727,0.6071428571428572,0.3125,0.0999999999999999,0.4326923076923077,0.0,0.2596153846153846,0.2307692307692307,0.0989010989010989,0.125,0.3269230769230769,0.0,0.0,0.1923076923076923,0.2051282051282051,0.0,0.2115384615384615,0.0,0.0,0.3076923076923072,0.3846153846153846,0.3542510121457488,0.2884615384615382,0.2393162393162392,0.0,0.2325581395348837,0.1034482758620689
F0077,0.3148148148148147,0.4545454545454546,0.1818181818181818,0.7517006802721089,0.3095238095238095,0.3714285714285713,0.5357142857142857,0.1666666666666666,0.1071428571428571,0.0952380952380952,0.2448979591836734,0.1547619047619047,0.0,0.0,0.0,0.0,0.0,0.0,0.0,0.0,0.0,0.0,0.476190476190476,0.4912280701754385,0.238095238095238,0.0,0.0,0.3255813953488372,0.1379310344827586
F0078,0.2592592592592592,0.3636363636363636,0.0909090909090909,0.5396825396825398,0.2708333333333333,0.4333333333333332,0.3125,0.3888888888888888,0.125,0.0,0.1428571428571428,0.0,0.0,0.0,0.0,0.0,0.2962962962962963,0.0,0.0,0.0,0.0,0.0,0.4444444444444444,0.4064327485380117,0.1388888888888887,0.345679012345679,0.0,0.4186046511627907,0.1034482758620689
F0079,0.3333333333333333,0.8181818181818182,0.3636363636363636,0.551948051948052,0.5170454545454546,0.2363636363636363,0.2556818181818182,0.1590909090909091,0.1022727272727272,0.2727272727272727,0.1168831168831168,0.1477272727272727,0.3863636363636363,0.1969696969696969,0.2575757575757575,0.0,0.0,0.0,0.25,0.0,0.0,0.3636363636363632,0.1818181818181818,0.5837320574162679,0.2272727272727272,0.1414141414141412,0.0526315789473684,0.2558139534883721,0.0
F0080,0.2037037037037037,0.0909090909090909,0.0,0.8095238095238095,0.325,0.0,0.625,0.0,0.3,0.0,0.0,0.0,0.0,0.0,0.0,0.0,0.3555555555555555,0.0,0.0,0.0,0.0,0.0,0.4,0.5929824561403507,0.1666666666666665,0.0,0.0,0.3488372093023256,0.0344827586206896
F0081,0.1481481481481481,0.1818181818181817,0.1818181818181818,0.7083333333333335,0.2708333333333333,0.2166666666666666,0.15625,0.0,0.0,0.0,0.0,0.2708333333333333,0.0,0.0,0.4722222222222221,0.0,0.0,0.0,0.0,0.0,0.0,0.0,0.3333333333333332,0.3640350877192982,0.2083333333333332,0.5185185185185184,0.0,0.2790697674418604,0.1379310344827586
F0082,0.5,0.7272727272727272,0.3636363636363636,0.587557603686636,0.314516129032258,0.3354838709677419,0.3629032258064516,0.1129032258064516,0.2177419354838709,0.1290322580645161,0.4147465437788017,0.1048387096774193,0.0,0.1397849462365591,0.0,0.1612903225806451,0.0,0.1806451612903225,0.0,0.0,0.0,0.0,0.3870967741935484,0.5076400679117146,0.2419354838709677,0.100358422939068,0.0,0.3953488372093023,0.1379310344827586
F0083,0.2962962962962963,0.3636363636363636,0.3636363636363636,0.6678571428571429,0.1625,0.3899999999999999,0.1875,0.0,0.0,0.2,0.1285714285714285,0.0,0.2125,0.0,0.0,0.0,0.0,0.0,0.275,0.0,0.0,0.4,0.5,0.3131578947368422,0.125,0.3111111111111111,0.0,0.3488372093023256,0.0344827586206896
F0084,0.2592592592592592,0.2727272727272727,0.0909090909090909,0.6071428571428572,0.2708333333333333,0.4333333333333332,0.3125,0.3888888888888888,0.125,0.0,0.1428571428571428,0.0,0.0,0.0,0.0,0.0,0.0,0.0,0.0,0.0,0.0,0.0,0.5555555555555556,0.3216374269005848,0.1388888888888887,0.345679012345679,0.0,0.4186046511627907,0.1034482758620689
F0085,0.3148148148148147,0.4545454545454546,0.2727272727272727,0.6938775510204082,0.3095238095238095,0.3714285714285713,0.5357142857142857,0.1666666666666666,0.1071428571428571,0.0952380952380952,0.1224489795918367,0.1547619047619047,0.0,0.0,0.0,0.0,0.0,0.0,0.0,0.0,0.0,0.0,0.3809523809523808,0.418546365914787,0.476190476190476,0.0,0.0,0.4651162790697674,0.0689655172413793
F0086,0.3333333333333333,0.6363636363636364,0.2727272727272727,0.3863636363636364,0.221590909090909,0.1181818181818181,0.5113636363636364,0.0,0.2045454545454545,0.1818181818181818,0.0,0.0,0.1931818181818181,0.0,0.2575757575757575,0.2272727272727273,0.2424242424242424,0.0,0.25,0.0,0.0,0.3636363636363632,0.0909090909090908,0.2368421052631578,0.7954545454545454,0.2828282828282828,0.0,0.2558139534883721,0.0344827586206896
F0087,0.3333333333333333,0.3636363636363636,0.0909090909090909,0.275974025974026,0.5909090909090909,0.2363636363636363,0.3409090909090909,0.3181818181818182,0.1022727272727272,0.0,0.2337662337662337,0.0,0.0,0.3939393939393939,0.0,0.0,0.0,0.0,0.0,0.0,0.0,0.0,0.0909090909090908,0.6531100478468899,0.1136363636363635,0.4242424242424241,0.0526315789473684,0.5116279069767441,0.0
F0088,0.1851851851851851,0.3636363636363636,0.0909090909090909,0.6071428571428572,0.3482142857142857,0.1857142857142856,0.2678571428571428,0.5,0.0,0.2857142857142857,0.183673469387755,0.2321428571428571,0.0,0.0,0.0,0.0,0.0,0.0,0.0,0.0,0.0,0.0,0.1428571428571428,0.6729323308270676,0.357142857142857,0.0,0.0,0.1627906976744186,0.0689655172413793
F0089,0.3148148148148147,0.5454545454545455,0.3636363636363636,0.6360544217687076,0.1547619047619047,0.3714285714285713,0.4464285714285714,0.0,0.2142857142857142,0.1904761904761904,0.1224489795918367,0.0,0.2023809523809523,0.0,0.0,0.238095238095238,0.0,0.0,0.2619047619047618,0.0,0.0,0.3809523809523808,0.476190476190476,0.2731829573934837,0.476190476190476,0.0,0.0526315789473684,0.3255813953488372,0.0
F0090,0.4259259259259259,0.4545454545454546,0.1818181818181818,0.7195767195767196,0.3009259259259259,0.1925925925925925,0.3472222222222222,0.3888888888888888,0.1666666666666666,0.1481481481481481,0.0952380952380952,0.1203703703703703,0.0,0.0,0.0,0.0,0.0,0.0,0.0,0.0,0.0,0.0,0.5925925925925926,0.3781676413255359,0.0925925925925925,0.2304526748971191,0.0,0.3488372093023256,0.0
F0091,0.2592592592592592,0.8181818181818182,0.3636363636363636,0.4047619047619047,0.4513888888888889,0.2888888888888888,0.2083333333333333,0.1944444444444444,0.25,0.1111111111111111,0.1428571428571428,0.1805555555555555,0.2361111111111111,0.2407407407407407,0.3148148148148147,0.0,0.0,0.311111111111111,0.0,0.0,0.0,0.0,0.3333333333333332,0.5760233918128654,0.1388888888888887,0.1728395061728393,0.0526315789473684,0.1860465116279069,0.0
F0092,0.2962962962962963,0.5454545454545455,0.4545454545454546,0.4857142857142857,0.40625,0.2599999999999999,0.28125,0.35,0.0,0.2,0.1285714285714285,0.0,0.0,0.0,0.2833333333333333,0.25,0.0,0.0,0.0,0.0,0.0,0.0,0.6,0.3894736842105262,0.0,0.3111111111111111,0.0,0.3023255813953489,0.1724137931034483
F0093,0.5185185185185185,0.9090909090909092,0.2727272727272727,0.4933035714285715,0.35546875,0.0812499999999999,0.52734375,0.109375,0.28125,0.1875,0.0803571428571428,0.1015625,0.265625,0.2708333333333333,0.0,0.3125,0.1666666666666666,0.0,0.171875,0.0,0.0,0.25,0.3125,0.3322368421052631,0.390625,0.2916666666666667,0.0,0.2325581395348837,0.1034482758620689
F0094,0.2777777777777778,0.3636363636363636,0.3636363636363636,0.3834586466165414,0.3421052631578947,0.8210526315789473,0.0,0.1842105263157894,0.1184210526315789,0.0,0.2706766917293233,0.1710526315789473,0.0,0.2280701754385964,0.0,0.0,0.0,0.0,0.0,0.0,0.0,0.0,0.3157894736842104,0.5180055401662049,0.131578947368421,0.327485380116959,0.0,0.4418604651162791,0.0689655172413793
F0095,0.2592592592592592,0.3636363636363636,0.3636363636363636,0.5396825396825398,0.3611111111111111,0.2888888888888888,0.1041666666666666,0.0,0.0,0.1111111111111111,0.1428571428571428,0.0,0.2361111111111111,0.0,0.3148148148148147,0.0,0.0,0.0,0.0,0.0,0.0,0.0,0.5555555555555556,0.2368421052631578,0.1388888888888887,0.5185185185185184,0.0,0.2790697674418604,0.0344827586206896
F0096,0.4074074074074074,0.9090909090909092,0.2727272727272727,0.6071428571428572,0.4375,0.0999999999999999,0.4326923076923077,0.1346153846153846,0.3461538461538461,0.2307692307692307,0.0989010989010989,0.125,0.3269230769230769,0.1666666666666666,0.0,0.1923076923076923,0.2051282051282051,0.0,0.2115384615384615,0.0,0.0,0.3076923076923072,0.3846153846153846,0.4129554655870445,0.2884615384615382,0.1196581196581194,0.0,0.2325581395348837,0.1034482758620689
F0097,0.4259259259259259,0.6363636363636364,0.1818181818181818,0.3148148148148148,0.2407407407407407,0.1925925925925925,0.0694444444444444,0.0,0.4166666666666666,0.1481481481481481,0.2857142857142856,0.1203703703703703,0.0,0.6419753086419753,0.0,0.0,0.3950617283950617,0.0,0.0,0.0,0.0,0.0,0.2222222222222222,0.6608187134502923,0.0925925925925925,0.2304526748971191,0.0,0.3953488372093023,0.1379310344827586
F0098,0.2037037037037037,0.5454545454545455,0.1818181818181818,0.3238095238095238,0.325,0.3466666666666666,0.25,0.4666666666666667,0.15,0.1333333333333333,0.0,0.0,0.0,0.0,0.3777777777777777,0.0,0.3555555555555555,0.0,0.3666666666666666,0.0,0.0,0.0,0.2666666666666666,0.4912280701754385,0.1666666666666665,0.4148148148148148,0.0,0.3023255813953489,0.0344827586206896
F0099,0.1851851851851851,0.3636363636363636,0.1818181818181818,0.7806122448979593,0.4642857142857142,0.1857142857142856,0.4017857142857142,0.25,0.1607142857142857,0.2857142857142857,0.0,0.0,0.0,0.0,0.4047619047619047,0.0,0.0,0.0,0.0,0.0,0.0,0.0,0.1428571428571428,0.6729323308270676,0.357142857142857,0.0,0.0,0.1395348837209302,0.0
F0100,0.2962962962962963,0.3636363636363636,0.2727272727272727,0.6071428571428572,0.24375,0.3899999999999999,0.0,0.0,0.0,0.0,0.1285714285714285,0.0,0.0,0.4333333333333333,0.2833333333333333,0.0,0.2666666666666666,0.0,0.0,0.0,0.0,0.0,0.6,0.2368421052631578,0.125,0.4666666666666667,0.0,0.4651162790697674,0.1034482758620689
F0101,0.4444444444444444,0.8181818181818182,0.3636363636363636,0.3035714285714286,0.40625,0.2785714285714285,0.4017857142857142,0.25,0.1607142857142857,0.0714285714285714,0.0918367346938775,0.0,0.1517857142857142,0.3095238095238095,0.2023809523809523,0.3571428571428571,0.0,0.1999999999999999,0.0,0.0,0.0,0.0,0.357142857142857,0.3458646616541352,0.4464285714285712,0.2222222222222221,0.0526315789473684,0.2790697674418604,0.0
F0102,0.2962962962962963,0.5454545454545455,0.4545454545454546,0.4857142857142857,0.40625,0.2599999999999999,0.28125,0.35,0.0,0.2,0.1285714285714285,0.0,0.0,0.0,0.2833333333333333,0.25,0.0,0.0,0.0,0.0,0.0,0.0,0.6,0.3894736842105262,0.0,0.3111111111111111,0.0,0.3255813953488372,0.1724137931034483
F0103,0.2777777777777778,0.5454545454545455,0.4545454545454546,0.5112781954887218,0.256578947368421,0.4105263157894736,0.3947368421052631,0.0,0.1184210526315789,0.3157894736842105,0.0,0.0,0.4473684210526315,0.0,0.2982456140350876,0.0,0.2807017543859649,0.0,0.2894736842105263,0.0,0.0,0.4210526315789472,0.4210526315789472,0.4376731301939057,0.131578947368421,0.1637426900584795,0.0526315789473684,0.0930232558139534,0.0
F0104,0.2407407407407407,0.5454545454545455,0.3636363636363636,0.2857142857142857,0.286764705882353,0.6117647058823529,0.2205882352941176,0.4117647058823529,0.1323529411764706,0.1176470588235294,0.0,0.0,0.0,0.0,0.3333333333333333,0.0,0.6274509803921569,0.0,0.0,0.0,0.4901960784313726,0.4705882352941176,0.2352941176470588,0.371517027863777,0.2941176470588235,0.3660130718954248,0.0,0.1627906976744186,0.0344827586206896
F0105,0.3148148148148147,0.3636363636363636,0.0909090909090909,0.2891156462585034,0.6190476190476191,0.2476190476190475,0.2678571428571428,0.3333333333333333,0.1071428571428571,0.0,0.2448979591836734,0.0,0.0,0.4126984126984126,0.0,0.0,0.0,0.0,0.0,0.0,0.0,0.0,0.0952380952380952,0.7092731829573935,0.0,0.4444444444444443,0.0526315789473684,0.4883720930232558,0.0
F0106,0.3148148148148147,0.5454545454545455,0.3636363636363636,0.4047619047619047,0.4642857142857142,0.3714285714285713,0.2678571428571428,0.3333333333333333,0.1071428571428571,0.0952380952380952,0.0,0.0,0.2023809523809523,0.0,0.2698412698412697,0.0,0.0,0.2666666666666666,0.0,0.0,0.0,0.0,0.476190476190476,0.3458646616541352,0.238095238095238,0.2962962962962962,0.0,0.2558139534883721,0.0
F0107,0.2777777777777778,0.4545454545454546,0.0909090909090909,0.5112781954887218,0.1710526315789473,0.4105263157894736,0.2960526315789473,0.1842105263157894,0.1184210526315789,0.0,0.1353383458646616,0.0,0.0,0.2280701754385964,0.0,0.0,0.2807017543859649,0.0,0.0,0.0,0.0,0.0,0.4210526315789472,0.3573407202216067,0.263157894736842,0.327485380116959,0.0,0.4418604651162791,0.1034482758620689
F0108,0.1666666666666666,0.2727272727272727,0.1818181818181818,0.7472527472527474,0.25,0.3999999999999999,0.4326923076923077,0.0,0.173076923076923,0.0,0.0,0.25,0.0,0.0,0.0,0.3846153846153846,0.0,0.0,0.0,0.0,0.0,0.0,0.6153846153846154,0.1781376518218622,0.3846153846153844,0.2393162393162392,0.0,0.3023255813953489,0.1379310344827586
F0109,0.0925925925925925,0.0909090909090909,0.1818181818181818,0.8095238095238095,0.0,0.2888888888888888,0.2083333333333333,0.0,0.0,0.0,0.0,0.0,0.0,0.4814814814814814,0.6296296296296295,0.0,0.0,0.0,0.0,0.0,0.0,0.0,0.8888888888888888,0.3216374269005848,0.0,0.0,0.0,0.2093023255813953,0.3103448275862069
F0110,0.2407407407407407,0.6363636363636364,0.3636363636363636,0.4285714285714286,0.286764705882353,0.6117647058823529,0.3308823529411765,0.4117647058823529,0.1323529411764706,0.1176470588235294,0.0,0.1911764705882352,0.0,0.0,0.3333333333333333,0.0,0.6274509803921569,0.0,0.0,0.0,0.4901960784313726,0.4705882352941176,0.2352941176470588,0.4613003095975232,0.2941176470588235,0.1830065359477124,0.0,0.1860465116279069,0.0344827586206896
F0111,0.2037037037037037,0.3636363636363636,0.1818181818181818,0.8904761904761905,0.5416666666666666,0.1733333333333333,0.375,0.0,0.0,0.1333333333333333,0.1714285714285714,0.2166666666666666,0.2833333333333333,0.0,0.0,0.0,0.0,0.0,0.0,0.0,0.0,0.0,0.6666666666666666,0.3894736842105262,0.0,0.2074074074074072,0.0526315789473684,0.1627906976744186,0.0
F0112,0.3148148148148147,0.6363636363636364,0.4545454545454546,0.5204081632653061,0.1547619047619047,0.2476190476190475,0.4464285714285714,0.0,0.0,0.0952380952380952,0.1224489795918367,0.1547619047619047,0.0,0.0,0.2698412698412697,0.0,0.2539682539682539,0.2666666666666666,0.0,0.5714285714285714,0.0,0.3809523809523808,0.3809523809523808,0.2731829573934837,0.357142857142857,0.2962962962962962,0.0,0.3720930232558139,0.0689655172413793
F0113,0.4814814814814815,0.7272727272727272,0.3636363636363636,0.5666666666666668,0.2708333333333333,0.3466666666666666,0.3125,0.1166666666666666,0.225,0.0666666666666666,0.4285714285714285,0.1083333333333333,0.0,0.1444444444444444,0.0,0.1666666666666666,0.0,0.1866666666666666,0.0,0.0,0.0,0.0,0.4,0.5421052631578946,0.1666666666666665,0.1037037037037036,0.0,0.4186046511627907,0.1379310344827586
F0114,0.2592592592592592,0.3636363636363636,0.0909090909090909,0.5396825396825398,0.1805555555555555,0.4333333333333332,0.2083333333333333,0.1944444444444444,0.0,0.0,0.1428571428571428,0.0,0.0,0.2407407407407407,0.0,0.0,0.2962962962962963,0.0,0.0,0.0,0.0,0.0,0.4444444444444444,0.4064327485380117,0.1388888888888887,0.345679012345679,0.0,0.4186046511627907,0.1034482758620689
F0115,0.2962962962962963,0.5454545454545455,0.2727272727272727,0.2428571428571428,0.24375,0.1299999999999999,0.0,0.35,0.45,0.4,0.3857142857142857,0.4875,0.2125,0.0,0.2833333333333333,0.0,0.0,0.0,0.0,0.0,0.0,0.0,0.2,0.6947368421052633,0.125,0.1555555555555555,0.0526315789473684,0.0697674418604651,0.2413793103448275
F0116,0.1296296296296296,0.1818181818181817,0.0909090909090909,0.551948051948052,0.4431818181818181,0.4727272727272726,0.5113636363636364,0.6363636363636364,0.2045454545454545,0.0,0.0,0.0,0.0,0.0,0.0,0.0,0.0,0.0,0.0,0.0,0.0,0.0,0.1818181818181818,0.5837320574162679,0.2272727272727272,0.2828282828282828,0.0,0.2558139534883721,0.0344827586206896
F0117,0.2407407407407407,0.4545454545454546,0.2727272727272727,0.5714285714285715,0.4779411764705882,0.3058823529411764,0.1102941176470588,0.0,0.0,0.1176470588235294,0.1512605042016806,0.1911764705882352,0.25,0.5098039215686274,0.0,0.0,0.0,0.0,0.0,0.0,0.0,0.0,0.3529411764705882,0.5510835913312695,0.1470588235294117,0.1830065359477124,0.0,0.2558139534883721,0.0
F0118,0.4444444444444444,0.8181818181818182,0.4545454545454546,0.4336734693877551,0.5223214285714286,0.3714285714285713,0.2008928571428571,0.0,0.2410714285714285,0.2142857142857142,0.0918367346938775,0.1160714285714285,0.1517857142857142,0.3095238095238095,0.2023809523809523,0.0,0.3809523809523809,0.0,0.0,0.0,0.2976190476190476,0.2857142857142856,0.1428571428571428,0.6729323308270676,0.1785714285714285,0.111111111111111,0.0,0.1627906976744186,0.0689655172413793
F0119,0.4074074074074074,0.7272727272727272,0.3636363636363636,0.3736263736263737,0.5,0.3999999999999999,0.2163461538461538,0.0,0.2596153846153846,0.2307692307692307,0.0989010989010989,0.125,0.0,0.3333333333333333,0.2179487179487179,0.0,0.4102564102564102,0.0,0.0,0.0,0.3205128205128205,0.3076923076923072,0.0769230769230768,0.7064777327935223,0.1923076923076922,0.1196581196581194,0.0,0.1627906976744186,0.0689655172413793
F0120,0.2222222222222222,0.3636363636363636,0.0909090909090909,0.6071428571428572,0.40625,0.1624999999999999,0.1171875,0.0,0.140625,0.0,0.3214285714285714,0.40625,0.0,0.2708333333333333,0.0,0.0,0.0,0.0,0.0,0.0,0.0,0.0,0.375,0.5230263157894737,0.15625,0.1944444444444444,0.0,0.3720930232558139,0.0689655172413793
F0121,0.4629629629629629,0.8181818181818182,0.3636363636363636,0.3768472906403941,0.3922413793103448,0.3586206896551723,0.1293103448275862,0.1206896551724137,0.3103448275862069,0.1379310344827586,0.0,0.1120689655172413,0.0,0.5977011494252873,0.1954022988505747,0.0,0.367816091954023,0.0,0.0,0.0,0.2873563218390805,0.2758620689655168,0.2758620689655172,0.5263157894736843,0.1724137931034482,0.21455938697318,0.0,0.2093023255813953,0.0
F0122,0.3518518518518518,0.6363636363636364,0.2727272727272727,0.4751552795031056,0.4945652173913044,0.1130434782608695,0.1630434782608695,0.0,0.1956521739130434,0.1739130434782608,0.3354037267080745,0.2826086956521739,0.0,0.3768115942028985,0.2463768115942028,0.0,0.0,0.2434782608695652,0.0,0.0,0.0,0.0,0.0869565217391304,0.8009153318077802,0.108695652173913,0.1352657004830917,0.0,0.3255813953488372,0.1034482758620689
F0123,0.4444444444444444,0.7272727272727272,0.1818181818181818,0.4336734693877551,0.40625,0.2785714285714285,0.2008928571428571,0.0,0.1607142857142857,0.0714285714285714,0.183673469387755,0.2321428571428571,0.0,0.619047619047619,0.0,0.0,0.3809523809523809,0.0,0.0,0.0,0.2976190476190476,0.2857142857142856,0.2142857142857142,0.4548872180451128,0.1785714285714285,0.4444444444444443,0.0,0.3953488372093023,0.2068965517241379
F0124,0.2222222222222222,0.3636363636363636,0.0909090909090909,0.3794642857142857,0.3046875,0.1624999999999999,0.1171875,0.0,0.421875,0.0,0.0,0.203125,0.0,0.8125,0.0,0.0,0.0,0.0,0.0,0.0,0.0,0.0,0.125,0.618421052631579,0.15625,0.3888888888888889,0.0,0.3720930232558139,0.1724137931034483
F0125,0.5185185185185185,1.0,0.6363636363636364,0.6450892857142858,0.25390625,0.3249999999999999,0.05859375,0.0,0.0703125,0.375,0.1607142857142857,0.1015625,0.1328125,0.1354166666666666,0.1770833333333333,0.0,0.5,0.175,0.0,0.375,0.2604166666666667,0.5,0.25,0.5707236842105263,0.15625,0.0972222222222222,0.0,0.3023255813953489,0.0689655172413793
F0126,0.3333333333333333,0.8181818181818182,0.3636363636363636,0.551948051948052,0.3693181818181818,0.3545454545454545,0.0852272727272727,0.1590909090909091,0.1022727272727272,0.0909090909090909,0.2337662337662337,0.2954545454545454,0.0,0.1969696969696969,0.2575757575757575,0.0,0.2424242424242424,0.2545454545454545,0.0,0.0,0.0,0.0,0.2727272727272726,0.7224880382775121,0.1136363636363635,0.0,0.0,0.1162790697674418,0.1034482758620689
F0127,0.4629629629629629,0.9090909090909092,0.5454545454545454,0.6699507389162562,0.5043103448275862,0.1793103448275861,0.1939655172413793,0.0,0.1551724137931034,0.2758620689655172,0.354679802955665,0.1120689655172413,0.146551724137931,0.1494252873563218,0.1954022988505747,0.0,0.1839080459770115,0.193103448275862,0.0,0.4137931034482758,0.0,0.2758620689655168,0.4137931034482758,0.5789473684210527,0.086206896551724,0.0,0.0,0.2093023255813953,0.0344827586206896
F0128,0.1666666666666666,0.3636363636363636,0.0909090909090909,0.2802197802197803,0.375,0.1999999999999999,0.1442307692307692,0.2692307692307693,0.0,0.0,0.0,0.25,0.0,1.0,0.0,0.0,0.0,0.0,0.0,0.0,0.0,0.0,0.1538461538461538,0.6477732793522268,0.1923076923076922,0.2393162393162392,0.0,0.3023255813953489,0.0689655172413793
F0129,0.3888888888888888,0.7272727272727272,0.2727272727272727,0.4857142857142857,0.455,0.4159999999999999,0.15,0.0,0.18,0.16,0.2057142857142857,0.13,0.0,0.5199999999999999,0.0,0.0,0.4266666666666666,0.0,0.0,0.0,0.3333333333333333,0.32,0.16,0.6336842105263158,0.2,0.1244444444444444,0.0,0.3255813953488372,0.0
F0130,0.2037037037037037,0.2727272727272727,0.0909090909090909,0.6476190476190476,0.325,0.1733333333333333,0.125,0.0,0.15,0.0,0.3428571428571428,0.4333333333333333,0.0,0.0,0.0,0.0,0.0,0.0,0.0,0.0,0.0,0.0,0.4,0.4912280701754385,0.1666666666666665,0.2074074074074072,0.0,0.3488372093023256,0.0689655172413793
F0131,0.4074074074074074,0.7272727272727272,0.3636363636363636,0.3736263736263737,0.5625,0.3999999999999999,0.2163461538461538,0.0,0.2596153846153846,0.2307692307692307,0.0989010989010989,0.125,0.0,0.3333333333333333,0.2179487179487179,0.0,0.4102564102564102,0.0,0.0,0.0,0.3205128205128205,0.3076923076923072,0.0769230769230768,0.7651821862348178,0.1923076923076922,0.0,0.0,0.1860465116279069,0.0689655172413793
F0132,0.4814814814814815,0.7272727272727272,0.4545454545454546,0.4857142857142857,0.4333333333333333,0.3466666666666666,0.0625,0.1166666666666666,0.0,0.1333333333333333,0.1714285714285714,0.1083333333333333,0.1416666666666666,0.1444444444444444,0.3777777777777777,0.0,0.1777777777777777,0.0,0.0,0.0,0.0,0.2666666666666664,0.3333333333333332,0.4403508771929824,0.1666666666666665,0.3111111111111111,0.0526315789473684,0.1395348837209302,0.0
F0133,0.4444444444444444,0.9090909090909092,0.4545454545454546,0.5204081632653061,0.3482142857142857,0.3714285714285713,0.1339285714285714,0.125,0.0803571428571428,0.2142857142857142,0.2755102040816326,0.1160714285714285,0.0,0.3095238095238095,0.2023809523809523,0.0,0.3809523809523809,0.1999999999999999,0.0,0.0,0.2976190476190476,0.2857142857142856,0.2142857142857142,0.6729323308270676,0.1785714285714285,0.0,0.1052631578947368,0.3255813953488372,0.0
F0134,0.7777777777777778,0.8181818181818182,0.8181818181818182,0.501552795031056,0.1413043478260869,0.3391304347826086,0.2445652173913043,0.0760869565217391,0.1467391304347826,0.1739130434782608,0.0559006211180124,0.0,0.1847826086956521,0.1884057971014492,0.3695652173913043,0.0,0.1159420289855072,0.0,0.0,0.0,0.181159420289855,0.1739130434782608,0.391304347826087,0.2700228832951944,0.2717391304347825,0.4734299516908211,0.0,0.3023255813953489,0.1034482758620689
F0135,0.2592592592592592,0.5454545454545455,0.1818181818181818,0.5396825396825398,0.5416666666666666,0.2888888888888888,0.1041666666666666,0.1944444444444444,0.5,0.3333333333333333,0.1428571428571428,0.1805555555555555,0.2361111111111111,0.0,0.0,0.0,0.0,0.0,0.0,0.0,0.0,0.0,0.3333333333333332,0.6608187134502923,0.1388888888888887,0.0,0.0,0.3023255813953489,0.0344827586206896
F0136,0.2037037037037037,0.3636363636363636,0.0909090909090909,0.2428571428571428,0.325,0.3466666666666666,0.625,0.2333333333333333,0.3,0.1333333333333333,0.0,0.0,0.0,0.0,0.0,0.0,0.3555555555555555,0.0,0.0,0.0,0.0,0.0,0.0,0.4912280701754385,0.6666666666666665,0.2074074074074072,0.0,0.2325581395348837,0.1379310344827586
F0137,0.2777777777777778,0.4545454545454546,0.3636363636363636,0.3195488721804511,0.4276315789473684,0.5473684210526315,0.0986842105263157,0.1842105263157894,0.0,0.1052631578947368,0.1353383458646616,0.0,0.0,0.2280701754385964,0.2982456140350876,0.0,0.0,0.0,0.0,0.0,0.0,0.0,0.2105263157894736,0.6786703601108033,0.0,0.327485380116959,0.0,0.3488372093023256,0.1034482758620689
F0138,0.4444444444444444,0.7272727272727272,0.3636363636363636,0.4336734693877551,0.2321428571428571,0.3714285714285713,0.1339285714285714,0.25,0.3214285714285714,0.2142857142857142,0.0918367346938775,0.3482142857142857,0.1517857142857142,0.1547619047619047,0.2023809523809523,0.0,0.0,0.0,0.0,0.0,0.0,0.0,0.2142857142857142,0.618421052631579,0.0892857142857142,0.3333333333333332,0.0526315789473684,0.3255813953488372,0.0
F0139,0.2592592592592592,0.4545454545454546,0.0909090909090909,0.3373015873015873,0.6319444444444444,0.2888888888888888,0.1041666666666666,0.3888888888888888,0.125,0.0,0.0,0.1805555555555555,0.0,0.4814814814814814,0.3148148148148147,0.0,0.0,0.0,0.0,0.0,0.0,0.0,0.111111111111111,0.830409356725146,0.0,0.1728395061728393,0.0,0.4186046511627907,0.0344827586206896
F0140,0.2777777777777778,0.7272727272727272,0.5454545454545454,0.1917293233082707,0.4276315789473684,0.2736842105263157,0.1973684210526315,0.1842105263157894,0.1184210526315789,0.3157894736842105,0.0,0.1710526315789473,0.6710526315789473,0.4561403508771929,0.2982456140350876,0.0,0.0,0.2947368421052631,0.0,0.0,0.0,0.0,0.631578947368421,0.2770083102493074,0.263157894736842,0.1637426900584795,0.0526315789473684,0.2558139534883721,0.0
F0141,0.3888888888888888,0.7272727272727272,0.1818181818181818,0.5342857142857144,0.78,0.2079999999999999,0.15,0.14,0.09,0.08,0.5142857142857142,0.39,0.17,0.0,0.2266666666666666,0.0,0.0,0.0,0.0,0.0,0.0,0.0,0.08,0.8778947368421053,0.0,0.1244444444444444,0.0,0.2325581395348837,0.0689655172413793
F0142,0.2777777777777778,0.4545454545454546,0.0909090909090909,0.3195488721804511,0.8552631578947368,0.1368421052631578,0.0986842105263157,0.1842105263157894,0.1184210526315789,0.0,0.0,0.1710526315789473,0.0,0.4561403508771929,0.2982456140350876,0.0,0.0,0.0,0.0,0.0,0.0,0.0,0.1052631578947368,0.8393351800554016,0.0,0.1637426900584795,0.0,0.4418604651162791,0.0344827586206896
F0143,0.2407407407407407,0.0909090909090909,0.1818181818181818,0.3571428571428572,0.4779411764705882,0.4588235294117647,0.0,0.2058823529411764,0.0,0.0,0.0,0.0,0.0,0.5098039215686274,0.0,0.0,0.0,0.0,0.0,0.0,0.0,0.0,0.1176470588235294,0.5510835913312695,0.0,0.7320261437908497,0.0,0.3953488372093023,0.1379310344827586
F0144,0.2962962962962963,0.3636363636363636,0.4545454545454546,0.3035714285714286,0.40625,0.6499999999999999,0.09375,0.35,0.0,0.0,0.1285714285714285,0.0,0.0,0.2166666666666666,0.5666666666666667,0.0,0.0,0.0,0.0,0.0,0.0,0.0,0.2,0.6947368421052633,0.0,0.3111111111111111,0.0,0.4651162790697674,0.1034482758620689
F0145,0.2962962962962963,0.6363636363636364,0.3636363636363636,0.3035714285714286,0.65,0.2599999999999999,0.09375,0.35,0.1125,0.1,0.0,0.0,0.2125,0.4333333333333333,0.2833333333333333,0.0,0.0,0.2799999999999999,0.0,0.0,0.0,0.0,0.2,0.8473684210526315,0.0,0.0,0.0526315789473684,0.3255813953488372,0.0
F0146,0.0925925925925925,0.0,0.0,0.6746031746031746,0.3611111111111111,0.0,0.0,0.0,0.0,0.0,0.0,0.3611111111111111,0.0,0.4814814814814814,0.0,0.0,0.0,0.0,0.0,0.0,0.0,0.0,0.0,0.6608187134502923,0.0,0.6913580246913581,0.0526315789473684,0.2093023255813953,0.0
F0147,0.3333333333333333,0.4545454545454546,0.2727272727272727,0.6623376623376623,0.5170454545454546,0.1181818181818181,0.1704545454545454,0.0,0.3068181818181817,0.0909090909090909,0.0,0.1477272727272727,0.1931818181818181,0.0,0.0,0.0,0.0,0.2545454545454545,0.0,0.0,0.0,0.0,0.2727272727272726,0.6531100478468899,0.1136363636363635,0.1414141414141412,0.0,0.2325581395348837,0.0344827586206896
F0148,0.5185185185185185,0.9090909090909092,0.6363636363636364,0.4553571428571429,0.203125,0.1624999999999999,0.17578125,0.21875,0.140625,0.1875,0.1607142857142857,0.203125,0.0,0.0,0.1770833333333333,0.15625,0.1666666666666666,0.5249999999999999,0.0,0.375,0.0,0.25,0.375,0.475328947368421,0.15625,0.1944444444444444,0.0526315789473684,0.5581395348837209,0.0
F0149,0.3333333333333333,0.6363636363636364,0.3636363636363636,0.4415584415584416,0.7386363636363636,0.3545454545454545,0.0852272727272727,0.0,0.2045454545454545,0.0909090909090909,0.2337662337662337,0.2954545454545454,0.0,0.0,0.0,0.0,0.2424242424242424,0.0,0.0,0.5454545454545454,0.3787878787878788,0.0,0.2727272727272726,0.791866028708134,0.0,0.0,0.0,0.2558139534883721,0.1034482758620689
F0150,1.0,0.9090909090909092,1.0,0.4815270935960591,0.2521551724137931,0.2689655172413793,0.0969827586206896,0.1810344827586207,0.0775862068965517,0.1034482758620689,0.3990147783251231,0.2801724137931035,0.4396551724137931,0.0,0.0977011494252873,0.1724137931034483,0.0,0.096551724137931,0.0,0.0,0.0,0.1379310344827584,0.3793103448275862,0.4736842105263157,0.0,0.4291187739463601,0.0,0.5116279069767441,0.0344827586206896
F0151,0.2222222222222222,0.1818181818181817,0.1818181818181818,0.986607142857143,0.3046875,0.1624999999999999,0.3515625,0.0,0.0,0.0,0.1607142857142857,0.0,0.0,0.0,0.3541666666666666,0.0,0.0,0.0,0.0,0.0,0.0,0.0,1.0,0.2368421052631578,0.0,0.0,0.0,0.3720930232558139,0.1379310344827586
F0152,0.3703703703703703,0.3636363636363636,0.3636363636363636,0.6071428571428572,0.609375,0.2166666666666666,0.0,0.0,0.0,0.0833333333333333,0.4285714285714285,0.1354166666666666,0.53125,0.0,0.0,0.0,0.0,0.0,0.0,0.0,0.3472222222222222,0.0,0.5,0.4912280701754385,0.0,0.2592592592592592,0.0,0.3720930232558139,0.0344827586206896
F0153,0.611111111111111,0.9090909090909092,0.9090909090909092,0.2625482625482626,0.1756756756756756,0.2108108108108108,0.0506756756756756,0.2837837837837837,0.3648648648648649,0.4324324324324324,0.2084942084942085,0.1756756756756756,0.4594594594594595,0.0,0.6126126126126126,0.0,0.0,0.0,0.0,0.3243243243243243,0.2252252252252252,0.216216216216216,0.3783783783783784,0.4224751066856329,0.0,0.5045045045045043,0.0526315789473684,0.1860465116279069,0.3103448275862069
F0154,0.4259259259259259,0.4545454545454546,0.3636363636363636,0.5396825396825398,0.4212962962962963,0.1925925925925925,0.1388888888888889,0.0,0.0,0.1481481481481481,0.2857142857142856,0.0,0.1574074074074073,0.0,0.2098765432098765,0.0,0.0,0.2074074074074073,0.0,0.0,0.0,0.0,0.4444444444444444,0.3781676413255359,0.0,0.5761316872427982,0.0,0.2325581395348837,0.0344827586206896
F0155,0.3518518518518518,0.7272727272727272,0.7272727272727273,0.5279503105590062,0.2119565217391304,0.2260869565217391,0.2445652173913043,0.1521739130434782,0.0978260869565217,0.1739130434782608,0.2236024844720496,0.2826086956521739,0.5543478260869565,0.0,0.7391304347826086,0.0,0.0,0.0,0.0,0.0,0.3623188405797101,0.0,0.6956521739130433,0.3363844393592676,0.0,0.2705314009661835,0.0,0.1860465116279069,0.0344827586206896
F0156,0.074074074074074,0.0909090909090909,0.0909090909090909,0.7589285714285715,0.203125,0.6499999999999999,0.234375,0.4375,0.0,0.0,0.0,0.0,0.0,0.0,0.0,0.0,0.0,0.0,0.0,0.0,0.0,0.0,0.0,1.0,0.0,0.0,0.0,0.1860465116279069,0.1724137931034483
F0157,0.2407407407407407,0.1818181818181817,0.2727272727272727,1.0,0.286764705882353,0.3058823529411764,0.3308823529411765,0.0,0.0,0.0,0.3025210084033613,0.0,0.0,0.0,0.3333333333333333,0.0,0.0,0.0,0.0,0.0,0.0,0.0,0.9411764705882352,0.2817337461300309,0.0,0.0,0.0,0.3953488372093023,0.1379310344827586
F0158,0.3888888888888888,0.6363636363636364,0.8181818181818182,0.6800000000000002,0.195,0.728,0.2249999999999999,0.28,0.18,0.16,0.1028571428571428,0.0,0.34,0.0,0.6799999999999999,0.0,0.0,0.0,0.0,0.0,1.0,0.0,0.8,0.3894736842105262,0.0,0.0,0.0,0.4186046511627907,0.0
F0159,0.6666666666666666,0.7272727272727272,0.7272727272727273,0.6678571428571429,0.325,0.1949999999999999,0.140625,0.0875,0.1125,0.2,0.1928571428571428,0.1625,0.6375,0.1083333333333333,0.0,0.0,0.0,0.0,0.0,0.0,0.4166666666666667,0.0,0.45,0.5421052631578946,0.0,0.2333333333333333,0.0,0.6046511627906976,0.2413793103448275
F0160,0.2962962962962963,0.6363636363636364,0.1818181818181818,0.425,0.325,0.1299999999999999,0.375,0.175,0.1125,0.1,0.3857142857142857,0.1625,0.0,0.2166666666666666,0.0,0.0,0.0,0.2799999999999999,0.0,0.0,0.0,0.0,0.4,0.3894736842105262,0.25,0.3111111111111111,0.0,0.3023255813953489,0.0
F0161,0.3703703703703703,0.8181818181818182,0.8181818181818182,0.505952380952381,0.203125,0.3249999999999999,0.234375,0.1458333333333333,0.09375,0.1666666666666666,0.2142857142857142,0.2708333333333333,0.53125,0.0,0.7083333333333333,0.0,0.0,0.2333333333333333,0.0,0.0,0.3472222222222222,0.0,0.6666666666666666,0.3640350877192982,0.0,0.2592592592592592,0.1052631578947368,0.2558139534883721,0.0
F0162,0.3888888888888888,0.7272727272727272,0.6363636363636364,0.6800000000000002,0.325,0.3119999999999999,0.375,0.14,0.09,0.32,0.4114285714285714,0.52,0.51,0.0,0.2266666666666666,0.0,0.0,0.0,0.0,0.0,0.3333333333333333,0.0,0.72,0.3284210526315789,0.0,0.2488888888888889,0.0,0.2325581395348837,0.0344827586206896
F0163,0.7777777777777778,0.9090909090909092,0.8181818181818182,0.501552795031056,0.4239130434782608,0.0565217391304347,0.1222826086956521,0.0760869565217391,0.1467391304347826,0.2608695652173913,0.5031055900621118,0.3532608695652174,0.4619565217391304,0.0942028985507246,0.1231884057971014,0.0,0.0,0.2434782608695652,0.0,0.0,0.181159420289855,0.1739130434782608,0.391304347826087,0.6018306636155606,0.0,0.1352657004830917,0.0,0.2558139534883721,0.0344827586206896
F0164,0.3518518518518518,0.3636363636363636,0.3636363636363636,0.6335403726708075,0.5652173913043478,0.2260869565217391,0.0,0.0,0.0,0.0869565217391304,0.4472049689440993,0.1413043478260869,0.5543478260869565,0.0,0.0,0.0,0.0,0.0,0.0,0.0,0.3623188405797101,0.0,0.5217391304347826,0.4691075514874141,0.0,0.2705314009661835,0.0,0.4651162790697674,0.0344827586206896
F0165,0.074074074074074,0.0909090909090909,0.0909090909090909,0.9107142857142858,0.203125,0.6499999999999999,0.234375,0.4375,0.0,0.0,0.0,0.0,0.0,0.0,0.0,0.0,0.0,0.0,0.0,0.0,0.0,0.0,0.0,1.0,0.0,0.0,0.0,0.1860465116279069,0.1724137931034483
F0166,0.3888888888888888,0.5454545454545455,0.2727272727272727,0.4371428571428571,0.39,0.2079999999999999,0.375,0.0,0.09,0.16,0.3085714285714285,0.0,0.17,0.1733333333333333,0.0,0.0,0.2133333333333333,0.0,0.0,0.0,0.0,0.0,0.56,0.3284210526315789,0.1,0.3733333333333334,0.0526315789473684,0.5348837209302325,0.0689655172413793
F0167,0.3148148148148147,0.7272727272727272,0.2727272727272727,0.2312925170068027,0.1547619047619047,0.2476190476190475,0.2678571428571428,0.5,0.3214285714285714,0.1904761904761904,0.6122448979591836,0.3095238095238095,0.4047619047619047,0.0,0.0,0.0,0.5079365079365079,0.0,0.2619047619047618,0.0,0.0,0.3809523809523808,0.1904761904761904,0.5639097744360901,0.119047619047619,0.2962962962962962,0.1052631578947368,0.0232558139534883,0.1379310344827586
F0168,0.4259259259259259,0.8181818181818182,0.2727272727272727,0.1798941798941799,0.2407407407407407,0.1925925925925925,0.2083333333333333,0.3888888888888888,0.3333333333333333,0.1481481481481481,0.6666666666666665,0.3611111111111111,0.3148148148148147,0.0,0.0,0.1851851851851851,0.3950617283950617,0.0,0.2037037037037037,0.0,0.0,0.296296296296296,0.148148148148148,0.4912280701754385,0.185185185185185,0.4609053497942386,0.1578947368421052,0.0232558139534883,0.1379310344827586
F0169,0.3333333333333333,0.3636363636363636,0.3636363636363636,0.6071428571428572,0.1477272727272727,0.3545454545454545,0.2556818181818182,0.0,0.0,0.0909090909090909,0.1168831168831168,0.1477272727272727,0.0,0.0,0.5151515151515151,0.0,0.0,0.0,0.0,0.0,0.0,0.0,0.3636363636363636,0.3062200956937798,0.2272727272727272,0.5656565656565656,0.0526315789473684,0.0930232558139534,0.1724137931034483
F0170,0.4444444444444444,0.4545454545454546,0.4545454545454546,0.5204081632653061,0.1160714285714285,0.3714285714285713,0.2678571428571428,0.125,0.0,0.0714285714285714,0.2755102040816326,0.0,0.1517857142857142,0.0,0.4047619047619047,0.0,0.0,0.0,0.0,0.0,0.0,0.0,0.5,0.0187969924812029,0.1785714285714285,1.0,0.0526315789473684,0.1395348837209302,0.1724137931034483
F0171,0.1481481481481481,0.4545454545454546,0.0,0.4047619047619047,0.5416666666666666,0.2166666666666666,0.0,0.2916666666666666,0.5625,0.0,0.2142857142857142,0.2708333333333333,0.0,0.361111111111111,0.0,0.4166666666666666,0.0,0.0,0.0,0.0,0.0,0.0,0.0,0.8728070175438596,0.2083333333333332,0.0,0.0,0.2790697674418604,0.1034482758620689
F0172,0.4444444444444444,0.5454545454545455,0.1818181818181818,0.4336734693877551,0.40625,0.1857142857142856,0.1339285714285714,0.125,0.2410714285714285,0.1428571428571428,0.6428571428571428,0.3482142857142857,0.0,0.0,0.2023809523809523,0.0,0.0,0.0,0.0,0.0,0.0,0.0,0.2857142857142856,0.5093984962406015,0.0892857142857142,0.4444444444444443,0.0526315789473684,0.1162790697674418,0.1379310344827586
F0173,0.3888888888888888,0.5454545454545455,0.2727272727272727,0.4371428571428571,0.26,0.3119999999999999,0.3,0.42,0.36,0.24,0.3085714285714285,0.26,0.34,0.0,0.0,0.0,0.0,0.0,0.0,0.0,0.0,0.0,0.16,0.5726315789473684,0.2,0.3733333333333334,0.0526315789473684,0.3023255813953489,0.0
F0174,0.3518518518518518,0.3636363636363636,0.1818181818181818,0.5279503105590062,0.2119565217391304,0.2260869565217391,0.1630434782608695,0.1521739130434782,0.0,0.0869565217391304,0.2236024844720496,0.0,0.0,0.0,0.2463768115942028,0.0,0.0,0.0,0.0,0.0,0.0,0.0,0.3478260869565216,0.2700228832951944,0.108695652173913,0.8115942028985508,0.0526315789473684,0.3255813953488372,0.1379310344827586
F0175,0.5185185185185185,0.8181818181818182,0.5454545454545454,0.2276785714285714,0.15234375,0.3249999999999999,0.234375,0.328125,0.421875,0.375,0.3214285714285714,0.1015625,0.3984375,0.0,0.1770833333333333,0.15625,0.1666666666666666,0.0,0.0,0.0,0.0,0.25,0.25,0.475328947368421,0.234375,0.2916666666666667,0.4210526315789473,0.0232558139534883,0.1724137931034483
F0176,0.2962962962962963,0.3636363636363636,0.1818181818181818,0.5464285714285715,0.40625,0.3899999999999999,0.28125,0.35,0.1125,0.0,0.1285714285714285,0.1625,0.0,0.0,0.0,0.0,0.0,0.0,0.0,0.0,0.0,0.0,0.2,0.618421052631579,0.125,0.3111111111111111,0.0,0.4651162790697674,0.0
F0177,0.4629629629629629,0.3636363636363636,0.1818181818181818,0.6280788177339902,0.2241379310344827,0.2689655172413793,0.1939655172413793,0.1206896551724137,0.0775862068965517,0.0689655172413793,0.2660098522167487,0.0,0.0,0.0,0.0,0.0,0.0,0.0,0.0,0.0,0.0,0.0,0.3448275862068966,0.4210526315789473,0.086206896551724,0.5363984674329503,0.0526315789473684,0.4651162790697674,0.0689655172413793
F0178,0.5555555555555555,0.9090909090909092,0.7272727272727273,0.3928571428571429,0.2389705882352941,0.1529411764705882,0.4411764705882353,0.0,0.1985294117647059,0.1176470588235294,0.3025210084033613,0.0955882352941176,0.25,0.0,0.3333333333333333,0.1470588235294117,0.1568627450980392,0.1647058823529411,0.0,0.3529411764705882,0.0,0.2352941176470584,0.2352941176470588,0.4164086687306502,0.2941176470588235,0.3660130718954248,0.0,0.5813953488372092,0.0344827586206896
F0179,0.5740740740740741,0.5454545454545455,0.0909090909090909,0.3469387755102041,0.3714285714285714,0.0742857142857142,0.2142857142857142,0.0999999999999999,0.1928571428571428,0.0571428571428571,0.3673469387755101,0.1857142857142857,0.0,0.0,0.1619047619047618,0.0,0.0,0.0,0.0,0.0,0.0,0.0,0.1714285714285714,0.3894736842105262,0.0714285714285712,0.888888888888889,0.0526315789473684,0.5116279069767441,0.0344827586206896
F0180,0.2777777777777778,0.4545454545454546,0.1818181818181818,0.4473684210526316,0.4276315789473684,0.4105263157894736,0.2960526315789473,0.3684210526315789,0.1184210526315789,0.0,0.4060150375939849,0.3421052631578947,0.0,0.0,0.0,0.2631578947368421,0.0,0.0,0.0,0.0,0.0,0.0,0.4210526315789472,0.4376731301939057,0.131578947368421,0.327485380116959,0.0,0.4418604651162791,0.0344827586206896
F0181,0.2962962962962963,0.3636363636363636,0.4545454545454546,0.425,0.1625,0.2599999999999999,0.28125,0.0,0.0,0.3,0.3857142857142857,0.0,0.2125,0.0,0.5666666666666667,0.0,0.0,0.0,0.0,0.0,0.0,0.0,0.3,0.4657894736842105,0.25,0.3111111111111111,0.0526315789473684,0.0930232558139534,0.0344827586206896
F0182,0.5925925925925926,0.8181818181818182,0.2727272727272727,0.4384920634920635,0.4513888888888889,0.2166666666666666,0.5729166666666667,0.1944444444444444,0.25,0.1666666666666666,0.2142857142857142,0.0902777777777777,0.1180555555555555,0.1203703703703703,0.0,0.2777777777777778,0.1481481481481481,0.0,0.0,0.0,0.0,0.0,0.2222222222222222,0.4912280701754385,0.4166666666666665,0.1728395061728393,0.0526315789473684,0.5581395348837209,0.0344827586206896
F0183,0.3333333333333333,0.6363636363636364,0.2727272727272727,0.4967532467532468,0.5170454545454546,0.4727272727272726,0.6818181818181819,0.4772727272727272,0.3068181818181817,0.1818181818181818,0.3506493506493506,0.1477272727272727,0.0,0.0,0.2575757575757575,0.2272727272727273,0.0,0.0,0.0,0.0,0.0,0.0,0.3636363636363636,0.5143540669856459,0.2272727272727272,0.1414141414141412,0.0526315789473684,0.4418604651162791,0.0344827586206896
F0184,0.3333333333333333,0.3636363636363636,0.3636363636363636,0.551948051948052,0.2954545454545454,0.4727272727272726,0.4261363636363636,0.1590909090909091,0.0,0.0909090909090909,0.4675324675324675,0.0,0.1931818181818181,0.0,0.0,0.0,0.0,0.0,0.0,0.0,0.0,0.0,0.2727272727272726,0.5837320574162679,0.1136363636363635,0.2828282828282828,0.0526315789473684,0.3720930232558139,0.1379310344827586
F0185,0.5740740740740741,0.9090909090909092,0.6363636363636364,0.2775510204081632,0.1857142857142857,0.2228571428571428,0.1071428571428571,0.3999999999999999,0.2571428571428571,0.2285714285714285,0.4408163265306122,0.3714285714285714,0.6071428571428571,0.0,0.3238095238095237,0.1428571428571428,0.3047619047619047,0.0,0.1571428571428571,0.0,0.0,0.228571428571428,0.2285714285714284,0.4766917293233081,0.2142857142857142,0.3555555555555553,0.1578947368421052,0.0465116279069767,0.1034482758620689
F0186,0.3333333333333333,0.3636363636363636,0.3636363636363636,0.551948051948052,0.2954545454545454,0.4727272727272726,0.4261363636363636,0.1590909090909091,0.0,0.0909090909090909,0.4675324675324675,0.0,0.1931818181818181,0.0,0.0,0.0,0.0,0.0,0.0,0.0,0.0,0.0,0.2727272727272726,0.5837320574162679,0.1136363636363635,0.2828282828282828,0.0526315789473684,0.3953488372093023,0.1379310344827586
F0187,0.2592592592592592,0.5454545454545455,0.2727272727272727,0.2698412698412699,0.2708333333333333,0.4333333333333332,0.8333333333333333,0.1944444444444444,0.375,0.1111111111111111,0.1428571428571428,0.0,0.0,0.0,0.3148148148148147,0.2777777777777778,0.0,0.0,0.0,0.0,0.0,0.0,0.111111111111111,0.3216374269005848,0.8333333333333333,0.1728395061728393,0.0526315789473684,0.0465116279069767,0.1034482758620689
F0188,0.2962962962962963,0.5454545454545455,0.2727272727272727,0.4857142857142857,0.4875,0.3899999999999999,0.28125,0.35,0.1125,0.0,0.2571428571428571,0.325,0.0,0.0,0.0,0.25,0.0,0.0,0.0,0.0,0.0,0.0,0.4,0.4657894736842105,0.125,0.3111111111111111,0.0,0.4651162790697674,0.0
F0189,0.1111111111111111,0.1818181818181817,0.0,0.6071428571428572,0.325,0.0,0.1875,0.0,0.45,0.0,0.2571428571428571,0.0,0.0,0.0,0.0,0.5,0.0,0.0,0.0,0.0,0.0,0.0,0.0,0.3894736842105262,0.5,0.6222222222222223,0.0,0.2325581395348837,0.2413793103448275
F0190,0.3148148148148147,0.3636363636363636,0.4545454545454546,0.4047619047619047,0.2321428571428571,0.2476190476190475,0.2678571428571428,0.0,0.0,0.2857142857142857,0.3673469387755101,0.0,0.2023809523809523,0.0,0.5396825396825395,0.0,0.0,0.0,0.0,0.0,0.0,0.0,0.2857142857142856,0.4912280701754385,0.238095238095238,0.2962962962962962,0.0526315789473684,0.0930232558139534,0.0344827586206896
F0191,0.537037037037037,0.9090909090909092,0.7272727272727273,0.367965367965368,0.1969696969696969,0.1575757575757575,0.4545454545454546,0.0,0.2045454545454545,0.0606060606060606,0.3116883116883117,0.0984848484848484,0.2575757575757575,0.0,0.3434343434343434,0.1515151515151515,0.1616161616161616,0.1696969696969696,0.0,0.3636363636363636,0.0,0.2424242424242424,0.2424242424242424,0.3987240829346092,0.303030303030303,0.3771043771043771,0.0,0.5813953488372092,0.0344827586206896
F0192,0.1666666666666666,0.4545454545454546,0.1818181818181818,0.5604395604395606,0.125,0.3999999999999999,0.2884615384615385,0.5384615384615385,0.173076923076923,0.1538461538461538,0.1978021978021978,0.25,0.0,0.0,0.0,0.0,0.0,0.0,0.0,0.0,0.0,0.0,0.3076923076923076,0.5303643724696356,0.1923076923076922,0.2393162393162392,0.0526315789473684,0.2325581395348837,0.0
F0193,0.4629629629629629,0.5454545454545455,0.1818181818181818,0.6280788177339902,0.560344827586207,0.1793103448275861,0.1293103448275862,0.2413793103448275,0.0775862068965517,0.1379310344827586,0.1773399014778325,0.1120689655172413,0.0,0.0,0.1954022988505747,0.0,0.0,0.0,0.0,0.0,0.0,0.0,0.5517241379310344,0.5263157894736843,0.086206896551724,0.0,0.0,0.4883720930232558,0.0
F0194,0.3518518518518518,0.6363636363636364,0.3636363636363636,0.5279503105590062,0.4239130434782608,0.2260869565217391,0.1630434782608695,0.3043478260869565,0.1956521739130434,0.1739130434782608,0.2236024844720496,0.2826086956521739,0.1847826086956521,0.0,0.2463768115942028,0.0,0.0,0.0,0.0,0.0,0.0,0.0,0.434782608695652,0.5354691075514875,0.108695652173913,0.1352657004830917,0.0,0.3023255813953489,0.0
F0195,0.3888888888888888,0.6363636363636364,0.4545454545454546,0.5342857142857144,0.52,0.3119999999999999,0.2249999999999999,0.14,0.09,0.08,0.5142857142857142,0.26,0.17,0.0,0.0,0.2,0.0,0.0,0.0,0.0,0.0,0.0,0.4,0.6336842105263158,0.1,0.0,0.0526315789473684,0.4651162790697674,0.0
F0196,0.3703703703703703,0.6363636363636364,0.3636363636363636,0.505952380952381,0.4739583333333333,0.2166666666666666,0.15625,0.2916666666666666,0.1875,0.1666666666666666,0.2142857142857142,0.2708333333333333,0.1770833333333333,0.0,0.236111111111111,0.0,0.0,0.0,0.0,0.0,0.0,0.0,0.4166666666666666,0.5548245614035088,0.1041666666666665,0.1296296296296294,0.0,0.3023255813953489,0.0
F0197,0.2777777777777778,0.4545454545454546,0.3636363636363636,0.7669172932330828,0.256578947368421,0.4105263157894736,0.0986842105263157,0.1842105263157894,0.1184210526315789,0.1052631578947368,0.0,0.1710526315789473,0.0,0.0,0.0,0.0,0.0,0.2947368421052631,0.0,0.0,0.0,0.0,0.5263157894736842,0.4376731301939057,0.131578947368421,0.1637426900584795,0.0526315789473684,0.2790697674418604,0.0
F0198,0.3333333333333333,0.4545454545454546,0.2727272727272727,0.551948051948052,0.5170454545454546,0.1181818181818181,0.5113636363636364,0.3181818181818182,0.2045454545454545,0.0909090909090909,0.0,0.1477272727272727,0.0,0.0,0.2575757575757575,0.0,0.0,0.0,0.0,0.0,0.0,0.0,0.1818181818181818,0.4449760765550239,0.568181818181818,0.1414141414141412,0.0526315789473684,0.2558139534883721,0.0
F0199,0.1111111111111111,0.3636363636363636,0.1818181818181818,0.4857142857142857,0.325,0.5199999999999999,0.375,0.35,0.0,0.2,0.2571428571428571,0.325,0.0,0.0,0.0,0.0,0.0,0.0,0.0,0.0,0.0,0.0,0.6,0.3894736842105262,0.25,0.0,0.0,0.1627906976744186,0.0689655172413793
F0200,0.3703703703703703,0.5454545454545455,0.0909090909090909,0.6577380952380952,0.40625,0.1083333333333333,0.15625,0.1458333333333333,0.09375,0.0,0.4285714285714285,0.2708333333333333,0.0,0.1805555555555555,0.0,0.0,0.0,0.0,0.0,0.0,0.0,0.0,0.5,0.618421052631579,0.0,0.0,0.0,0.5581395348837209,0.1034482758620689
F0201,0.2777777777777778,0.3636363636363636,0.1818181818181818,0.575187969924812,0.513157894736842,0.2736842105263157,0.1973684210526315,0.1842105263157894,0.0,0.1052631578947368,0.4060150375939849,0.0,0.0,0.0,0.0,0.2631578947368421,0.0,0.0,0.0,0.0,0.0,0.0,0.2105263157894736,0.6786703601108033,0.0,0.327485380116959,0.0,0.3255813953488372,0.0
F0202,0.5,0.7272727272727272,0.3636363636363636,0.587557603686636,0.4193548387096774,0.0838709677419354,0.3024193548387097,0.1129032258064516,0.0725806451612903,0.064516129032258,0.4147465437788017,0.1048387096774193,0.1370967741935483,0.0,0.1827956989247311,0.0,0.0,0.1806451612903225,0.0,0.0,0.0,0.0,0.3870967741935484,0.5568760611205432,0.161290322580645,0.100358422939068,0.0526315789473684,0.4883720930232558,0.0
F0203,0.4629629629629629,0.2727272727272727,0.3636363636363636,0.4187192118226602,0.0,0.2689655172413793,0.7758620689655172,0.0,0.2327586206896551,0.0689655172413793,0.0886699507389162,0.0,0.146551724137931,0.0,0.0,0.0,0.0,0.0,0.0,0.0,0.0,0.0,0.3448275862068966,0.0,0.7758620689655172,0.5363984674329503,0.0526315789473684,0.0697674418604651,1.0
F0204,0.3333333333333333,0.3636363636363636,0.0909090909090909,0.4967532467532468,0.5909090909090909,0.1181818181818181,0.3409090909090909,0.1590909090909091,0.0,0.1818181818181818,0.1168831168831168,0.2954545454545454,0.0,0.0,0.0,0.0,0.0,0.0,0.0,0.0,0.0,0.0,0.0,0.791866028708134,0.3409090909090907,0.0,0.0,0.3488372093023256,0.0689655172413793
F0205,0.4074074074074074,0.5454545454545455,0.5454545454545454,0.5604395604395606,0.1875,0.4999999999999999,0.2884615384615385,0.1346153846153846,0.2596153846153846,0.1538461538461538,0.0989010989010989,0.25,0.1634615384615384,0.0,0.0,0.0,0.0,0.0,0.0,0.0,0.0,0.0,0.6153846153846154,0.2955465587044533,0.3846153846153844,0.0,0.0,0.2558139534883721,0.0
F0206,0.3333333333333333,0.7272727272727272,0.1818181818181818,0.275974025974026,0.221590909090909,0.1181818181818181,0.0852272727272727,0.4772727272727272,0.3068181818181817,0.1818181818181818,0.5844155844155844,0.5909090909090909,0.3863636363636363,0.0,0.0,0.0,0.2424242424242424,0.0,0.25,0.0,0.0,0.3636363636363632,0.1818181818181818,0.7224880382775121,0.0,0.1414141414141412,0.0,0.0930232558139534,0.2758620689655172
F0207,0.2962962962962963,0.5454545454545455,0.1818181818181818,0.7892857142857144,0.40625,0.2599999999999999,0.46875,0.35,0.1125,0.2,0.1285714285714285,0.325,0.2125,0.0,0.0,0.0,0.0,0.0,0.0,0.0,0.0,0.0,0.4,0.618421052631579,0.125,0.0,0.0,0.2325581395348837,0.0
F0208,0.5555555555555555,0.7272727272727272,0.8181818181818182,0.3214285714285714,0.2389705882352941,0.1529411764705882,0.1102941176470588,0.1029411764705882,0.1985294117647059,0.4117647058823529,0.226890756302521,0.1911764705882352,0.875,0.0,0.0,0.0,0.4705882352941176,0.0,0.1617647058823529,0.0,0.0,0.2352941176470584,0.5294117647058824,0.4613003095975232,0.0735294117647057,0.091503267973856,0.0526315789473684,0.3023255813953489,0.0
F0209,0.4629629629629629,0.6363636363636364,0.2727272727272727,0.5443349753694582,0.4482758620689655,0.089655172413793,0.1939655172413793,0.1206896551724137,0.0775862068965517,0.2068965517241379,0.4433497536945812,0.1120689655172413,0.146551724137931,0.0,0.1954022988505747,0.0,0.0,0.0,0.0,0.0,0.0,0.0,0.2068965517241378,0.736842105263158,0.086206896551724,0.1072796934865898,0.0526315789473684,0.1860465116279069,0.1034482758620689
F0210,0.2777777777777778,0.3636363636363636,0.1818181818181818,0.6390977443609023,0.513157894736842,0.1368421052631578,0.2960526315789473,0.1842105263157894,0.0,0.1052631578947368,0.0,0.1710526315789473,0.0,0.0,0.2982456140350876,0.0,0.0,0.0,0.0,0.0,0.0,0.0,0.1052631578947368,0.598337950138504,0.394736842105263,0.1637426900584795,0.0526315789473684,0.2325581395348837,0.0
F0211,0.2592592592592592,0.2727272727272727,0.4545454545454546,0.6746031746031746,0.2708333333333333,0.7222222222222222,0.1041666666666666,0.3888888888888888,0.0,0.1111111111111111,0.0,0.0,0.2361111111111111,0.0,0.0,0.0,0.0,0.0,0.0,0.0,0.0,0.0,0.7777777777777778,0.3216374269005848,0.1388888888888887,0.0,0.0,0.3255813953488372,0.0
F0212,0.074074074074074,0.3636363636363636,0.0909090909090909,0.1517857142857143,0.8125,0.3249999999999999,0.0,0.4375,0.5625,0.25,0.0,0.0,0.0,0.5416666666666666,0.0,0.0,0.0,0.0,0.0,0.0,0.0,0.0,0.25,0.8092105263157894,0.0,0.0,0.0,0.0697674418604651,0.0344827586206896
F0213,0.2962962962962963,0.5454545454545455,0.1818181818181818,0.3035714285714286,0.1625,0.1299999999999999,0.09375,0.525,0.3374999999999999,0.2,0.6428571428571428,0.65,0.425,0.0,0.0,0.0,0.0,0.0,0.0,0.0,0.0,0.4,0.2,0.6947368421052633,0.0,0.1555555555555555,0.0,0.0930232558139534,0.2758620689655172
F0214,0.3518518518518518,0.5454545454545455,0.5454545454545454,0.5807453416149069,0.2119565217391304,0.4521739130434782,0.2445652173913043,0.1521739130434782,0.0,0.0869565217391304,0.1118012422360248,0.2826086956521739,0.1847826086956521,0.0,0.2463768115942028,0.0,0.0,0.0,0.0,0.0,0.0,0.0,0.608695652173913,0.2036613272311213,0.3260869565217389,0.2705314009661835,0.0,0.2325581395348837,0.0
F0215,0.1481481481481481,0.5454545454545455,0.1818181818181818,0.1011904761904761,0.2708333333333333,0.2166666666666666,0.15625,0.2916666666666666,0.75,0.5,0.2142857142857142,0.2708333333333333,0.7083333333333333,0.0,0.0,0.0,0.0,0.0,0.0,0.0,0.0,0.6666666666666664,0.1666666666666666,0.7456140350877194,0.0,0.0,0.4210526315789473,0.0232558139534883,0.3103448275862069
F0216,0.4259259259259259,0.5454545454545455,0.5454545454545454,0.5396825396825398,0.1805555555555555,0.5777777777777776,0.2083333333333333,0.2592592592592592,0.1666666666666666,0.1481481481481481,0.0952380952380952,0.2407407407407407,0.1574074074074073,0.0,0.0,0.0,0.0,0.0,0.0,0.0,0.0,0.0,0.5925925925925926,0.3216374269005848,0.2777777777777778,0.1152263374485595,0.0,0.2325581395348837,0.0
F0217,0.2222222222222222,0.3636363636363636,0.1818181818181818,0.6071428571428572,0.40625,0.3249999999999999,0.1171875,0.21875,0.0,0.125,0.4821428571428571,0.203125,0.0,0.0,0.0,0.0,0.0,0.0,0.0,0.0,0.0,0.0,0.625,0.4276315789473683,0.15625,0.0,0.0,0.3023255813953489,0.0344827586206896
F0218,0.4259259259259259,0.6363636363636364,0.4545454545454546,0.5396825396825398,0.1805555555555555,0.2888888888888888,0.2083333333333333,0.1296296296296296,0.0,0.074074074074074,0.1904761904761904,0.1203703703703703,0.1574074074074073,0.0,0.0,0.1851851851851851,0.0,0.2074074074074073,0.0,0.0,0.0,0.0,0.5185185185185184,0.208576998050682,0.2777777777777778,0.4609053497942386,0.0,0.3255813953488372,0.0
F0219,0.2037037037037037,0.1818181818181817,0.0909090909090909,0.8095238095238095,0.4333333333333333,0.1733333333333333,0.25,0.2333333333333333,0.0,0.0,0.0,0.2166666666666666,0.0,0.0,0.0,0.0,0.0,0.0,0.0,0.0,0.0,0.0,0.1333333333333332,0.8982456140350876,0.0,0.0,0.0,0.3488372093023256,0.1379310344827586
F0220,0.1666666666666666,0.3636363636363636,0.0909090909090909,0.5604395604395606,0.625,0.1999999999999999,0.1442307692307692,0.2692307692307693,0.173076923076923,0.3076923076923077,0.1978021978021978,0.0,0.0,0.0,0.0,0.0,0.0,0.0,0.0,0.0,0.0,0.0,0.1538461538461538,0.8825910931174092,0.0,0.0,0.0,0.1395348837209302,0.0689655172413793
F0221,0.611111111111111,0.7272727272727272,0.8181818181818182,0.2953667953667954,0.2195945945945946,0.1405405405405405,0.2533783783783784,0.0945945945945946,0.2432432432432432,0.3783783783783784,0.2084942084942085,0.1756756756756756,0.8040540540540541,0.0,0.0,0.0,0.4324324324324324,0.0,0.1486486486486486,0.0,0.0,0.216216216216216,0.4864864864864864,0.3812233285917497,0.2702702702702702,0.084084084084084,0.0526315789473684,0.3023255813953489,0.0
F0222,0.1481481481481481,0.1818181818181817,0.1818181818181818,0.7083333333333335,0.2708333333333333,0.6499999999999999,0.3125,0.2916666666666666,0.0,0.0,0.0,0.0,0.0,0.361111111111111,0.0,0.0,0.0,0.0,0.0,0.0,0.0,0.0,0.5,0.4912280701754385,0.2083333333333332,0.0,0.0,0.2790697674418604,0.1034482758620689
F0223,0.1851851851851851,0.2727272727272727,0.2727272727272727,0.5204081632653061,0.6964285714285714,0.3714285714285713,0.0,0.5,0.0,0.2857142857142857,0.0,0.2321428571428571,0.3035714285714285,0.0,0.0,0.0,0.0,0.0,0.0,0.0,0.0,0.0,0.2857142857142856,0.6729323308270676,0.0,0.2222222222222221,0.0,0.2558139534883721,0.0
F0224,0.5925925925925926,0.8181818181818182,0.8181818181818182,0.3035714285714286,0.2256944444444444,0.1444444444444444,0.2083333333333333,0.0972222222222222,0.25,0.3888888888888889,0.2142857142857142,0.1805555555555555,0.826388888888889,0.0,0.0,0.1388888888888889,0.4444444444444444,0.0,0.1527777777777777,0.0,0.0,0.2222222222222216,0.5,0.448830409356725,0.1388888888888887,0.0864197530864195,0.0526315789473684,0.3023255813953489,0.0
F0225,0.1296296296296296,0.3636363636363636,0.1818181818181818,0.551948051948052,0.2954545454545454,0.4727272727272726,0.3409090909090909,0.3181818181818182,0.0,0.3636363636363636,0.2337662337662337,0.2954545454545454,0.0,0.0,0.0,0.0,0.0,0.0,0.0,0.0,0.0,0.0,0.5454545454545454,0.4449760765550239,0.2272727272727272,0.0,0.0,0.1627906976744186,0.0689655172413793
F0226,0.2037037037037037,0.4545454545454546,0.0909090909090909,0.4047619047619047,0.325,0.1733333333333333,0.5,0.7000000000000001,0.3,0.1333333333333333,0.1714285714285714,0.2166666666666666,0.0,0.0,0.0,0.0,0.0,0.0,0.0,0.0,0.0,0.0,0.2666666666666666,0.4912280701754385,0.5,0.0,0.0,0.1627906976744186,0.0689655172413793
F0227,0.3703703703703703,0.8181818181818182,0.3636363636363636,0.6071428571428572,0.2708333333333333,0.2166666666666666,0.15625,0.0,0.09375,0.25,0.2142857142857142,0.2708333333333333,0.1770833333333333,0.1805555555555555,0.236111111111111,0.2083333333333333,0.0,0.0,0.0,0.0,0.0,0.0,0.3333333333333332,0.618421052631579,0.0,0.2592592592592592,0.0,0.2325581395348837,0.2068965517241379
F0228,0.3148148148148147,0.6363636363636364,0.1818181818181818,0.8095238095238095,0.2321428571428571,0.2476190476190475,0.2678571428571428,0.1666666666666666,0.1071428571428571,0.0952380952380952,0.1224489795918367,0.1547619047619047,0.0,0.0,0.0,0.238095238095238,0.2539682539682539,0.0,0.0,0.0,0.0,0.0,0.476190476190476,0.5639097744360901,0.119047619047619,0.0,0.0,0.3023255813953489,0.0344827586206896
F0229,0.2407407407407407,0.1818181818181817,0.0909090909090909,0.3571428571428572,0.1911764705882352,0.1529411764705882,0.7720588235294117,0.4117647058823529,0.0,0.0,0.0,0.1911764705882352,0.0,0.0,0.0,0.0,0.0,0.0,0.0,0.0,0.0,0.0,0.0,0.4613003095975232,0.588235294117647,0.3660130718954248,0.0,0.3953488372093023,0.0344827586206896
F0230,0.2222222222222222,0.5454545454545455,0.4545454545454546,0.0,0.1015625,0.1624999999999999,0.1171875,0.4375,0.5625,1.0,0.0,0.0,0.53125,0.0,0.3541666666666666,0.0,1.0,0.0,0.0,0.75,0.0,1.0,0.375,0.4276315789473683,0.15625,0.0,0.8421052631578947,0.0232558139534883,0.3793103448275862
F0231,0.2037037037037037,0.3636363636363636,0.1818181818181818,0.4857142857142857,0.5416666666666666,0.3466666666666666,0.25,0.2333333333333333,0.0,0.2666666666666666,0.0,0.0,0.2833333333333333,0.0,0.0,0.0,0.0,0.0,0.3666666666666666,0.0,0.0,0.5333333333333328,0.1333333333333332,0.5929824561403507,0.1666666666666665,0.2074074074074072,0.0526315789473684,0.1627906976744186,0.0
F0232,0.2037037037037037,0.2727272727272727,0.1818181818181818,0.6476190476190476,0.2166666666666666,0.3466666666666666,0.375,0.7000000000000001,0.15,0.0,0.0,0.2166666666666666,0.0,0.0,0.0,0.0,0.0,0.0,0.0,0.0,0.0,0.0,0.2666666666666666,0.5929824561403507,0.1666666666666665,0.2074074074074072,0.0,0.3488372093023256,0.1034482758620689
F0233,0.1666666666666666,0.4545454545454546,0.0909090909090909,0.4670329670329671,0.375,0.1999999999999999,0.2884615384615385,0.8076923076923077,0.173076923076923,0.1538461538461538,0.1978021978021978,0.25,0.0,0.0,0.0,0.0,0.0,0.0,0.0,0.0,0.0,0.0,0.3076923076923076,0.6477732793522268,0.1923076923076922,0.0,0.0,0.1627906976744186,0.0689655172413793
F0234,0.2222222222222222,0.4545454545454546,0.0909090909090909,0.3794642857142857,0.40625,0.1624999999999999,0.46875,0.65625,0.28125,0.125,0.1607142857142857,0.203125,0.0,0.0,0.0,0.0,0.0,0.0,0.0,0.0,0.0,0.0,0.125,0.618421052631579,0.46875,0.0,0.0,0.1860465116279069,0.0344827586206896
F0235,0.1851851851851851,0.2727272727272727,0.1818181818181818,0.4336734693877551,0.4642857142857142,0.3714285714285713,0.2678571428571428,0.5,0.1607142857142857,0.0,0.0,0.0,0.0,0.0,0.4047619047619047,0.0,0.0,0.0,0.0,0.0,0.0,0.0,0.1428571428571428,0.5639097744360901,0.0,0.6666666666666665,0.0,0.3255813953488372,0.0344827586206896
F0236,0.1481481481481481,0.1818181818181817,0.0909090909090909,0.7083333333333335,0.2708333333333333,0.6499999999999999,0.0,0.2916666666666666,0.1875,0.0,0.0,0.2708333333333333,0.0,0.0,0.0,0.0,0.0,0.0,0.0,0.0,0.0,0.0,0.3333333333333332,0.4912280701754385,0.2083333333333332,0.2592592592592592,0.0,0.2790697674418604,0.0344827586206896
F0237,0.1666666666666666,0.1818181818181817,0.1818181818181818,0.5604395604395606,0.5,0.3999999999999999,0.4326923076923077,0.8076923076923077,0.173076923076923,0.0,0.0,0.0,0.0,0.0,0.0,0.0,0.0,0.0,0.0,0.0,0.0,0.0,0.3076923076923076,0.6477732793522268,0.1923076923076922,0.0,0.0,0.3023255813953489,0.0
F0238,0.2037037037037037,0.5454545454545455,0.1818181818181818,0.4047619047619047,0.5416666666666666,0.3466666666666666,0.25,0.2333333333333333,0.15,0.2666666666666666,0.0,0.0,0.2833333333333333,0.0,0.0,0.3333333333333333,0.0,0.0,0.3666666666666666,0.0,0.0,0.5333333333333328,0.1333333333333332,0.4912280701754385,0.3333333333333332,0.2074074074074072,0.0526315789473684,0.1627906976744186,0.0
F0239,0.2222222222222222,0.5454545454545455,0.0909090909090909,0.4553571428571429,0.5078125,0.0,0.3515625,0.0,0.28125,0.25,0.0,0.0,0.265625,0.2708333333333333,0.0,0.3125,0.3333333333333333,0.0,0.34375,0.0,0.0,0.5,0.25,0.4276315789473683,0.46875,0.0,0.0,0.1860465116279069,0.0689655172413793
F0240,0.4074074074074074,0.7272727272727272,0.2727272727272727,0.6538461538461539,0.3125,0.3,0.5048076923076923,0.1346153846153846,0.173076923076923,0.1538461538461538,0.3956043956043956,0.25,0.1634615384615384,0.0,0.0,0.1923076923076923,0.2051282051282051,0.0,0.0,0.0,0.0,0.0,0.3846153846153846,0.47165991902834,0.2884615384615382,0.1196581196581194,0.0,0.2790697674418604,0.1379310344827586
F0241,0.2037037037037037,0.5454545454545455,0.2727272727272727,0.2428571428571428,0.1083333333333333,0.0,0.0,0.4666666666666667,0.15,0.4,0.6857142857142856,0.65,0.5666666666666667,0.2888888888888888,0.3777777777777777,0.0,0.0,0.0,0.0,0.0,0.0,0.5333333333333328,0.1333333333333332,0.6947368421052633,0.0,0.2074074074074072,0.0,0.0465116279069767,0.2068965517241379
F0242,0.1296296296296296,0.1818181818181817,0.1818181818181818,0.3311688311688311,0.2954545454545454,0.709090909090909,0.3409090909090909,0.3181818181818182,0.4090909090909091,0.0,0.0,0.0,0.0,0.0,0.0,0.0,0.0,0.0,0.0,0.0,0.0,0.0,0.1818181818181818,0.5837320574162679,0.2272727272727272,0.2828282828282828,0.1052631578947368,0.2558139534883721,0.2413793103448275
F0243,0.3888888888888888,0.6363636363636364,0.2727272727272727,0.5828571428571429,0.26,0.3119999999999999,0.4499999999999999,0.14,0.09,0.08,0.3085714285714285,0.26,0.0,0.1733333333333333,0.2266666666666666,0.0,0.0,0.0,0.0,0.0,0.0,0.0,0.32,0.5115789473684211,0.4,0.0,0.0,0.3720930232558139,0.1379310344827586
F0244,0.2222222222222222,0.3636363636363636,0.0,0.3794642857142857,0.40625,0.0,0.46875,0.4375,0.140625,0.0,0.1607142857142857,0.203125,0.0,0.0,0.0,0.3125,0.0,0.0,0.0,0.0,0.0,0.0,0.0,0.618421052631579,0.46875,0.1944444444444444,0.0526315789473684,0.3720930232558139,0.0
F0245,0.3518518518518518,0.6363636363636364,0.1818181818181818,0.6335403726708075,0.2119565217391304,0.2260869565217391,0.2445652173913043,0.1521739130434782,0.2934782608695652,0.1739130434782608,0.3354037267080745,0.1413043478260869,0.1847826086956521,0.0,0.0,0.0,0.2318840579710144,0.0,0.0,0.0,0.0,0.0,0.2608695652173912,0.6018306636155606,0.217391304347826,0.1352657004830917,0.0,0.1395348837209302,0.2758620689655172
F0246,0.074074074074074,0.3636363636363636,0.0909090909090909,0.3035714285714286,0.609375,0.3249999999999999,0.234375,0.0,0.0,0.0,0.6428571428571428,0.40625,0.0,0.5416666666666666,0.0,0.0,0.6666666666666666,0.0,0.0,0.0,0.0,0.0,0.25,0.8092105263157894,0.0,0.0,0.0,0.1860465116279069,0.0344827586206896
F0247,0.0555555555555555,0.1818181818181817,0.1818181818181818,0.173469387755102,0.2321428571428571,0.7428571428571427,0.5357142857142857,0.5,0.6428571428571428,0.0,0.0,0.0,0.0,0.0,0.0,0.0,0.0,0.0,0.0,0.0,0.0,0.0,0.2857142857142856,0.3458646616541352,0.7142857142857142,0.0,0.0,0.1627906976744186,0.0344827586206896
F0248,0.2777777777777778,0.3636363636363636,0.3636363636363636,0.575187969924812,0.4276315789473684,0.4105263157894736,0.1973684210526315,0.0,0.0,0.2105263157894736,0.0,0.0,0.2236842105263157,0.2280701754385964,0.0,0.0,0.0,0.0,0.2894736842105263,0.0,0.0,0.4210526315789472,0.3157894736842104,0.4376731301939057,0.131578947368421,0.327485380116959,0.0,0.2558139534883721,0.0344827586206896
F0249,0.2037037037037037,0.4545454545454546,0.0,0.5666666666666668,0.4333333333333333,0.1733333333333333,0.25,0.2333333333333333,0.3,0.0,0.0,0.2166666666666666,0.0,0.5777777777777777,0.0,0.0,0.0,0.0,0.0,0.0,0.0,0.0,0.1333333333333332,0.7964912280701755,0.1666666666666665,0.0,0.0,0.3488372093023256,0.2068965517241379
F0250,0.3333333333333333,0.6363636363636364,0.1818181818181818,0.7727272727272728,0.221590909090909,0.2363636363636363,0.3409090909090909,0.1590909090909091,0.2045454545454545,0.0909090909090909,0.1168831168831168,0.1477272727272727,0.0,0.0,0.0,0.2272727272727273,0.2424242424242424,0.0,0.0,0.0,0.0,0.0,0.4545454545454544,0.5143540669856459,0.2272727272727272,0.0,0.0,0.3023255813953489,0.0344827586206896
F0251,0.5185185185185185,0.9090909090909092,0.3636363636363636,0.53125,0.35546875,0.1624999999999999,0.3515625,0.109375,0.2109375,0.1875,0.1607142857142857,0.203125,0.265625,0.1354166666666666,0.0,0.15625,0.1666666666666666,0.0,0.171875,0.0,0.0,0.25,0.4375,0.2845394736842105,0.3125,0.2916666666666667,0.0,0.2325581395348837,0.0344827586206896
F0252,0.3148148148148147,0.7272727272727272,0.3636363636363636,0.5204081632653061,0.5416666666666666,0.2476190476190475,0.2678571428571428,0.5,0.1071428571428571,0.1904761904761904,0.1224489795918367,0.1547619047619047,0.0,0.0,0.2698412698412697,0.238095238095238,0.0,0.2666666666666666,0.0,0.0,0.0,0.0,0.2857142857142856,0.4912280701754385,0.357142857142857,0.1481481481481481,0.0,0.2558139534883721,0.0689655172413793
F0253,0.0925925925925925,0.0909090909090909,0.0909090909090909,0.5396825396825398,0.3611111111111111,0.2888888888888888,0.2083333333333333,0.7777777777777777,0.0,0.0,0.0,0.0,0.0,0.0,0.0,0.0,0.0,0.0,0.0,0.0,0.0,0.0,0.4444444444444444,0.4912280701754385,0.2777777777777778,0.0,0.0526315789473684,0.2093023255813953,0.0
F0254,0.2592592592592592,0.5454545454545455,0.1818181818181818,0.4047619047619047,0.2708333333333333,0.1444444444444444,0.5208333333333334,0.0,0.25,0.2222222222222222,0.1428571428571428,0.0,0.2361111111111111,0.0,0.0,0.2777777777777778,0.0,0.0,0.3055555555555555,0.0,0.0,0.444444444444444,0.111111111111111,0.3216374269005848,0.6944444444444444,0.1728395061728393,0.0,0.2093023255813953,0.0344827586206896
F0255,0.0555555555555555,0.0909090909090909,0.0909090909090909,0.6938775510204082,0.2321428571428571,0.7428571428571427,0.0,0.0,0.3214285714285714,0.0,0.0,0.0,0.0,0.619047619047619,0.0,0.0,0.0,0.0,0.0,0.0,0.0,0.0,0.2857142857142856,0.5639097744360901,0.357142857142857,0.0,0.0,0.1627906976744186,0.1379310344827586
F0256,0.2222222222222222,0.2727272727272727,0.1818181818181818,0.6071428571428572,0.5078125,0.1624999999999999,0.3515625,0.21875,0.0,0.25,0.0,0.0,0.0,0.0,0.3541666666666666,0.0,0.0,0.0,0.0,0.0,0.0,0.0,0.125,0.618421052631579,0.46875,0.0,0.0,0.2093023255813953,0.0
F0257,0.2037037037037037,0.4545454545454546,0.0909090909090909,0.4047619047619047,0.2166666666666666,0.1733333333333333,0.5,0.4666666666666667,0.15,0.1333333333333333,0.1714285714285714,0.2166666666666666,0.0,0.0,0.0,0.0,0.0,0.0,0.0,0.0,0.0,0.0,0.2666666666666666,0.3894736842105262,0.6666666666666665,0.0,0.0,0.1627906976744186,0.0689655172413793
F0258,0.2962962962962963,0.5454545454545455,0.0909090909090909,0.425,0.4875,0.2599999999999999,0.28125,0.35,0.225,0.1,0.2571428571428571,0.325,0.0,0.0,0.0,0.0,0.2666666666666666,0.0,0.0,0.0,0.0,0.0,0.0,0.8473684210526315,0.25,0.0,0.0,0.2558139534883721,0.1379310344827586
F0259,0.4074074074074074,0.7272727272727272,0.1818181818181818,0.5604395604395606,0.4375,0.1999999999999999,0.6490384615384616,0.1346153846153846,0.2596153846153846,0.1538461538461538,0.0,0.0,0.1634615384615384,0.1666666666666666,0.0,0.1923076923076923,0.2051282051282051,0.0,0.2115384615384615,0.0,0.0,0.3076923076923072,0.1538461538461538,0.5890688259109311,0.3846153846153844,0.0,0.0,0.3488372093023256,0.0344827586206896
F0260,0.1296296296296296,0.0909090909090909,0.0909090909090909,0.7727272727272728,0.4431818181818181,0.2363636363636363,0.0,0.6363636363636364,0.0,0.0,0.0,0.2954545454545454,0.0,0.0,0.0,0.0,0.0,0.0,0.0,0.0,0.0,0.0,0.3636363636363636,0.7224880382775121,0.0,0.0,0.0,0.2558139534883721,0.0344827586206896
F0261,0.2037037037037037,0.4545454545454546,0.1818181818181818,0.3238095238095238,0.2166666666666666,0.1733333333333333,0.5,0.4666666666666667,0.15,0.1333333333333333,0.0,0.2166666666666666,0.2833333333333333,0.0,0.0,0.0,0.0,0.0,0.0,0.0,0.0,0.0,0.2666666666666666,0.2877192982456139,0.6666666666666665,0.2074074074074072,0.0,0.1395348837209302,0.0689655172413793
F0262,0.2407407407407407,0.5454545454545455,0.1818181818181818,0.3571428571428572,0.573529411764706,0.3058823529411764,0.3308823529411765,0.2058823529411764,0.1323529411764706,0.2352941176470588,0.0,0.0,0.25,0.2549019607843137,0.0,0.0,0.0,0.0,0.3235294117647059,0.0,0.0,0.4705882352941176,0.1176470588235294,0.4613003095975232,0.4411764705882353,0.1830065359477124,0.0526315789473684,0.1395348837209302,0.0
F0263,0.1296296296296296,0.0909090909090909,0.0,0.551948051948052,0.7386363636363636,0.0,0.3409090909090909,0.3181818181818182,0.0,0.0,0.2337662337662337,0.0,0.0,0.0,0.0,0.0,0.0,0.0,0.0,0.0,0.0,0.0,0.0,0.861244019138756,0.2272727272727272,0.0,0.0,0.2558139534883721,0.1034482758620689
F0264,0.2037037037037037,0.2727272727272727,0.0909090909090909,0.7285714285714286,0.4333333333333333,0.1733333333333333,0.25,0.7000000000000001,0.15,0.0,0.0,0.2166666666666666,0.0,0.0,0.0,0.0,0.0,0.0,0.0,0.0,0.0,0.0,0.2666666666666666,0.6947368421052633,0.1666666666666665,0.0,0.0,0.3488372093023256,0.0344827586206896
F0265,0.2037037037037037,0.4545454545454546,0.0909090909090909,0.4047619047619047,0.2166666666666666,0.1733333333333333,0.5,0.4666666666666667,0.15,0.1333333333333333,0.1714285714285714,0.2166666666666666,0.0,0.0,0.0,0.0,0.0,0.0,0.0,0.0,0.0,0.0,0.2666666666666666,0.3894736842105262,0.6666666666666665,0.0,0.0,0.1627906976744186,0.0689655172413793
F0266,0.1851851851851851,0.4545454545454546,0.1818181818181818,0.5204081632653061,0.1160714285714285,0.1857142857142856,0.6696428571428572,0.0,0.3214285714285714,0.2857142857142857,0.0,0.0,0.3035714285714285,0.0,0.0,0.3571428571428571,0.0,0.0,0.3928571428571428,0.0,0.0,0.5714285714285712,0.2857142857142856,0.1278195488721802,0.7142857142857142,0.2222222222222221,0.0,0.1627906976744186,0.0689655172413793
F0267,0.2222222222222222,0.5454545454545455,0.3636363636363636,0.0,0.1015625,0.0,0.1171875,0.65625,0.421875,0.75,0.0,0.0,0.53125,0.0,0.3541666666666666,0.3125,1.0,0.0,0.0,0.75,0.0,1.0,0.375,0.3322368421052631,0.15625,0.1944444444444444,0.8421052631578947,0.0232558139534883,0.2758620689655172
F0268,0.1851851851851851,0.2727272727272727,0.2727272727272727,0.6938775510204082,0.3482142857142857,0.557142857142857,0.2678571428571428,0.25,0.0,0.0,0.183673469387755,0.2321428571428571,0.0,0.0,0.0,0.0,0.0,0.0,0.0,0.0,0.0,0.0,0.4285714285714284,0.5639097744360901,0.1785714285714285,0.0,0.0,0.3255813953488372,0.0
F0269,0.1111111111111111,0.2727272727272727,0.0909090909090909,0.6071428571428572,0.1625,0.0,0.5625,0.0,0.225,0.4,0.0,0.0,0.425,0.0,0.0,0.0,0.0,0.0,0.55,0.0,0.0,0.8,0.0,0.3894736842105262,0.75,0.0,0.0,0.0697674418604651,0.0344827586206896
F0270,0.2777777777777778,0.3636363636363636,0.2727272727272727,0.575187969924812,0.4276315789473684,0.4105263157894736,0.0986842105263157,0.1842105263157894,0.0,0.2105263157894736,0.0,0.0,0.2236842105263157,0.0,0.0,0.0,0.0,0.0,0.2894736842105263,0.0,0.0,0.4210526315789472,0.3157894736842104,0.4376731301939057,0.131578947368421,0.327485380116959,0.0526315789473684,0.2325581395348837,0.0
F0271,0.3703703703703703,0.8181818181818182,0.2727272727272727,0.6071428571428572,0.5416666666666666,0.2166666666666666,0.46875,0.1458333333333333,0.09375,0.25,0.1071428571428571,0.1354166666666666,0.3541666666666666,0.1805555555555555,0.0,0.0,0.2222222222222222,0.0,0.2291666666666666,0.0,0.0,0.3333333333333328,0.25,0.682017543859649,0.1041666666666665,0.0,0.0,0.2558139534883721,0.0344827586206896
F0272,0.2037037037037037,0.1818181818181817,0.0909090909090909,0.2428571428571428,0.4333333333333333,0.1733333333333333,1.0,0.7000000000000001,0.3,0.0,0.0,0.0,0.0,0.0,0.0,0.0,0.0,0.0,0.0,0.0,0.0,0.0,0.0,0.3894736842105262,1.0,0.0,0.0,0.3488372093023256,0.0344827586206896
F0273,0.2037037037037037,0.3636363636363636,0.1818181818181818,0.4857142857142857,0.4333333333333333,0.1733333333333333,0.625,0.0,0.0,0.2666666666666666,0.0,0.0,0.2833333333333333,0.2888888888888888,0.0,0.0,0.0,0.0,0.3666666666666666,0.0,0.0,0.5333333333333328,0.1333333333333332,0.5929824561403507,0.1666666666666665,0.2074074074074072,0.0,0.1860465116279069,0.0344827586206896
F0274,0.1296296296296296,0.0909090909090909,0.0909090909090909,0.7727272727272728,0.2954545454545454,0.2363636363636363,0.3409090909090909,0.0,0.0,0.0,0.0,0.0,0.0,0.3939393939393939,0.0,0.0,0.0,0.0,0.0,0.0,0.0,0.0,0.3636363636363636,0.4449760765550239,0.2272727272727272,0.2828282828282828,0.0,0.2558139534883721,0.2068965517241379
F0275,0.2777777777777778,0.8181818181818182,0.2727272727272727,0.2556390977443609,0.3421052631578947,0.1368421052631578,0.2960526315789473,0.3684210526315789,0.2368421052631578,0.2105263157894736,0.1353383458646616,0.1710526315789473,0.2236842105263157,0.0,0.0,0.2631578947368421,0.2807017543859649,0.0,0.0,0.631578947368421,0.0,0.4210526315789472,0.1052631578947368,0.4376731301939057,0.394736842105263,0.327485380116959,0.0,0.2325581395348837,0.0344827586206896
F0276,0.2407407407407407,0.2727272727272727,0.1818181818181818,0.6428571428571429,0.286764705882353,0.3058823529411764,0.3308823529411765,0.4117647058823529,0.1323529411764706,0.0,0.0,0.1911764705882352,0.0,0.0,0.0,0.0,0.0,0.0,0.0,0.0,0.0,0.0,0.3529411764705882,0.4613003095975232,0.4411764705882353,0.0,0.0,0.3953488372093023,0.0344827586206896
F0277,0.1481481481481481,0.5454545454545455,0.1818181818181818,0.4047619047619047,0.40625,0.2166666666666666,0.3125,0.875,0.1875,0.1666666666666666,0.0,0.2708333333333333,0.0,0.0,0.0,0.0,0.4444444444444444,0.0,0.0,1.0,0.0,0.6666666666666664,0.1666666666666666,0.618421052631579,0.2083333333333332,0.0,0.0,0.1860465116279069,0.0689655172413793
F0278,0.2777777777777778,0.4545454545454546,0.3636363636363636,0.4473684210526316,0.256578947368421,0.4105263157894736,0.6907894736842105,0.0,0.1184210526315789,0.2105263157894736,0.0,0.0,0.4473684210526315,0.0,0.0,0.2631578947368421,0.0,0.0,0.2894736842105263,0.0,0.0,0.4210526315789472,0.5263157894736842,0.1966759002770081,0.263157894736842,0.327485380116959,0.0,0.2325581395348837,0.0344827586206896
F0279,0.3333333333333333,0.6363636363636364,0.3636363636363636,0.4415584415584416,0.1477272727272727,0.2363636363636363,0.6818181818181819,0.0,0.1022727272727272,0.2727272727272727,0.1168831168831168,0.1477272727272727,0.1931818181818181,0.0,0.2575757575757575,0.0,0.0,0.0,0.25,0.0,0.0,0.3636363636363632,0.4545454545454544,0.1674641148325357,0.568181818181818,0.1414141414141412,0.1578947368421052,0.0,0.0344827586206896
F0280,0.2037037037037037,0.4545454545454546,0.0909090909090909,0.4047619047619047,0.2166666666666666,0.1733333333333333,0.5,0.4666666666666667,0.15,0.1333333333333333,0.1714285714285714,0.2166666666666666,0.0,0.0,0.0,0.0,0.0,0.0,0.0,0.0,0.0,0.0,0.2666666666666666,0.3894736842105262,0.6666666666666665,0.0,0.0,0.1627906976744186,0.0689655172413793
F0281,0.1481481481481481,0.3636363636363636,0.0909090909090909,0.3035714285714286,0.6770833333333334,0.2166666666666666,0.3125,0.2916666666666666,0.0,0.1666666666666666,0.0,0.0,0.0,0.361111111111111,0.4722222222222221,0.0,0.0,0.0,0.0,0.0,0.0,0.0,0.0,0.7456140350877194,0.2083333333333332,0.2592592592592592,0.0,0.1627906976744186,0.0344827586206896
F0282,0.1111111111111111,0.2727272727272727,0.0909090909090909,0.4857142857142857,0.325,0.2599999999999999,0.375,0.7000000000000001,0.225,0.0,0.0,0.0,0.0,0.0,0.0,0.5,0.0,0.0,0.0,0.0,0.0,0.0,0.4,0.3894736842105262,0.5,0.0,0.0526315789473684,0.2325581395348837,0.0
F0283,0.3333333333333333,0.6363636363636364,0.1818181818181818,0.7727272727272728,0.2954545454545454,0.2363636363636363,0.3409090909090909,0.3181818181818182,0.2045454545454545,0.0909090909090909,0.1168831168831168,0.1477272727272727,0.0,0.0,0.0,0.2272727272727273,0.2424242424242424,0.0,0.0,0.0,0.0,0.0,0.4545454545454544,0.5837320574162679,0.1136363636363635,0.0,0.0,0.3023255813953489,0.0344827586206896
F0284,0.1666666666666666,0.1818181818181817,0.0909090909090909,0.6538461538461539,0.75,0.3999999999999999,0.1442307692307692,0.2692307692307693,0.0,0.1538461538461538,0.0,0.0,0.0,0.0,0.0,0.0,0.0,0.0,0.0,0.0,0.0,0.0,0.1538461538461538,0.7651821862348178,0.0,0.2393162393162392,0.0526315789473684,0.2325581395348837,0.0
F0285,0.2777777777777778,0.8181818181818182,0.3636363636363636,0.5112781954887218,0.256578947368421,0.2736842105263157,0.3947368421052631,0.1842105263157894,0.1184210526315789,0.2105263157894736,0.1353383458646616,0.1710526315789473,0.4473684210526315,0.0,0.2982456140350876,0.0,0.0,0.0,0.2894736842105263,0.0,0.4385964912280702,0.4210526315789472,0.3157894736842104,0.4376731301939057,0.263157894736842,0.1637426900584795,0.0,0.2558139534883721,0.0689655172413793
F0286,0.3518518518518518,0.3636363636363636,0.4545454545454546,0.5279503105590062,0.2119565217391304,0.3391304347826086,0.0,0.3043478260869565,0.0,0.0,0.2236024844720496,0.0,0.1847826086956521,0.0,0.2463768115942028,0.0,0.0,0.2434782608695652,0.0,0.0,0.0,0.0,0.608695652173913,0.3363844393592676,0.0,0.4057971014492752,0.0526315789473684,0.5348837209302325,0.0
F0287,0.2037037037037037,0.1818181818181817,0.0909090909090909,0.4047619047619047,0.8666666666666667,0.3466666666666666,0.125,0.2333333333333333,0.15,0.0,0.0,0.0,0.0,0.0,0.0,0.0,0.0,0.0,0.0,0.0,0.0,0.0,0.0,0.6947368421052633,0.0,0.6222222222222223,0.0526315789473684,0.3488372093023256,0.0
F0288,0.2222222222222222,0.2727272727272727,0.2727272727272727,0.7589285714285715,0.1015625,0.3249999999999999,0.234375,0.0,0.0,0.25,0.0,0.0,0.265625,0.0,0.0,0.0,0.0,0.0,0.34375,0.0,0.0,0.5,0.5,0.2368421052631578,0.15625,0.3888888888888889,0.0,0.2325581395348837,0.0689655172413793
F0289,0.1296296296296296,0.0909090909090909,0.1818181818181818,0.8831168831168832,0.2954545454545454,0.4727272727272726,0.3409090909090909,0.0,0.0,0.0,0.0,0.2954545454545454,0.0,0.0,0.0,0.0,0.0,0.0,0.0,0.0,0.0,0.0,0.5454545454545454,0.4449760765550239,0.2272727272727272,0.0,0.0,0.2558139534883721,0.1379310344827586
F0290,0.2037037037037037,0.2727272727272727,0.0909090909090909,0.3238095238095238,0.2166666666666666,0.1733333333333333,0.625,0.4666666666666667,0.3,0.0,0.0,0.0,0.0,0.0,0.0,0.3333333333333333,0.0,0.0,0.0,0.0,0.0,0.0,0.1333333333333332,0.2877192982456139,0.8333333333333333,0.2074074074074072,0.0526315789473684,0.3488372093023256,0.0
F0291,0.2592592592592592,0.2727272727272727,0.2727272727272727,0.4722222222222222,0.3611111111111111,0.2888888888888888,0.1041666666666666,0.0,0.0,0.2222222222222222,0.0,0.1805555555555555,0.2361111111111111,0.0,0.0,0.0,0.0,0.0,0.0,0.0,0.0,0.0,0.6666666666666666,0.2368421052631578,0.0,0.5185185185185184,0.0526315789473684,0.2558139534883721,0.0
F0292,0.2777777777777778,0.4545454545454546,0.2727272727272727,0.7669172932330828,0.4276315789473684,0.4105263157894736,0.3947368421052631,0.3684210526315789,0.1184210526315789,0.1052631578947368,0.1353383458646616,0.1710526315789473,0.0,0.0,0.0,0.0,0.0,0.0,0.0,0.0,0.0,0.0,0.4210526315789472,0.598337950138504,0.131578947368421,0.0,0.0,0.4186046511627907,0.0689655172413793
F0293,0.1666666666666666,0.2727272727272727,0.1818181818181818,0.6538461538461539,0.25,0.1999999999999999,0.2884615384615385,0.0,0.0,0.3076923076923077,0.0,0.0,0.3269230769230769,0.0,0.0,0.0,0.0,0.0,0.4230769230769231,0.0,0.0,0.6153846153846152,0.3076923076923076,0.4129554655870445,0.1923076923076922,0.2393162393162392,0.0,0.1627906976744186,0.0689655172413793
F0294,0.2407407407407407,0.3636363636363636,0.0909090909090909,0.3571428571428572,0.573529411764706,0.3058823529411764,0.5514705882352942,0.4117647058823529,0.0,0.0,0.0,0.0,0.0,0.5098039215686274,0.0,0.0,0.3137254901960784,0.0,0.0,0.0,0.0,0.0,0.3529411764705882,0.4613003095975232,0.4411764705882353,0.0,0.0,0.3953488372093023,0.1034482758620689
F0295,0.3703703703703703,0.6363636363636364,0.1818181818181818,0.4047619047619047,0.2708333333333333,0.2166666666666666,0.3125,0.2916666666666666,0.28125,0.1666666666666666,0.2142857142857142,0.1354166666666666,0.0,0.1805555555555555,0.0,0.2083333333333333,0.0,0.0,0.0,0.0,0.0,0.0,0.1666666666666666,0.5548245614035088,0.4166666666666665,0.1296296296296294,0.0,0.2558139534883721,0.0689655172413793
F0296,0.1296296296296296,0.3636363636363636,0.0909090909090909,0.2207792207792208,0.7386363636363636,0.2363636363636363,0.1704545454545454,0.3181818181818182,0.2045454545454545,0.0,0.2337662337662337,0.2954545454545454,0.0,0.0,0.0,0.0,0.0,0.0,0.0,0.0,0.0,0.0,0.0,0.7224880382775121,0.0,0.5656565656565656,0.0526315789473684,0.2558139534883721,0.0
F0297,0.2592592592592592,0.4545454545454546,0.2727272727272727,0.7420634920634922,0.2708333333333333,0.4333333333333332,0.4166666666666666,0.1944444444444444,0.125,0.0,0.1428571428571428,0.1805555555555555,0.0,0.0,0.0,0.2777777777777778,0.0,0.0,0.0,0.0,0.0,0.0,0.4444444444444444,0.4912280701754385,0.2777777777777778,0.0,0.0,0.4186046511627907,0.0689655172413793
F0298,0.3518518518518518,0.6363636363636364,0.1818181818181818,0.7391304347826089,0.2119565217391304,0.2260869565217391,0.4076086956521739,0.1521739130434782,0.1956521739130434,0.0869565217391304,0.1118012422360248,0.1413043478260869,0.0,0.0,0.0,0.217391304347826,0.2318840579710144,0.0,0.0,0.0,0.0,0.0,0.434782608695652,0.4691075514874141,0.3260869565217389,0.0,0.0,0.3023255813953489,0.0344827586206896
F0299,0.2037037037037037,0.5454545454545455,0.1818181818181818,0.5666666666666668,0.4333333333333333,0.1733333333333333,0.125,0.4666666666666667,0.0,0.1333333333333333,0.0,0.2166666666666666,0.0,0.0,0.0,0.3333333333333333,0.3555555555555555,0.0,0.0,0.8,0.0,0.5333333333333328,0.1333333333333332,0.6947368421052633,0.1666666666666665,0.0,0.0526315789473684,0.2790697674418604,0.0
F0300,0.3333333333333333,0.4545454545454546,0.3636363636363636,0.6623376623376623,0.4431818181818181,0.3545454545454545,0.2556818181818182,0.0,0.0,0.1818181818181818,0.2337662337662337,0.1477272727272727,0.3863636363636363,0.1969696969696969,0.0,0.0,0.0,0.0,0.0,0.0,0.0,0.0,0.4545454545454544,0.5143540669856459,0.2272727272727272,0.0,0.0,0.3023255813953489,0.1034482758620689
F0301,0.4629629629629629,0.8181818181818182,0.4545454545454546,0.041871921182266,0.3922413793103448,0.089655172413793,0.1293103448275862,0.2413793103448275,0.4655172413793103,0.4137931034482758,0.1773399014778325,0.2241379310344827,0.293103448275862,0.0,0.5862068965517241,0.0,0.1839080459770115,0.0,0.1896551724137931,0.0,0.0,0.2758620689655168,0.2758620689655172,0.5263157894736843,0.0,0.4291187739463601,0.2105263157894736,0.0232558139534883,0.1379310344827586
F0302,0.2222222222222222,0.6363636363636364,0.1818181818181818,0.53125,0.40625,0.1624999999999999,0.234375,0.4375,0.140625,0.125,0.0,0.203125,0.0,0.0,0.0,0.3125,0.3333333333333333,0.0,0.0,0.75,0.0,0.5,0.125,0.618421052631579,0.3125,0.0,0.0526315789473684,0.2790697674418604,0.0
F0303,0.3333333333333333,0.5454545454545455,0.3636363636363636,0.6623376623376623,0.2954545454545454,0.1181818181818181,0.0852272727272727,0.3181818181818182,0.0,0.3636363636363636,0.2337662337662337,0.1477272727272727,0.3863636363636363,0.0,0.0,0.0,0.0,0.2545454545454545,0.0,0.0,0.0,0.3636363636363632,0.3636363636363636,0.5143540669856459,0.1136363636363635,0.1414141414141412,0.0,0.1395348837209302,0.0689655172413793
F0304,0.2962962962962963,0.9090909090909092,0.4545454545454546,0.6071428571428572,0.40625,0.1299999999999999,0.28125,0.175,0.1125,0.2,0.2571428571428571,0.1625,0.2125,0.0,0.2833333333333333,0.0,0.2666666666666666,0.2799999999999999,0.0,0.6000000000000001,0.0,0.4,0.5,0.3894736842105262,0.25,0.0,0.0526315789473684,0.3488372093023256,0.0
F0305,0.2037037037037037,0.5454545454545455,0.1818181818181818,0.4047619047619047,0.5416666666666666,0.3466666666666666,0.25,0.2333333333333333,0.15,0.2666666666666666,0.0,0.0,0.2833333333333333,0.0,0.0,0.3333333333333333,0.0,0.0,0.3666666666666666,0.0,0.0,0.5333333333333328,0.1333333333333332,0.4912280701754385,0.3333333333333332,0.2074074074074072,0.0526315789473684,0.1860465116279069,0.0
F0306,0.2407407407407407,0.3636363636363636,0.0909090909090909,0.3571428571428572,0.3823529411764705,0.1529411764705882,0.661764705882353,0.6176470588235294,0.1323529411764706,0.0,0.1512605042016806,0.1911764705882352,0.0,0.0,0.0,0.0,0.0,0.0,0.0,0.0,0.0,0.0,0.1176470588235294,0.5510835913312695,0.588235294117647,0.0,0.0,0.3953488372093023,0.0689655172413793
F0307,0.2777777777777778,0.4545454545454546,0.1818181818181818,0.5112781954887218,0.3421052631578947,0.1368421052631578,0.0,0.3684210526315789,0.0,0.2105263157894736,0.2706766917293233,0.1710526315789473,0.0,0.0,0.0,0.0,0.2807017543859649,0.0,0.0,0.631578947368421,0.0,0.4210526315789472,0.1052631578947368,0.6786703601108033,0.0,0.327485380116959,0.0,0.2558139534883721,0.0344827586206896
F0308,0.2037037037037037,0.3636363636363636,0.0909090909090909,0.4047619047619047,0.4333333333333333,0.1733333333333333,0.5,0.7000000000000001,0.15,0.1333333333333333,0.1714285714285714,0.0,0.0,0.0,0.0,0.0,0.0,0.0,0.0,0.0,0.0,0.0,0.1333333333333332,0.6947368421052633,0.3333333333333332,0.0,0.0,0.1860465116279069,0.0344827586206896
F0309,0.1481481481481481,0.2727272727272727,0.1818181818181818,0.6071428571428572,0.2708333333333333,0.2166666666666666,0.3125,0.0,0.0,0.3333333333333333,0.0,0.0,0.3541666666666666,0.0,0.0,0.0,0.0,0.0,0.4583333333333333,0.0,0.0,0.6666666666666664,0.3333333333333332,0.3640350877192982,0.2083333333333332,0.2592592592592592,0.0,0.1627906976744186,0.0689655172413793
F0310,0.2222222222222222,0.5454545454545455,0.4545454545454546,0.0,0.1015625,0.1624999999999999,0.1171875,0.4375,0.5625,1.0,0.0,0.0,0.53125,0.0,0.3541666666666666,0.0,1.0,0.0,0.0,0.75,0.0,1.0,0.375,0.4276315789473683,0.15625,0.0,0.8421052631578947,0.0232558139534883,0.3448275862068965
F0311,0.3333333333333333,0.3636363636363636,0.2727272727272727,0.6623376623376623,0.2954545454545454,0.3545454545454545,0.5965909090909091,0.1590909090909091,0.0,0.0909090909090909,0.1168831168831168,0.1477272727272727,0.0,0.0,0.0,0.0,0.0,0.0,0.0,0.0,0.0,0.0,0.3636363636363636,0.4449760765550239,0.4545454545454545,0.0,0.0,0.4883720930232558,0.0689655172413793
F0312,0.2962962962962963,0.3636363636363636,0.4545454545454546,0.5464285714285715,0.24375,0.3899999999999999,0.0,0.35,0.0,0.0,0.2571428571428571,0.0,0.2125,0.0,0.2833333333333333,0.0,0.0,0.2799999999999999,0.0,0.0,0.0,0.0,0.7,0.3131578947368422,0.0,0.3111111111111111,0.0,0.4651162790697674,0.0344827586206896
F0313,0.1666666666666666,0.3636363636363636,0.2727272727272727,0.5604395604395606,0.25,0.3999999999999999,0.4326923076923077,0.2692307692307693,0.173076923076923,0.1538461538461538,0.0,0.0,0.0,0.0,0.4358974358974359,0.0,0.0,0.0,0.0,0.0,0.0,0.0,0.3076923076923076,0.4129554655870445,0.5769230769230768,0.0,0.0526315789473684,0.1860465116279069,0.0
F0314,0.1851851851851851,0.4545454545454546,0.0909090909090909,0.4336734693877551,0.2321428571428571,0.1857142857142856,0.4017857142857142,0.5,0.1607142857142857,0.1428571428571428,0.183673469387755,0.2321428571428571,0.0,0.0,0.0,0.0,0.0,0.0,0.0,0.0,0.0,0.0,0.2857142857142856,0.4548872180451128,0.5357142857142855,0.0,0.0,0.1627906976744186,0.0689655172413793
F0315,0.3703703703703703,0.8181818181818182,0.3636363636363636,0.6071428571428572,0.2708333333333333,0.2166666666666666,0.15625,0.0,0.09375,0.25,0.2142857142857142,0.2708333333333333,0.1770833333333333,0.1805555555555555,0.236111111111111,0.2083333333333333,0.0,0.0,0.0,0.0,0.0,0.0,0.3333333333333332,0.618421052631579,0.0,0.2592592592592592,0.0,0.2093023255813953,0.2413793103448275
F0316,0.2407407407407407,0.4545454545454546,0.0909090909090909,0.3571428571428572,0.1911764705882352,0.1529411764705882,0.661764705882353,0.4117647058823529,0.1323529411764706,0.1176470588235294,0.1512605042016806,0.1911764705882352,0.0,0.0,0.0,0.0,0.0,0.0,0.0,0.0,0.0,0.0,0.2352941176470588,0.2817337461300309,0.8823529411764706,0.0,0.0,0.1395348837209302,0.0344827586206896
F0317,0.1111111111111111,0.1818181818181817,0.0,0.4857142857142857,0.4875,0.2599999999999999,0.1875,0.35,0.0,0.0,0.0,0.0,0.0,0.0,0.0,0.0,0.5333333333333333,0.0,0.0,0.0,0.0,0.0,0.0,0.6947368421052633,0.0,0.6222222222222223,0.0526315789473684,0.2325581395348837,0.0
F0318,0.2037037037037037,0.5454545454545455,0.1818181818181818,0.4047619047619047,0.325,0.1733333333333333,0.5,0.7000000000000001,0.3,0.1333333333333333,0.0,0.2166666666666666,0.0,0.0,0.0,0.0,0.3555555555555555,0.0,0.0,0.8,0.0,0.5333333333333328,0.0,0.5929824561403507,0.5,0.0,0.0,0.2093023255813953,0.1724137931034483
F0319,0.1481481481481481,0.0909090909090909,0.1818181818181818,0.4047619047619047,0.2708333333333333,0.4333333333333332,0.78125,0.2916666666666666,0.0,0.0,0.0,0.0,0.0,0.0,0.0,0.0,0.0,0.0,0.0,0.0,0.0,0.0,0.3333333333333332,0.2368421052631578,0.8333333333333333,0.0,0.0526315789473684,0.2790697674418604,0.0
F0320,0.2592592592592592,0.4545454545454546,0.0909090909090909,0.4047619047619047,0.6319444444444444,0.2888888888888888,0.5208333333333334,0.3888888888888888,0.0,0.1111111111111111,0.0,0.0,0.0,0.4814814814814814,0.0,0.0,0.2962962962962963,0.0,0.0,0.0,0.0,0.0,0.3333333333333332,0.4912280701754385,0.4166666666666665,0.0,0.0,0.3255813953488372,0.1034482758620689
F0321,0.2037037037037037,0.3636363636363636,0.4545454545454546,0.4047619047619047,0.1083333333333333,0.1733333333333333,0.375,0.0,0.15,0.0,0.1714285714285714,0.0,0.0,0.0,0.0,0.3333333333333333,0.0,0.0,0.0,0.0,0.0,0.0,0.5333333333333332,0.1859649122807017,0.5,0.2074074074074072,0.0,0.3488372093023256,0.1379310344827586
F0322,0.2592592592592592,0.3636363636363636,0.0909090909090909,0.4047619047619047,0.1805555555555555,0.1444444444444444,0.3125,0.3888888888888888,0.0,0.1111111111111111,0.1428571428571428,0.1805555555555555,0.0,0.0,0.0,0.0,0.0,0.0,0.0,0.0,0.0,0.0,0.2222222222222222,0.4912280701754385,0.2777777777777778,0.345679012345679,0.0,0.1860465116279069,0.0344827586206896
F0323,0.3333333333333333,0.5454545454545455,0.1818181818181818,0.551948051948052,0.3693181818181818,0.2363636363636363,0.4261363636363636,0.0,0.2045454545454545,0.0909090909090909,0.1168831168831168,0.4431818181818181,0.1931818181818181,0.0,0.0,0.2272727272727273,0.0,0.0,0.0,0.0,0.0,0.0,0.2727272727272726,0.5143540669856459,0.3409090909090907,0.1414141414141412,0.0,0.2558139534883721,0.1379310344827586
F0324,0.1666666666666666,0.3636363636363636,0.1818181818181818,0.5604395604395606,0.25,0.1999999999999999,0.2884615384615385,0.0,0.173076923076923,0.3076923076923077,0.0,0.0,0.3269230769230769,0.0,0.0,0.0,0.0,0.0,0.4230769230769231,0.0,0.0,0.6153846153846152,0.3076923076923076,0.2955465587044533,0.1923076923076922,0.4786324786324785,0.0,0.1627906976744186,0.0689655172413793
F0325,0.1666666666666666,0.4545454545454546,0.1818181818181818,0.4670329670329671,0.5,0.1999999999999999,0.576923076923077,0.2692307692307693,0.3461538461538461,0.1538461538461538,0.0,0.0,0.3269230769230769,0.3333333333333333,0.0,0.0,0.0,0.0,0.0,0.0,0.0,0.6153846153846152,0.1538461538461538,0.4129554655870445,0.1923076923076922,0.4786324786324785,0.0,0.2093023255813953,0.0689655172413793
F0326,0.3518518518518518,0.3636363636363636,0.4545454545454546,0.5279503105590062,0.2119565217391304,0.3391304347826086,0.0,0.3043478260869565,0.0,0.0,0.2236024844720496,0.0,0.1847826086956521,0.0,0.2463768115942028,0.0,0.0,0.2434782608695652,0.0,0.0,0.0,0.0,0.608695652173913,0.3363844393592676,0.0,0.4057971014492752,0.0526315789473684,0.5348837209302325,0.0
F0327,0.2962962962962963,0.7272727272727272,0.3636363636363636,0.3035714285714286,0.08125,0.1299999999999999,0.09375,0.35,0.45,0.5,0.2571428571428571,0.0,0.425,0.0,0.5666666666666667,0.0,0.5333333333333333,0.0,0.275,0.0,0.0,0.4,0.4,0.5421052631578946,0.0,0.1555555555555555,0.4736842105263157,0.0232558139534883,0.4137931034482758
F0328,0.1851851851851851,0.3636363636363636,0.0909090909090909,0.5204081632653061,0.5803571428571429,0.0,0.1339285714285714,0.0,0.0,0.2857142857142857,0.0,0.0,0.3035714285714285,0.3095238095238095,0.0,0.0,0.3809523809523809,0.0,0.3928571428571428,0.0,0.0,0.5714285714285712,0.2857142857142856,0.5639097744360901,0.1785714285714285,0.0,0.0,0.1860465116279069,0.0689655172413793
F0329,0.4259259259259259,0.7272727272727272,0.3636363636363636,0.5846560846560847,0.4212962962962963,0.2888888888888888,0.4166666666666666,0.1296296296296296,0.1666666666666666,0.2222222222222222,0.0952380952380952,0.1203703703703703,0.3148148148148147,0.1604938271604938,0.0,0.0,0.0,0.0,0.2037037037037037,0.0,0.0,0.296296296296296,0.2222222222222222,0.4912280701754385,0.3703703703703703,0.1152263374485595,0.0526315789473684,0.1627906976744186,0.0
F0330,0.2962962962962963,0.4545454545454546,0.2727272727272727,0.5464285714285715,0.40625,0.3899999999999999,0.1875,0.175,0.1125,0.2,0.0,0.0,0.2125,0.0,0.0,0.0,0.0,0.0,0.275,0.0,0.0,0.4,0.3,0.3894736842105262,0.25,0.3111111111111111,0.0526315789473684,0.2325581395348837,0.0
F0331,0.2962962962962963,0.5454545454545455,0.1818181818181818,0.425,0.325,0.1299999999999999,0.1875,0.35,0.0,0.2,0.2571428571428571,0.1625,0.0,0.0,0.0,0.0,0.2666666666666666,0.0,0.0,0.6000000000000001,0.0,0.4,0.1,0.618421052631579,0.125,0.3111111111111111,0.0,0.2558139534883721,0.0689655172413793
F0332,0.2407407407407407,0.0909090909090909,0.1818181818181818,0.6428571428571429,0.573529411764706,0.3058823529411764,0.3308823529411765,0.4117647058823529,0.0,0.0,0.0,0.0,0.0,0.0,0.0,0.0,0.0,0.0,0.0,0.0,0.0,0.0,0.4705882352941176,0.6408668730650153,0.0,0.0,0.0,0.3953488372093023,0.0
F0333,0.3888888888888888,0.5454545454545455,0.1818181818181818,0.6314285714285716,0.325,0.3119999999999999,0.6,0.14,0.18,0.16,0.3085714285714285,0.13,0.0,0.1733333333333333,0.0,0.0,0.0,0.0,0.0,0.0,0.0,0.0,0.32,0.4505263157894736,0.4,0.1244444444444444,0.0,0.3488372093023256,0.1379310344827586
F0334,0.1851851851851851,0.3636363636363636,0.1818181818181818,0.6938775510204082,0.2321428571428571,0.1857142857142856,0.2678571428571428,0.0,0.1607142857142857,0.2857142857142857,0.0,0.0,0.3035714285714285,0.0,0.0,0.0,0.0,0.0,0.3928571428571428,0.0,0.0,0.5714285714285712,0.2857142857142856,0.4548872180451128,0.1785714285714285,0.2222222222222221,0.0,0.2325581395348837,0.0689655172413793
F0335,0.1481481481481481,0.2727272727272727,0.1818181818181818,0.6071428571428572,0.2708333333333333,0.2166666666666666,0.3125,0.0,0.0,0.3333333333333333,0.0,0.0,0.3541666666666666,0.0,0.0,0.0,0.0,0.0,0.4583333333333333,0.0,0.0,0.6666666666666664,0.3333333333333332,0.3640350877192982,0.2083333333333332,0.2592592592592592,0.0,0.1395348837209302,0.0689655172413793
F0336,0.2777777777777778,0.3636363636363636,0.2727272727272727,0.7669172932330828,0.3421052631578947,0.4105263157894736,0.3947368421052631,0.1842105263157894,0.0,0.1052631578947368,0.1353383458646616,0.1710526315789473,0.0,0.0,0.0,0.0,0.0,0.0,0.0,0.0,0.0,0.0,0.4210526315789472,0.598337950138504,0.131578947368421,0.0,0.0,0.4186046511627907,0.0689655172413793
F0337,0.3888888888888888,0.5454545454545455,0.1818181818181818,0.5828571428571429,0.26,0.3119999999999999,0.75,0.14,0.18,0.08,0.3085714285714285,0.13,0.0,0.1733333333333333,0.0,0.0,0.0,0.0,0.0,0.0,0.0,0.0,0.32,0.4505263157894736,0.5,0.0,0.0,0.3488372093023256,0.1379310344827586
F0338,0.3703703703703703,0.2727272727272727,0.2727272727272727,0.2023809523809523,0.4739583333333333,0.2166666666666666,0.390625,0.4375,0.1875,0.0,0.0,0.0,0.0,0.0,0.4722222222222221,0.0,0.0,0.0,0.0,0.0,0.0,0.0,0.1666666666666666,0.3640350877192982,0.5208333333333333,0.3888888888888889,0.0526315789473684,0.5581395348837209,0.0
F0339,0.4814814814814815,0.7272727272727272,0.2727272727272727,0.3642857142857143,0.4875,0.3466666666666666,0.25,0.1166666666666666,0.3,0.1333333333333333,0.0857142857142857,0.1083333333333333,0.0,0.1444444444444444,0.0,0.1666666666666666,0.0,0.0,0.0,0.0,0.2777777777777778,0.0,0.2,0.5929824561403507,0.25,0.2074074074074072,0.0,0.4651162790697674,0.1034482758620689
F0340,0.074074074074074,0.0,0.0,0.4553571428571429,0.609375,0.0,0.0,0.0,0.5625,0.0,0.6428571428571428,0.0,0.0,0.0,0.0,0.0,0.0,0.0,0.0,0.0,0.0,0.0,0.0,1.0,0.0,0.0,0.0,0.1860465116279069,0.0344827586206896
F0341,0.0555555555555555,0.0909090909090909,0.0909090909090909,0.5204081632653061,0.6964285714285714,0.3714285714285713,0.2678571428571428,0.0,0.0,0.2857142857142857,0.0,0.0,0.0,0.0,0.0,0.0,0.0,0.0,0.0,0.0,0.0,0.0,0.0,1.0,0.0,0.0,0.0,0.1162790697674418,0.0689655172413793
F0342,0.3148148148148147,0.5454545454545455,0.1818181818181818,0.6938775510204082,0.4642857142857142,0.1238095238095237,0.3571428571428571,0.0,0.2142857142857142,0.1904761904761904,0.3673469387755101,0.1547619047619047,0.2023809523809523,0.0,0.0,0.238095238095238,0.0,0.0,0.0,0.0,0.0,0.0,0.3809523809523808,0.418546365914787,0.357142857142857,0.1481481481481481,0.0,0.2790697674418604,0.0689655172413793
F0343,0.3333333333333333,0.7272727272727272,0.3636363636363636,0.4967532467532468,0.2954545454545454,0.3545454545454545,0.1704545454545454,0.3181818181818182,0.3068181818181817,0.2727272727272727,0.1168831168831168,0.2954545454545454,0.1931818181818181,0.1969696969696969,0.2575757575757575,0.0,0.0,0.0,0.0,0.0,0.0,0.0,0.3636363636363636,0.5837320574162679,0.0,0.2828282828282828,0.0526315789473684,0.3953488372093023,0.0
F0344,0.3518518518518518,0.2727272727272727,0.2727272727272727,0.2111801242236025,0.4945652173913044,0.2260869565217391,0.3260869565217391,0.4565217391304347,0.1956521739130434,0.0,0.0,0.0,0.0,0.0,0.4927536231884057,0.0,0.0,0.0,0.0,0.0,0.0,0.0,0.1739130434782608,0.402745995423341,0.434782608695652,0.4057971014492752,0.0526315789473684,0.5348837209302325,0.0
F0345,0.1111111111111111,0.0909090909090909,0.0,0.2428571428571428,0.975,0.2599999999999999,0.0,0.35,0.225,0.0,0.0,0.0,0.0,0.0,0.0,0.0,0.0,0.0,0.0,0.0,0.0,0.0,0.0,0.8473684210526315,0.0,0.3111111111111111,0.0,0.2325581395348837,0.0689655172413793
F0346,0.2407407407407407,0.4545454545454546,0.1818181818181818,0.4285714285714286,0.1911764705882352,0.0,0.1102941176470588,0.4117647058823529,0.3970588235294118,0.2352941176470588,0.7563025210084033,0.7647058823529411,0.5,0.0,0.0,0.0,0.0,0.0,0.0,0.0,0.0,0.4705882352941176,0.1176470588235294,0.8204334365325077,0.0,0.0,0.0526315789473684,0.1162790697674418,0.1379310344827586
F0347,0.5555555555555555,0.9090909090909092,0.5454545454545454,0.3928571428571429,0.3823529411764705,0.3058823529411764,0.3860294117647058,0.1029411764705882,0.1323529411764706,0.1176470588235294,0.1512605042016806,0.0,0.0,0.0,0.1666666666666666,0.1470588235294117,0.1568627450980392,0.1647058823529411,0.0,0.3529411764705882,0.2450980392156863,0.2352941176470584,0.2941176470588234,0.4164086687306502,0.2941176470588235,0.2745098039215685,0.0526315789473684,0.3255813953488372,0.0
F0348,0.2222222222222222,0.2727272727272727,0.0,0.6830357142857144,0.3046875,0.0,0.3515625,0.21875,0.140625,0.0,0.1607142857142857,0.203125,0.0,0.0,0.0,0.0,0.0,0.0,0.0,0.0,0.0,0.0,0.0,0.618421052631579,0.15625,0.5833333333333335,0.0,0.3720930232558139,0.0689655172413793
F0349,0.1111111111111111,0.0909090909090909,0.0,0.4857142857142857,0.65,0.0,0.0,0.0,0.45,0.2,0.5142857142857142,0.0,0.0,0.0,0.0,0.0,0.0,0.0,0.0,0.0,0.0,0.0,0.0,1.0,0.0,0.0,0.0,0.2093023255813953,0.0344827586206896
F0350,0.3148148148148147,0.6363636363636364,0.3636363636363636,0.5204081632653061,0.3869047619047618,0.1238095238095237,0.1785714285714285,0.1666666666666666,0.0,0.0952380952380952,0.2448979591836734,0.3095238095238095,0.0,0.0,0.0,0.0,0.5079365079365079,0.5333333333333332,0.0,0.5714285714285714,0.0,0.3809523809523808,0.3809523809523808,0.5639097744360901,0.119047619047619,0.0,0.0526315789473684,0.4186046511627907,0.0
F0351,0.4629629629629629,0.8181818181818182,0.4545454545454546,0.3768472906403941,0.3922413793103448,0.3586206896551723,0.3232758620689655,0.1206896551724137,0.1551724137931034,0.1379310344827586,0.1773399014778325,0.0,0.0,0.0,0.0,0.1724137931034483,0.1839080459770115,0.193103448275862,0.0,0.4137931034482758,0.2873563218390805,0.2758620689655168,0.2758620689655172,0.4210526315789473,0.2586206896551722,0.3218390804597699,0.0526315789473684,0.3255813953488372,0.0
F0352,0.4629629629629629,0.8181818181818182,0.4545454545454546,0.3768472906403941,0.4482758620689655,0.3586206896551723,0.3232758620689655,0.1206896551724137,0.1551724137931034,0.1379310344827586,0.1773399014778325,0.0,0.0,0.0,0.0,0.1724137931034483,0.1839080459770115,0.193103448275862,0.0,0.4137931034482758,0.2873563218390805,0.2758620689655168,0.2758620689655172,0.4736842105263157,0.2586206896551722,0.21455938697318,0.0526315789473684,0.3255813953488372,0.0
F0353,0.2222222222222222,0.3636363636363636,0.1818181818181818,0.3035714285714286,0.40625,0.4874999999999999,0.46875,0.4375,0.28125,0.0,0.0,0.0,0.0,0.0,0.0,0.3125,0.0,0.0,0.0,0.0,0.5208333333333334,0.0,0.375,0.2368421052631578,0.46875,0.3888888888888889,0.0526315789473684,0.3720930232558139,0.0
F0354,0.2407407407407407,0.2727272727272727,0.2727272727272727,0.7857142857142858,0.1911764705882352,0.3058823529411764,0.3308823529411765,0.0,0.0,0.0,0.0,0.0,0.25,0.2549019607843137,0.0,0.0,0.3137254901960784,0.0,0.0,0.0,0.0,0.0,0.9411764705882352,0.1021671826625386,0.0,0.3660130718954248,0.0,0.3953488372093023,0.1724137931034483
F0355,0.2407407407407407,0.3636363636363636,0.0909090909090909,0.4285714285714286,0.573529411764706,0.4588235294117647,0.1102941176470588,0.2058823529411764,0.0,0.0,0.3025210084033613,0.0,0.0,0.2549019607843137,0.0,0.0,0.3137254901960784,0.0,0.0,0.0,0.0,0.0,0.2352941176470588,0.6408668730650153,0.1470588235294117,0.1830065359477124,0.0526315789473684,0.3953488372093023,0.0689655172413793
F0356,0.1666666666666666,0.2727272727272727,0.3636363636363636,0.2802197802197803,0.625,0.7999999999999999,0.0,0.2692307692307693,0.173076923076923,0.0,0.0,0.0,0.0,0.3333333333333333,0.4358974358974359,0.0,0.0,0.0,0.0,0.0,0.0,0.0,0.3076923076923076,0.6477732793522268,0.0,0.2393162393162392,0.0526315789473684,0.3023255813953489,0.0
F0357,0.3518518518518518,0.7272727272727272,0.3636363636363636,0.3167701863354037,0.4239130434782608,0.3391304347826086,0.1630434782608695,0.3043478260869565,0.0978260869565217,0.2608695652173913,0.1118012422360248,0.0,0.1847826086956521,0.3768115942028985,0.4927536231884057,0.0,0.0,0.0,0.0,0.0,0.0,0.0,0.3478260869565216,0.6681922196796339,0.0,0.1352657004830917,0.0,0.4418604651162791,0.1379310344827586
F0358,0.2407407407407407,0.4545454545454546,0.2727272727272727,0.6428571428571429,0.1911764705882352,0.1529411764705882,0.0,0.0,0.0,0.1176470588235294,0.3025210084033613,0.0,0.0,0.2549019607843137,0.0,0.0,0.3137254901960784,0.3294117647058823,0.0,0.7058823529411764,0.0,0.4705882352941176,0.3529411764705882,0.6408668730650153,0.0,0.0,0.0,0.3488372093023256,0.0344827586206896
F0359,0.2777777777777778,0.4545454545454546,0.3636363636363636,0.5112781954887218,0.513157894736842,0.4105263157894736,0.0986842105263157,0.0,0.0,0.1052631578947368,0.1353383458646616,0.0,0.0,0.0,0.0,0.0,0.2807017543859649,0.2947368421052631,0.0,0.631578947368421,0.0,0.4210526315789472,0.3157894736842104,0.598337950138504,0.131578947368421,0.0,0.1578947368421052,0.3953488372093023,0.0
F0360,0.1111111111111111,0.2727272727272727,0.0,0.7285714285714286,0.4875,0.2599999999999999,0.0,0.35,0.225,0.0,0.2571428571428571,0.0,0.0,0.4333333333333333,0.0,0.0,0.0,0.0,0.0,0.0,0.0,0.0,0.0,0.8473684210526315,0.0,0.3111111111111111,0.0,0.2325581395348837,0.0344827586206896
F0361,0.3333333333333333,0.3636363636363636,0.3636363636363636,0.4967532467532468,0.3693181818181818,0.3545454545454545,0.0852272727272727,0.0,0.0,0.0,0.2337662337662337,0.0,0.0,0.0,0.2575757575757575,0.0,0.2424242424242424,0.2545454545454545,0.0,0.0,0.0,0.0,0.1818181818181818,0.5837320574162679,0.1136363636363635,0.4242424242424241,0.0,0.5116279069767441,0.0
F0362,0.0925925925925925,0.3636363636363636,0.0909090909090909,0.2698412698412699,0.5416666666666666,0.2888888888888888,0.2083333333333333,0.3888888888888888,0.0,0.0,0.0,0.0,0.0,0.4814814814814814,0.6296296296296295,0.0,0.5925925925925926,0.0,0.0,0.0,0.0,0.0,0.0,1.0,0.0,0.0,0.0,0.2093023255813953,0.0344827586206896
F0363,0.037037037037037,0.1818181818181817,0.0909090909090909,0.4047619047619047,0.8125,0.4333333333333332,0.3125,0.0,0.0,0.0,0.4285714285714285,0.0,0.0,0.7222222222222221,0.0,0.0,0.0,0.0,0.0,0.0,0.0,0.0,0.0,1.0,0.0,0.0,0.0,0.1395348837209302,0.0344827586206896
F0364,0.4629629629629629,0.7272727272727272,0.3636363636363636,0.5024630541871922,0.3922413793103448,0.1793103448275861,0.2586206896551724,0.0,0.1551724137931034,0.0689655172413793,0.2660098522167487,0.1120689655172413,0.0,0.0,0.0,0.1724137931034483,0.367816091954023,0.193103448275862,0.0,0.4137931034482758,0.0,0.2758620689655168,0.2758620689655172,0.5263157894736843,0.086206896551724,0.3218390804597699,0.0,0.627906976744186,0.1379310344827586
F0365,0.1296296296296296,0.5454545454545455,0.0909090909090909,0.2207792207792208,0.4431818181818181,0.2363636363636363,0.0,0.3181818181818182,0.6136363636363635,0.0,0.2337662337662337,0.2954545454545454,0.0,0.3939393939393939,0.5151515151515151,0.4545454545454546,0.0,0.0,0.0,0.0,0.0,0.0,0.0,0.7224880382775121,0.2272727272727272,0.2828282828282828,0.0,0.2558139534883721,0.0689655172413793
F0366,0.1111111111111111,0.1818181818181817,0.1818181818181818,0.4857142857142857,0.1625,0.2599999999999999,0.375,0.0,0.0,0.2,0.0,0.0,0.0,0.0,0.5666666666666667,0.0,0.0,0.0,0.0,0.0,0.0,0.0,0.4,0.6947368421052633,0.0,0.0,0.0526315789473684,0.0930232558139534,0.0
F0367,0.2777777777777778,0.7272727272727272,0.2727272727272727,0.3195488721804511,0.6842105263157894,0.2736842105263157,0.1973684210526315,0.3684210526315789,0.2368421052631578,0.1052631578947368,0.2706766917293233,0.1710526315789473,0.0,0.0,0.0,0.0,0.2807017543859649,0.2947368421052631,0.0,0.631578947368421,0.0,0.4210526315789472,0.2105263157894736,0.7590027700831024,0.0,0.0,0.0,0.3720930232558139,0.0344827586206896
F0368,0.2222222222222222,0.1818181818181817,0.2727272727272727,0.6071428571428572,0.609375,0.4874999999999999,0.1171875,0.0,0.140625,0.0,0.1607142857142857,0.0,0.0,0.0,0.0,0.0,0.0,0.0,0.0,0.0,0.0,0.0,0.375,0.5230263157894737,0.0,0.3888888888888889,0.0,0.3720930232558139,0.0
F0369,0.1481481481481481,0.2727272727272727,0.0,0.8095238095238095,0.2708333333333333,0.2166666666666666,0.3125,0.2916666666666666,0.0,0.0,0.0,0.2708333333333333,0.0,0.0,0.0,0.0,0.4444444444444444,0.0,0.0,0.0,0.0,0.0,0.0,0.8728070175438596,0.2083333333333332,0.0,0.0,0.2790697674418604,0.1379310344827586
F0370,0.2037037037037037,0.2727272727272727,0.0,0.4047619047619047,0.65,0.1733333333333333,0.25,0.4666666666666667,0.15,0.0,0.0,0.2166666666666666,0.0,0.0,0.0,0.0,0.0,0.0,0.0,0.0,0.0,0.0,0.4,0.3894736842105262,0.3333333333333332,0.2074074074074072,0.0,0.3488372093023256,0.0344827586206896
F0371,0.2407407407407407,0.2727272727272727,0.0,0.5,0.4779411764705882,0.1529411764705882,0.4411764705882353,0.4117647058823529,0.1323529411764706,0.0,0.0,0.1911764705882352,0.0,0.0,0.0,0.0,0.0,0.0,0.0,0.0,0.0,0.0,0.3529411764705882,0.2817337461300309,0.4411764705882353,0.3660130718954248,0.0,0.3953488372093023,0.0344827586206896
F0372,0.3333333333333333,0.3636363636363636,0.2727272727272727,0.7727272727272728,0.2954545454545454,0.2363636363636363,0.2556818181818182,0.0,0.0,0.0909090909090909,0.1168831168831168,0.1477272727272727,0.0,0.0,0.2575757575757575,0.0,0.0,0.0,0.0,0.0,0.0,0.0,0.2727272727272726,0.791866028708134,0.0,0.0,0.0526315789473684,0.3023255813953489,0.0
F0373,0.4444444444444444,0.6363636363636364,0.5454545454545454,0.5637755102040817,0.2901785714285714,0.2785714285714285,0.1339285714285714,0.125,0.0803571428571428,0.1428571428571428,0.0918367346938775,0.0,0.4553571428571428,0.0,0.6071428571428571,0.0,0.0,0.0,0.0,0.0,0.2976190476190476,0.0,0.5,0.3458646616541352,0.0892857142857142,0.4444444444444443,0.0,0.6046511627906976,0.0
F0374,0.7222222222222222,0.8181818181818182,0.5454545454545454,0.3388704318936877,0.4912790697674418,0.1209302325581395,0.0436046511627907,0.0813953488372093,0.1569767441860465,0.1860465116279069,0.2392026578073089,0.1511627906976744,0.1976744186046511,0.0,0.3953488372093023,0.2325581395348837,0.0,0.0,0.0,0.0,0.1937984496124031,0.1860465116279064,0.2790697674418604,0.4320685434516523,0.1162790697674417,0.5064599483204135,0.0,0.5581395348837209,0.0344827586206896
F0375,0.3333333333333333,0.5454545454545455,0.4545454545454546,0.4967532467532468,0.3693181818181818,0.2363636363636363,0.1704545454545454,0.1590909090909091,0.4090909090909091,0.3636363636363636,0.1168831168831168,0.1477272727272727,0.5795454545454545,0.0,0.0,0.0,0.0,0.0,0.0,0.0,0.0,0.0,0.5454545454545454,0.4449760765550239,0.1136363636363635,0.1414141414141412,0.0,0.3953488372093023,0.0344827586206896
F0376,0.3703703703703703,0.2727272727272727,0.0,0.6071428571428572,0.6770833333333334,0.1083333333333333,0.15625,0.2916666666666666,0.0,0.0,0.3214285714285714,0.1354166666666666,0.0,0.0,0.0,0.0,0.0,0.0,0.0,0.0,0.0,0.0,0.0833333333333332,0.8092105263157894,0.1041666666666665,0.1296296296296294,0.0,0.5581395348837209,0.0
F0377,0.6851851851851851,0.6363636363636364,0.6363636363636364,0.3554006968641115,0.3170731707317073,0.1902439024390243,0.274390243902439,0.1707317073170731,0.274390243902439,0.3902439024390244,0.1881533101045296,0.0792682926829268,0.7256097560975611,0.0,0.0,0.0,0.0,0.0,0.1341463414634146,0.0,0.0,0.0,0.4878048780487804,0.1437740693196404,0.3658536585365852,0.5311653116531164,0.0,0.3720930232558139,0.0
F0378,0.5925925925925926,0.6363636363636364,0.0909090909090909,0.4047619047619047,0.4965277777777778,0.1444444444444444,0.3125,0.2916666666666666,0.375,0.1111111111111111,0.1428571428571428,0.0902777777777777,0.0,0.0,0.1574074074074073,0.2777777777777778,0.0,0.0,0.0,0.0,0.0,0.0,0.111111111111111,0.5336257309941519,0.4166666666666665,0.2592592592592592,0.0,0.5813953488372092,0.0
F0379,0.4259259259259259,0.3636363636363636,0.0909090909090909,0.4947089947089947,0.6018518518518519,0.1925925925925925,0.2777777777777778,0.2592592592592592,0.0,0.0,0.1904761904761904,0.1203703703703703,0.0,0.1604938271604938,0.0,0.0,0.0,0.0,0.0,0.0,0.0,0.0,0.148148148148148,0.6608187134502923,0.2777777777777778,0.1152263374485595,0.0,0.627906976744186,0.0
F0380,0.3888888888888888,0.3636363636363636,0.0909090909090909,0.5342857142857144,0.65,0.2079999999999999,0.2249999999999999,0.28,0.09,0.0,0.2057142857142857,0.13,0.0,0.0,0.0,0.0,0.0,0.0,0.0,0.0,0.0,0.0,0.16,0.6947368421052633,0.2,0.1244444444444444,0.0,0.5813953488372092,0.0
F0381,0.4814814814814815,0.8181818181818182,0.5454545454545454,0.5261904761904762,0.4875,0.1733333333333333,0.1875,0.2333333333333333,0.0,0.1333333333333333,0.2571428571428571,0.1083333333333333,0.1416666666666666,0.0,0.1888888888888888,0.0,0.1777777777777777,0.3733333333333333,0.0,0.4,0.0,0.5333333333333328,0.4666666666666666,0.3894736842105262,0.0833333333333332,0.2074074074074072,0.0,0.3953488372093023,0.0344827586206896
F0382,0.4074074074074074,0.3636363636363636,0.0909090909090909,0.5137362637362638,0.625,0.1999999999999999,0.2163461538461538,0.2692307692307693,0.0865384615384615,0.0,0.1978021978021978,0.125,0.0,0.0,0.0,0.0,0.0,0.0,0.0,0.0,0.0,0.0,0.1538461538461538,0.6477732793522268,0.1923076923076922,0.2393162393162392,0.0,0.6046511627906976,0.0
F0383,0.537037037037037,0.5454545454545455,0.2727272727272727,0.4047619047619047,0.4924242424242424,0.2363636363636363,0.1136363636363636,0.3181818181818182,0.1363636363636363,0.0606060606060606,0.1558441558441558,0.1969696969696969,0.0,0.0,0.3434343434343434,0.0,0.0,0.0,0.0,0.0,0.0,0.0,0.1818181818181818,0.5837320574162679,0.0757575757575757,0.4713804713804714,0.0,0.5116279069767441,0.0
F0384,0.7037037037037036,0.8181818181818182,0.6363636363636364,0.3469387755102041,0.4642857142857142,0.1238095238095237,0.0446428571428571,0.0833333333333333,0.1607142857142857,0.1904761904761904,0.2448979591836734,0.1547619047619047,0.2023809523809523,0.0,0.4047619047619047,0.238095238095238,0.0,0.0,0.0,0.0,0.1984126984126984,0.1904761904761904,0.2857142857142856,0.418546365914787,0.119047619047619,0.5185185185185184,0.0,0.5348837209302325,0.0344827586206896
F0385,0.4259259259259259,0.5454545454545455,0.0909090909090909,0.5396825396825398,0.662037037037037,0.0962962962962962,0.1388888888888889,0.2592592592592592,0.1666666666666666,0.1481481481481481,0.1904761904761904,0.1203703703703703,0.0,0.0,0.2098765432098765,0.0,0.0,0.0,0.0,0.0,0.0,0.0,0.148148148148148,0.7173489278752436,0.0925925925925925,0.2304526748971191,0.0,0.5348837209302325,0.0
F0386,0.8148148148148148,0.9090909090909092,0.6363636363636364,0.2529761904761905,0.4401041666666666,0.2166666666666666,0.078125,0.2916666666666666,0.1875,0.1666666666666666,0.2142857142857142,0.1354166666666666,0.1770833333333333,0.0,0.3541666666666666,0.2083333333333333,0.0,0.0,0.1145833333333333,0.0,0.1736111111111111,0.1666666666666664,0.25,0.4912280701754385,0.1041666666666665,0.4537037037037036,0.0,0.5581395348837209,0.0344827586206896
F0387,0.3703703703703703,0.5454545454545455,0.4545454545454546,0.4553571428571429,0.3385416666666667,0.2166666666666666,0.234375,0.1458333333333333,0.375,0.3333333333333333,0.1071428571428571,0.1354166666666666,0.53125,0.0,0.0,0.0,0.0,0.0,0.0,0.0,0.0,0.0,0.5,0.4912280701754385,0.1041666666666665,0.1296296296296294,0.0,0.4418604651162791,0.0344827586206896
F0388,0.5555555555555555,0.5454545454545455,0.3636363636363636,0.3928571428571429,0.4779411764705882,0.3058823529411764,0.1102941176470588,0.3088235294117647,0.1323529411764706,0.0588235294117647,0.1512605042016806,0.1911764705882352,0.0,0.0,0.3333333333333333,0.0,0.0,0.0,0.0,0.0,0.0,0.0,0.2352941176470588,0.5510835913312695,0.0735294117647057,0.4575163398692808,0.0,0.5581395348837209,0.0
F0389,0.5185185185185185,0.6363636363636364,0.4545454545454546,0.53125,0.35546875,0.0812499999999999,0.1171875,0.109375,0.140625,0.1875,0.3214285714285714,0.203125,0.265625,0.0,0.0,0.0,0.0,0.35,0.0,0.0,0.0,0.25,0.375,0.5230263157894737,0.078125,0.1944444444444444,0.0526315789473684,0.2325581395348837,0.0
F0390,0.537037037037037,0.4545454545454546,0.1818181818181818,0.3311688311688311,0.5416666666666666,0.2363636363636363,0.625,0.106060606060606,0.0681818181818181,0.1212121212121212,0.0,0.0,0.0,0.1313131313131313,0.0,0.0,0.0,0.0,0.0,0.0,0.0,0.0,0.1818181818181818,0.3987240829346092,0.606060606060606,0.1885521885521885,0.0,0.4418604651162791,0.0344827586206896
F0391,0.3888888888888888,0.6363636363636364,0.2727272727272727,0.1942857142857143,0.26,0.2079999999999999,0.075,0.42,0.27,0.24,0.4114285714285714,0.39,0.34,0.0,0.0,0.0,0.4266666666666666,0.0,0.0,0.0,0.0,0.32,0.16,0.6336842105263158,0.0,0.3733333333333334,0.1052631578947368,0.0232558139534883,0.1379310344827586
F0392,0.611111111111111,0.5454545454545455,0.3636363636363636,0.4594594594594595,0.4831081081081081,0.4216216216216216,0.4560810810810811,0.2837837837837837,0.1216216216216216,0.1081081081081081,0.2084942084942085,0.0,0.0,0.1171171171171171,0.0,0.0,0.1441441441441441,0.0,0.0,0.0,0.0,0.0,0.2702702702702702,0.5462304409672831,0.2702702702702702,0.168168168168168,0.0,0.5348837209302325,0.2068965517241379
F0393,0.2962962962962963,0.5454545454545455,0.3636363636363636,0.4857142857142857,0.4875,0.1299999999999999,0.28125,0.175,0.225,0.2,0.1285714285714285,0.0,0.6375,0.2166666666666666,0.0,0.0,0.0,0.0,0.0,0.0,0.0,0.0,0.3,0.4657894736842105,0.125,0.4666666666666667,0.0526315789473684,0.2325581395348837,0.1724137931034483
F0394,0.5185185185185185,0.5454545454545455,0.2727272727272727,0.4553571428571429,0.609375,0.3249999999999999,0.52734375,0.21875,0.0703125,0.0625,0.2410714285714285,0.0,0.0,0.2708333333333333,0.0,0.0,0.0,0.0,0.0,0.0,0.0,0.0,0.375,0.475328947368421,0.3125,0.0972222222222222,0.0,0.4651162790697674,0.2068965517241379
F0395,0.4814814814814815,1.0,0.4545454545454546,0.4047619047619047,0.3791666666666666,0.1733333333333333,0.125,0.1166666666666666,0.15,0.4,0.0857142857142857,0.1083333333333333,0.1416666666666666,0.1444444444444444,0.1888888888888888,0.0,0.1777777777777777,0.1866666666666666,0.0,0.4,0.0,0.2666666666666664,0.2,0.4403508771929824,0.25,0.4148148148148148,0.0,0.2093023255813953,0.1034482758620689
F0396,0.2407407407407407,0.3636363636363636,0.0909090909090909,0.4285714285714286,0.573529411764706,0.0,0.2205882352941176,0.4117647058823529,0.2647058823529412,0.2352941176470588,0.1512605042016806,0.0,0.25,0.0,0.0,0.0,0.0,0.0,0.0,0.0,0.0,0.0,0.2352941176470588,0.5510835913312695,0.1470588235294117,0.3660130718954248,0.0,0.3255813953488372,0.1034482758620689
F0397,0.3888888888888888,0.6363636363636364,0.1818181818181818,0.3400000000000001,0.65,0.2079999999999999,0.4499999999999999,0.14,0.27,0.16,0.2057142857142857,0.0,0.17,0.1733333333333333,0.0,0.0,0.2133333333333333,0.0,0.0,0.0,0.0,0.32,0.16,0.4505263157894736,0.5,0.1244444444444444,0.0,0.3023255813953489,0.0689655172413793
F0398,0.3703703703703703,0.2727272727272727,0.2727272727272727,0.4553571428571429,0.5416666666666666,0.4333333333333332,0.546875,0.2916666666666666,0.1875,0.0,0.0,0.0,0.0,0.1805555555555555,0.0,0.0,0.0,0.0,0.0,0.0,0.0,0.0,0.1666666666666666,0.4912280701754385,0.5208333333333333,0.1296296296296294,0.0,0.5581395348837209,0.0344827586206896
F0399,0.4444444444444444,0.7272727272727272,0.4545454545454546,0.4770408163265306,0.40625,0.0928571428571428,0.1339285714285714,0.125,0.1607142857142857,0.2142857142857142,0.2755102040816326,0.1160714285714285,0.3035714285714285,0.0,0.4047619047619047,0.0,0.0,0.0,0.1964285714285714,0.0,0.0,0.2857142857142856,0.5,0.4003759398496239,0.0892857142857142,0.2222222222222221,0.0526315789473684,0.0697674418604651,0.0689655172413793
F0400,0.1666666666666666,0.0909090909090909,0.0909090909090909,0.4670329670329671,1.0,0.1999999999999999,0.0,0.0,0.173076923076923,0.0,0.0,0.0,0.0,0.3333333333333333,0.0,0.0,0.0,0.0,0.0,0.0,0.0,0.0,0.1538461538461538,0.7651821862348178,0.0,0.2393162393162392,0.0,0.3023255813953489,0.0689655172413793
F0401,0.5,0.6363636363636364,0.3636363636363636,0.4308755760368664,0.4717741935483871,0.4193548387096773,0.0604838709677419,0.1129032258064516,0.0725806451612903,0.1290322580645161,0.1658986175115207,0.1048387096774193,0.0,0.1397849462365591,0.0,0.0,0.1720430107526881,0.0,0.0,0.0,0.0,0.0,0.1935483870967742,0.6061120543293719,0.0,0.5017921146953404,0.0,0.5348837209302325,0.0
F0402,0.4259259259259259,0.5454545454545455,0.1818181818181818,0.4497354497354497,0.4814814814814814,0.1925925925925925,0.2777777777777778,0.1296296296296296,0.1666666666666666,0.3703703703703703,0.0,0.1203703703703703,0.1574074074074073,0.1604938271604938,0.0,0.0,0.0,0.0,0.0,0.0,0.0,0.0,0.148148148148148,0.5477582846003899,0.3703703703703703,0.2304526748971191,0.0,0.1627906976744186,0.0689655172413793
F0403,0.3148148148148147,0.4545454545454546,0.0909090909090909,0.2891156462585034,0.6190476190476191,0.1238095238095237,0.5357142857142857,0.1666666666666666,0.3214285714285714,0.0,0.1224489795918367,0.0,0.0,0.619047619047619,0.0,0.0,0.0,0.0,0.0,0.0,0.0,0.0,0.1904761904761904,0.4912280701754385,0.476190476190476,0.1481481481481481,0.0,0.4883720930232558,0.0689655172413793
F0404,0.5925925925925926,0.6363636363636364,0.2727272727272727,0.4047619047619047,0.5868055555555556,0.2166666666666666,0.3645833333333333,0.1944444444444444,0.1875,0.1111111111111111,0.0714285714285714,0.0,0.1180555555555555,0.361111111111111,0.0,0.0,0.0,0.0,0.0,0.0,0.0,0.0,0.2777777777777778,0.448830409356725,0.3472222222222222,0.2592592592592592,0.0,0.6976744186046511,0.1379310344827586
F0405,0.3333333333333333,0.5454545454545455,0.1818181818181818,0.4967532467532468,0.5170454545454546,0.2363636363636363,0.5113636363636364,0.3181818181818182,0.2045454545454545,0.0909090909090909,0.0,0.0,0.1931818181818181,0.1969696969696969,0.0,0.0,0.2424242424242424,0.0,0.0,0.0,0.0,0.0,0.2727272727272726,0.4449760765550239,0.4545454545454545,0.1414141414141412,0.0,0.2558139534883721,0.1034482758620689
F0406,0.3333333333333333,0.6363636363636364,0.0909090909090909,0.275974025974026,0.4431818181818181,0.2363636363636363,0.2556818181818182,0.3181818181818182,0.5113636363636364,0.1818181818181818,0.3506493506493506,0.2954545454545454,0.0,0.1969696969696969,0.0,0.2272727272727273,0.0,0.0,0.0,0.0,0.0,0.0,0.0909090909090908,0.6531100478468899,0.3409090909090907,0.1414141414141412,0.0526315789473684,0.0930232558139534,0.1724137931034483
F0407,0.3333333333333333,0.5454545454545455,0.1818181818181818,0.4967532467532468,0.5170454545454546,0.1181818181818181,0.5965909090909091,0.1590909090909091,0.2045454545454545,0.0909090909090909,0.0,0.0,0.1931818181818181,0.1969696969696969,0.0,0.0,0.2424242424242424,0.0,0.0,0.0,0.0,0.0,0.2727272727272726,0.3755980861244019,0.568181818181818,0.1414141414141412,0.0,0.2325581395348837,0.1034482758620689
F0408,0.3148148148148147,0.2727272727272727,0.1818181818181818,0.4625850340136054,0.5416666666666666,0.3714285714285713,0.625,0.3333333333333333,0.1071428571428571,0.0,0.2448979591836734,0.0,0.0,0.0,0.0,0.0,0.0,0.0,0.0,0.0,0.0,0.0,0.1904761904761904,0.4912280701754385,0.476190476190476,0.1481481481481481,0.0,0.4883720930232558,0.1034482758620689
F0409,0.2592592592592592,0.3636363636363636,0.0909090909090909,0.6071428571428572,0.5416666666666666,0.1444444444444444,0.1041666666666666,0.0,0.125,0.0,0.1428571428571428,0.0,0.0,0.2407407407407407,0.0,0.0,0.0,0.0,0.0,0.0,0.0,0.0,0.2222222222222222,0.7456140350877194,0.0,0.1728395061728393,0.0,0.4186046511627907,0.1034482758620689
F0410,0.1296296296296296,0.0,0.0,0.8831168831168832,0.5909090909090909,0.0,0.0,0.0,0.0,0.0,0.7012987012987012,0.2954545454545454,0.0,0.0,0.0,0.0,0.0,0.0,0.0,0.0,0.0,0.0,0.3636363636363636,0.7224880382775121,0.0,0.0,0.0526315789473684,0.2558139534883721,0.0689655172413793
F0411,0.5740740740740741,0.6363636363636364,0.5454545454545454,0.6938775510204082,0.5107142857142857,0.2971428571428571,0.1607142857142857,0.0,0.0642857142857142,0.0,0.2938775510204081,0.0928571428571428,0.3642857142857142,0.1238095238095238,0.1619047619047618,0.0,0.0,0.0,0.0,0.0,0.4761904761904762,0.0,0.4,0.6075187969924811,0.0714285714285712,0.0888888888888886,0.0,0.8139534883720929,0.1724137931034483
F0412,0.0555555555555555,0.0909090909090909,0.1818181818181818,0.6938775510204082,0.2321428571428571,0.7428571428571427,0.0,0.0,0.3214285714285714,0.0,0.0,0.0,0.0,0.619047619047619,0.0,0.0,0.0,0.0,0.0,0.0,0.0,0.0,0.2857142857142856,0.5639097744360901,0.357142857142857,0.0,0.0,0.1627906976744186,0.1379310344827586
F0413,0.4444444444444444,0.6363636363636364,0.3636363636363636,0.3469387755102041,0.2321428571428571,0.4642857142857142,0.5357142857142857,0.375,0.0803571428571428,0.0714285714285714,0.183673469387755,0.1160714285714285,0.0,0.0,0.4047619047619047,0.0,0.0,0.0,0.0,0.0,0.2976190476190476,0.0,0.5,0.1278195488721802,0.4464285714285712,0.4444444444444443,0.0,0.5116279069767441,0.0
F0414,0.611111111111111,1.0,0.8181818181818182,0.6891891891891893,0.2635135135135135,0.281081081081081,0.2027027027027027,0.0945945945945946,0.0608108108108108,0.054054054054054,0.138996138996139,0.2635135135135135,0.4594594594594595,0.1171171171171171,0.1531531531531531,0.1351351351351351,0.0,0.1513513513513513,0.0,0.0,0.4504504504504505,0.0,0.6486486486486486,0.3812233285917497,0.0,0.252252252252252,0.0,0.3023255813953489,0.1724137931034483
F0415,0.5740740740740741,0.9090909090909092,0.8181818181818182,0.7285714285714286,0.2785714285714286,0.2971428571428571,0.2142857142857142,0.0,0.0642857142857142,0.0571428571428571,0.146938775510204,0.2785714285714286,0.4857142857142857,0.1238095238095238,0.1619047619047618,0.1428571428571428,0.0,0.1599999999999999,0.0,0.0,0.4761904761904762,0.0,0.6857142857142856,0.3458646616541352,0.0,0.2666666666666666,0.0,0.3488372093023256,0.1724137931034483
F0416,0.2407407407407407,0.2727272727272727,0.0909090909090909,0.5714285714285715,0.573529411764706,0.1529411764705882,0.2205882352941176,0.2058823529411764,0.1323529411764706,0.0,0.0,0.0,0.0,0.2549019607843137,0.0,0.0,0.0,0.0,0.0,0.0,0.0,0.0,0.3529411764705882,0.5510835913312695,0.0,0.3660130718954248,0.0,0.3953488372093023,0.0
F0417,0.3703703703703703,0.4545454545454546,0.1818181818181818,0.4047619047619047,0.203125,0.0,0.15625,0.2916666666666666,0.375,0.3333333333333333,0.5357142857142857,0.6770833333333334,0.3541666666666666,0.0,0.0,0.0,0.0,0.0,0.0,0.0,0.0,0.0,0.1666666666666666,0.682017543859649,0.1041666666666665,0.2592592592592592,0.0526315789473684,0.1162790697674418,0.1379310344827586
F0418,0.2777777777777778,0.5454545454545455,0.1818181818181818,0.4473684210526316,0.3421052631578947,0.5473684210526315,0.2960526315789473,0.5526315789473684,0.1184210526315789,0.1052631578947368,0.2706766917293233,0.1710526315789473,0.0,0.0,0.0,0.0,0.0,0.0,0.0,0.0,0.4385964912280702,0.0,0.5263157894736842,0.3573407202216067,0.0,0.4912280701754384,0.0,0.3488372093023256,0.0
F0419,0.2592592592592592,0.4545454545454546,0.6363636363636364,0.6071428571428572,0.2708333333333333,0.4333333333333332,0.2083333333333333,0.0,0.0,0.1111111111111111,0.0,0.0,0.4722222222222222,0.0,0.6296296296296295,0.0,0.0,0.311111111111111,0.0,0.0,0.0,0.0,0.7777777777777778,0.1520467836257308,0.2777777777777778,0.1728395061728393,0.0,0.2093023255813953,0.0344827586206896
F0420,0.4814814814814815,0.6363636363636364,0.2727272727272727,0.4857142857142857,0.325,0.2599999999999999,0.25,0.2333333333333333,0.15,0.1333333333333333,0.2571428571428571,0.1083333333333333,0.1416666666666666,0.1444444444444444,0.0,0.0,0.0,0.0,0.0,0.0,0.0,0.2666666666666664,0.3333333333333332,0.5929824561403507,0.0,0.2074074074074072,0.0526315789473684,0.0,0.1034482758620689
F0421,0.2407407407407407,0.2727272727272727,0.0909090909090909,0.3571428571428572,0.4779411764705882,0.1529411764705882,0.0,0.0,0.0,0.1176470588235294,0.1512605042016806,0.0,0.0,0.5098039215686274,0.0,0.0,0.0,0.0,0.0,0.0,0.0,0.0,0.2352941176470588,0.5510835913312695,0.0,0.5490196078431373,0.0,0.2790697674418604,0.0689655172413793
F0422,0.3518518518518518,0.7272727272727272,0.0909090909090909,0.5807453416149069,0.6358695652173914,0.2260869565217391,0.0815217391304347,0.3043478260869565,0.0978260869565217,0.0869565217391304,0.1118012422360248,0.1413043478260869,0.1847826086956521,0.3768115942028985,0.0,0.0,0.0,0.0,0.0,0.0,0.0,0.0,0.1739130434782608,0.8009153318077802,0.0,0.1352657004830917,0.0,0.3255813953488372,0.0344827586206896
F0423,0.2407407407407407,0.0,0.0909090909090909,0.5714285714285715,0.573529411764706,0.3058823529411764,0.3308823529411765,0.0,0.0,0.0,0.0,0.0,0.0,0.0,0.0,0.0,0.0,0.0,0.0,0.0,0.0,0.0,0.1176470588235294,0.7306501547987616,0.1470588235294117,0.1830065359477124,0.0,0.3953488372093023,0.0689655172413793
F0424,0.1666666666666666,0.0909090909090909,0.2727272727272727,0.2802197802197803,0.625,1.0,0.0,0.5384615384615385,0.173076923076923,0.0,0.0,0.0,0.0,0.0,0.0,0.0,0.0,0.0,0.0,0.0,0.0,0.0,0.3076923076923076,0.5303643724696356,0.0,0.4786324786324785,0.0526315789473684,0.3023255813953489,0.0
F0425,0.2777777777777778,0.4545454545454546,0.1818181818181818,0.5112781954887218,0.5986842105263157,0.2736842105263157,0.0,0.1842105263157894,0.2368421052631578,0.0,0.6766917293233081,0.1710526315789473,0.0,0.2280701754385964,0.2982456140350876,0.0,0.0,0.0,0.0,0.0,0.0,0.0,0.2105263157894736,0.8393351800554016,0.0,0.0,0.0,0.4418604651162791,0.0344827586206896
F0426,0.3518518518518518,0.3636363636363636,0.2727272727272727,0.5807453416149069,0.5652173913043478,0.3391304347826086,0.1630434782608695,0.1521739130434782,0.0,0.0,0.1118012422360248,0.1413043478260869,0.1847826086956521,0.0,0.0,0.0,0.0,0.0,0.0,0.0,0.0,0.0,0.434782608695652,0.5354691075514875,0.0,0.2705314009661835,0.0526315789473684,0.5348837209302325,0.0
F0427,0.0,0.0,0.0909090909090909,0.6071428571428572,0.40625,0.6499999999999999,0.0,0.875,0.0,0.0,0.0,0.0,0.0,0.0,0.0,0.0,0.0,0.0,0.0,0.0,0.0,0.0,0.5,0.618421052631579,0.0,0.0,0.0,0.0930232558139534,0.0
F0428,0.3333333333333333,0.4545454545454546,0.0,0.6623376623376623,0.3693181818181818,0.1181818181818181,0.1704545454545454,0.1590909090909091,0.1022727272727272,0.0,0.2337662337662337,0.0,0.0,0.1969696969696969,0.0,0.0,0.0,0.0,0.0,0.0,0.0,0.0,0.4545454545454544,0.5143540669856459,0.0,0.2828282828282828,0.0,0.5116279069767441,0.0689655172413793
F0429,0.5185185185185185,0.7272727272727272,0.1818181818181818,0.4553571428571429,0.25390625,0.1624999999999999,0.234375,0.109375,0.2109375,0.0625,0.1607142857142857,0.1015625,0.0,0.1354166666666666,0.0,0.0,0.0,0.0,0.0,0.0,0.2604166666666667,0.0,0.375,0.3799342105263157,0.078125,0.5833333333333335,0.0,0.3720930232558139,0.1034482758620689
F0430,0.2407407407407407,0.5454545454545455,0.3636363636363636,0.9285714285714286,0.4779411764705882,0.1529411764705882,0.3308823529411765,0.0,0.0,0.0,0.453781512605042,0.1911764705882352,1.0,0.0,0.0,0.2941176470588235,0.0,0.3294117647058823,0.0,0.0,0.0,0.0,0.4705882352941176,0.6408668730650153,0.0,0.0,0.0,0.3953488372093023,0.1034482758620689
F0431,0.537037037037037,0.8181818181818182,0.4545454545454546,0.4047619047619047,0.4924242424242424,0.1575757575757575,0.2272727272727273,0.2121212121212121,0.2045454545454545,0.1212121212121212,0.1558441558441558,0.1969696969696969,0.1287878787878787,0.1313131313131313,0.3434343434343434,0.0,0.0,0.1696969696969696,0.0,0.0,0.0,0.0,0.303030303030303,0.5374800637958532,0.1515151515151515,0.2828282828282828,0.0,0.1627906976744186,0.0344827586206896
F0432,0.5,0.7272727272727272,0.4545454545454546,0.391705069124424,0.4193548387096774,0.3354838709677419,0.3024193548387097,0.2258064516129032,0.2903225806451612,0.2580645161290322,0.1658986175115207,0.0,0.2741935483870967,0.1397849462365591,0.0,0.1612903225806451,0.1720430107526881,0.0,0.0,0.0,0.0,0.0,0.3225806451612902,0.5076400679117146,0.2419354838709677,0.200716845878136,0.0526315789473684,0.3720930232558139,0.0344827586206896
F0433,0.4629629629629629,0.5454545454545455,0.0909090909090909,0.2931034482758621,0.6163793103448275,0.1793103448275861,0.4525862068965517,0.2413793103448275,0.3879310344827587,0.0689655172413793,0.0,0.1120689655172413,0.0,0.1494252873563218,0.0,0.1724137931034483,0.0,0.0,0.0,0.0,0.0,0.0,0.0689655172413792,0.5263157894736843,0.5172413793103448,0.21455938697318,0.0,0.2790697674418604,0.0344827586206896
F0434,0.3333333333333333,0.6363636363636364,0.2727272727272727,0.4967532467532468,0.4431818181818181,0.1181818181818181,0.3409090909090909,0.3181818181818182,0.4090909090909091,0.3636363636363636,0.2337662337662337,0.1477272727272727,0.3863636363636363,0.1969696969696969,0.0,0.0,0.0,0.0,0.0,0.0,0.0,0.0,0.1818181818181818,0.5837320574162679,0.1136363636363635,0.4242424242424241,0.0526315789473684,0.2325581395348837,0.1724137931034483
F0435,0.3148148148148147,0.4545454545454546,0.1818181818181818,0.4625850340136054,0.6190476190476191,0.0,0.4464285714285714,0.1666666666666666,0.5357142857142857,0.1904761904761904,0.0,0.0,0.2023809523809523,0.2063492063492063,0.0,0.238095238095238,0.0,0.0,0.0,0.0,0.0,0.0,0.476190476190476,0.3458646616541352,0.357142857142857,0.1481481481481481,0.0,0.2790697674418604,0.0689655172413793
F0436,0.5185185185185185,0.9090909090909092,0.4545454545454546,0.3794642857142857,0.35546875,0.2437499999999999,0.17578125,0.4375,0.140625,0.3125,0.0803571428571428,0.1015625,0.1328125,0.1354166666666666,0.0,0.0,0.1666666666666666,0.175,0.0,0.375,0.0,0.25,0.3125,0.475328947368421,0.234375,0.1944444444444444,0.0,0.2093023255813953,0.0689655172413793
F0437,0.2407407407407407,0.3636363636363636,0.0909090909090909,0.3571428571428572,0.4779411764705882,0.4588235294117647,0.0,0.2058823529411764,0.1323529411764706,0.0,0.3025210084033613,0.0,0.0,0.5098039215686274,0.0,0.0,0.3137254901960784,0.0,0.0,0.0,0.0,0.0,0.2352941176470588,0.6408668730650153,0.1470588235294117,0.1830065359477124,0.0,0.3953488372093023,0.0344827586206896
F0438,0.2962962962962963,0.3636363636363636,0.3636363636363636,0.6071428571428572,0.40625,0.3899999999999999,0.09375,0.525,0.0,0.3,0.0,0.1625,0.425,0.0,0.0,0.0,0.0,0.0,0.0,0.0,0.0,0.0,0.5,0.5421052631578946,0.125,0.0,0.0,0.3488372093023256,0.1034482758620689
F0439,0.4814814814814815,0.8181818181818182,0.7272727272727273,0.4857142857142857,0.2708333333333333,0.2599999999999999,0.1875,0.1166666666666666,0.0,0.0666666666666666,0.0857142857142857,0.1083333333333333,0.0,0.1444444444444444,0.5666666666666667,0.0,0.1777777777777777,0.1866666666666666,0.0,0.0,0.0,0.0,0.2666666666666666,0.5929824561403507,0.0833333333333332,0.3111111111111111,0.0526315789473684,0.3255813953488372,0.0
F0440,0.537037037037037,0.7272727272727272,0.4545454545454546,0.5887445887445888,0.5416666666666666,0.3151515151515151,0.1136363636363636,0.106060606060606,0.0681818181818181,0.1818181818181818,0.0,0.0,0.1287878787878787,0.3939393939393939,0.1717171717171717,0.1515151515151515,0.0,0.0,0.0,0.0,0.0,0.0,0.606060606060606,0.3987240829346092,0.0,0.2828282828282828,0.0,0.5116279069767441,0.1034482758620689
F0441,0.4629629629629629,0.5454545454545455,0.1818181818181818,0.4605911330049261,0.560344827586207,0.089655172413793,0.5172413793103449,0.0,0.0775862068965517,0.1379310344827586,0.2660098522167487,0.0,0.0,0.1494252873563218,0.1954022988505747,0.1724137931034483,0.0,0.0,0.0,0.0,0.0,0.0,0.2758620689655172,0.4736842105263157,0.3448275862068964,0.21455938697318,0.0,0.4651162790697674,0.2068965517241379
F0442,0.1666666666666666,0.3636363636363636,0.0909090909090909,0.4670329670329671,0.75,0.3999999999999999,0.2884615384615385,0.5384615384615385,0.5192307692307693,0.1538461538461538,0.0,0.0,0.0,0.3333333333333333,0.0,0.0,0.0,0.0,0.0,0.0,0.0,0.0,0.0,0.8825910931174092,0.1923076923076922,0.0,0.0,0.1860465116279069,0.0344827586206896
F0443,0.2037037037037037,0.5454545454545455,0.0909090909090909,0.5666666666666668,0.5416666666666666,0.1733333333333333,0.0,0.2333333333333333,0.15,0.1333333333333333,0.1714285714285714,0.0,0.2833333333333333,0.5777777777777777,0.0,0.0,0.0,0.0,0.0,0.0,0.0,0.0,0.2666666666666666,0.6947368421052633,0.0,0.2074074074074072,0.0,0.3023255813953489,0.0344827586206896
F0444,0.0925925925925925,0.0909090909090909,0.0,0.5396825396825398,0.7222222222222222,0.0,0.0,0.0,0.0,0.0,0.2857142857142856,0.0,0.0,0.4814814814814814,0.0,0.0,0.0,0.0,0.0,0.0,0.0,0.0,0.2222222222222222,0.830409356725146,0.0,0.0,0.0,0.2093023255813953,0.0344827586206896
F0445,0.5925925925925926,0.9090909090909092,0.6363636363636364,0.3710317460317461,0.40625,0.3611111111111111,0.5729166666666667,0.0972222222222222,0.125,0.2777777777777778,0.0,0.0902777777777777,0.1180555555555555,0.1203703703703703,0.4722222222222221,0.2777777777777778,0.1481481481481481,0.0,0.0,0.0,0.2314814814814814,0.2222222222222216,0.3888888888888888,0.1944444444444444,0.5555555555555556,0.2592592592592592,0.0526315789473684,0.5116279069767441,0.0
F0446,0.2592592592592592,0.6363636363636364,0.4545454545454546,0.3373015873015873,0.5416666666666666,0.5777777777777776,0.5208333333333334,0.1944444444444444,0.125,0.2222222222222222,0.0,0.1805555555555555,0.0,0.2407407407407407,0.6296296296296295,0.5555555555555556,0.0,0.0,0.0,0.0,0.0,0.0,0.5555555555555556,0.4064327485380117,0.2777777777777778,0.0,0.0526315789473684,0.3720930232558139,0.0
F0447,0.4444444444444444,0.5454545454545455,0.0909090909090909,0.3035714285714286,0.6383928571428571,0.1857142857142856,0.46875,0.25,0.4017857142857143,0.0714285714285714,0.0,0.1160714285714285,0.0,0.1547619047619047,0.0,0.1785714285714285,0.0,0.0,0.0,0.0,0.0,0.0,0.0714285714285714,0.5093984962406015,0.5357142857142855,0.2222222222222221,0.0,0.2790697674418604,0.0344827586206896
F0448,0.2592592592592592,0.3636363636363636,0.0909090909090909,0.3373015873015873,0.5416666666666666,0.1444444444444444,0.3125,0.5833333333333333,0.125,0.1111111111111111,0.0,0.1805555555555555,0.0,0.0,0.0,0.0,0.0,0.0,0.0,0.0,0.0,0.0,0.111111111111111,0.5760233918128654,0.4166666666666665,0.1728395061728393,0.0,0.2790697674418604,0.0689655172413793
F0449,0.2777777777777778,0.4545454545454546,0.0,0.3834586466165414,0.5986842105263157,0.0,0.5921052631578947,0.3684210526315789,0.4736842105263157,0.2105263157894736,0.0,0.1710526315789473,0.0,0.2280701754385964,0.0,0.2631578947368421,0.0,0.0,0.0,0.0,0.0,0.0,0.0,0.5180055401662049,0.526315789473684,0.327485380116959,0.0,0.2558139534883721,0.1379310344827586
F0450,0.4259259259259259,0.6363636363636364,0.3636363636363636,0.3597883597883598,0.5416666666666666,0.3851851851851851,0.5555555555555556,0.2592592592592592,0.25,0.2222222222222222,0.0,0.1203703703703703,0.0,0.1604938271604938,0.419753086419753,0.3703703703703703,0.0,0.0,0.0,0.0,0.0,0.0,0.3703703703703702,0.3781676413255359,0.4629629629629627,0.1152263374485595,0.0526315789473684,0.4418604651162791,0.0
F0451,0.4259259259259259,0.5454545454545455,0.2727272727272727,0.4047619047619047,0.2407407407407407,0.1925925925925925,0.4861111111111111,0.3888888888888888,0.3333333333333333,0.1481481481481481,0.0,0.0,0.0,0.1604938271604938,0.2098765432098765,0.1851851851851851,0.0,0.0,0.0,0.0,0.0,0.0,0.148148148148148,0.4346978557504873,0.4629629629629627,0.345679012345679,0.0,0.2093023255813953,0.3448275862068965
F0452,0.4259259259259259,0.4545454545454546,0.2727272727272727,0.4047619047619047,0.5416666666666666,0.2888888888888888,0.1388888888888889,0.5185185185185185,0.0,0.2222222222222222,0.0,0.1203703703703703,0.1574074074074073,0.1604938271604938,0.0,0.0,0.0,0.0,0.0,0.0,0.0,0.0,0.2962962962962962,0.604288499025341,0.0925925925925925,0.2304526748971191,0.0,0.4418604651162791,0.1034482758620689
F0453,0.3518518518518518,0.4545454545454546,0.0909090909090909,0.5279503105590062,0.8478260869565217,0.2260869565217391,0.2445652173913043,0.3043478260869565,0.1956521739130434,0.0869565217391304,0.0,0.0,0.0,0.5652173913043478,0.0,0.0,0.0,0.0,0.0,0.0,0.0,0.0,0.1739130434782608,0.8009153318077802,0.108695652173913,0.0,0.0,0.4186046511627907,0.0689655172413793
F0454,0.5925925925925926,0.6363636363636364,0.3636363636363636,0.4722222222222222,0.3611111111111111,0.2888888888888888,0.5729166666666667,0.1944444444444444,0.125,0.1666666666666666,0.0714285714285714,0.0,0.1180555555555555,0.0,0.1574074074074073,0.1388888888888889,0.0,0.0,0.0,0.0,0.0,0.0,0.5,0.1944444444444444,0.5555555555555556,0.1728395061728393,0.0,0.5813953488372092,0.1724137931034483
F0455,0.6296296296296297,1.0,0.8181818181818182,0.3834586466165414,0.3421052631578947,0.3421052631578947,0.4934210526315789,0.0921052631578947,0.1184210526315789,0.2631578947368421,0.0,0.0855263157894736,0.1118421052631578,0.1140350877192982,0.4473684210526315,0.2631578947368421,0.1403508771929824,0.0,0.0,0.0,0.2192982456140351,0.2105263157894736,0.3684210526315788,0.2368421052631578,0.526315789473684,0.2456140350877192,0.0526315789473684,0.5581395348837209,0.0
F0456,0.3148148148148147,0.5454545454545455,0.0909090909090909,0.2891156462585034,0.6964285714285714,0.1238095238095237,0.4464285714285714,0.5,0.4285714285714285,0.0952380952380952,0.0,0.1547619047619047,0.0,0.2063492063492063,0.0,0.238095238095238,0.0,0.0,0.0,0.0,0.0,0.0,0.0952380952380952,0.5639097744360901,0.476190476190476,0.1481481481481481,0.0,0.2558139534883721,0.1034482758620689
F0457,0.4814814814814815,0.7272727272727272,0.3636363636363636,0.6476190476190476,0.4875,0.3466666666666666,0.1875,0.1166666666666666,0.075,0.2,0.0,0.0,0.1416666666666666,0.2888888888888888,0.1888888888888888,0.1666666666666666,0.0,0.0,0.0,0.0,0.0,0.0,0.6666666666666666,0.3894736842105262,0.0833333333333332,0.1037037037037036,0.0,0.4883720930232558,0.1034482758620689
F0458,0.3888888888888888,0.6363636363636364,0.4545454545454546,0.1457142857142857,0.195,0.3119999999999999,0.075,0.42,0.27,0.56,0.3085714285714285,0.39,0.68,0.0,0.0,0.0,0.2133333333333333,0.0,0.0,0.0,0.0,0.32,0.32,0.5726315789473684,0.1,0.1244444444444444,0.2105263157894736,0.0465116279069767,0.0344827586206896
F0459,0.4259259259259259,0.4545454545454546,0.2727272727272727,0.4047619047619047,0.5416666666666666,0.2888888888888888,0.1388888888888889,0.5185185185185185,0.0,0.2222222222222222,0.0,0.1203703703703703,0.1574074074074073,0.1604938271604938,0.0,0.0,0.0,0.0,0.0,0.0,0.0,0.0,0.2962962962962962,0.604288499025341,0.0925925925925925,0.2304526748971191,0.0,0.4418604651162791,0.1034482758620689
F0460,0.3888888888888888,0.8181818181818182,0.5454545454545454,0.3885714285714286,0.325,0.5199999999999999,0.6,0.14,0.18,0.08,0.0,0.13,0.0,0.0,0.2266666666666666,0.2,0.2133333333333333,0.0,0.0,0.0,0.3333333333333333,0.32,0.32,0.3284210526315789,0.5,0.1244444444444444,0.0526315789473684,0.5116279069767441,0.0
F0461,0.4444444444444444,0.5454545454545455,0.3636363636363636,0.3903061224489796,0.2321428571428571,0.1857142857142856,0.46875,0.375,0.3214285714285714,0.2142857142857142,0.0,0.0,0.0,0.1547619047619047,0.4047619047619047,0.1785714285714285,0.0,0.0,0.0,0.0,0.0,0.0,0.2142857142857142,0.4003759398496239,0.4464285714285712,0.3333333333333332,0.0,0.2093023255813953,0.3448275862068965
F0462,0.3518518518518518,0.5454545454545455,0.1818181818181818,0.422360248447205,0.4945652173913044,0.3391304347826086,0.2445652173913043,0.3043478260869565,0.0978260869565217,0.2608695652173913,0.0,0.1413043478260869,0.0,0.1884057971014492,0.0,0.0,0.0,0.0,0.0,0.0,0.0,0.0,0.1739130434782608,0.6681922196796339,0.3260869565217389,0.0,0.0,0.2790697674418604,0.1034482758620689
F0463,0.5185185185185185,0.9090909090909092,0.3636363636363636,0.3415178571428572,0.40625,0.1624999999999999,0.234375,0.21875,0.28125,0.25,0.1607142857142857,0.203125,0.1328125,0.1354166666666666,0.0,0.0,0.1666666666666666,0.175,0.0,0.375,0.0,0.25,0.25,0.5230263157894737,0.15625,0.2916666666666667,0.0,0.3488372093023256,0.0344827586206896
F0464,0.2222222222222222,0.3636363636363636,0.1818181818181818,0.4553571428571429,0.40625,0.3249999999999999,0.8203125,0.0,0.140625,0.0,0.1607142857142857,0.0,0.0,0.0,0.0,0.3125,0.0,0.35,0.0,0.0,0.0,0.0,0.25,0.3322368421052631,0.625,0.1944444444444444,0.0,0.3720930232558139,0.0689655172413793
F0465,0.8703703703703703,0.6363636363636364,0.7272727272727273,0.2380952380952381,0.2549019607843137,0.4078431372549019,0.3308823529411765,0.2058823529411764,0.1323529411764706,0.1568627450980392,0.0,0.1274509803921568,0.0,0.0849673202614379,0.5555555555555555,0.2941176470588235,0.0,0.0,0.0,0.0,0.0,0.0,0.392156862745098,0.1919504643962847,0.196078431372549,0.7930283224400873,0.0,0.7209302325581395,0.0
F0466,0.5925925925925926,0.9090909090909092,0.5454545454545454,0.4384920634920635,0.2708333333333333,0.2166666666666666,0.2083333333333333,0.1944444444444444,0.3125,0.2777777777777778,0.2857142857142856,0.1805555555555555,0.1180555555555555,0.0,0.0,0.1388888888888889,0.1481481481481481,0.311111111111111,0.0,0.3333333333333333,0.0,0.2222222222222216,0.4444444444444444,0.4064327485380117,0.2083333333333332,0.1728395061728393,0.0,0.2790697674418604,0.0
F0467,0.4074074074074074,0.4545454545454546,0.4545454545454546,0.7472527472527474,0.3125,0.4999999999999999,0.1442307692307692,0.2692307692307693,0.0,0.0769230769230769,0.0,0.125,0.0,0.0,0.2179487179487179,0.1923076923076923,0.0,0.0,0.0,0.0,0.0,0.0,0.6923076923076922,0.3542510121457488,0.0,0.2393162393162392,0.0,0.5813953488372092,0.0
F0468,0.7592592592592592,0.7272727272727272,0.7272727272727273,0.2698412698412699,0.2166666666666666,0.4044444444444444,0.2083333333333333,0.2333333333333333,0.05,0.0888888888888888,0.0,0.1444444444444444,0.0944444444444444,0.0962962962962963,0.3777777777777777,0.1111111111111111,0.0,0.0,0.0,0.0,0.0,0.1777777777777776,0.311111111111111,0.2198830409356724,0.111111111111111,0.8987654320987654,0.0,0.8372093023255813,0.0
F0469,0.0925925925925925,0.0909090909090909,0.0,0.6746031746031746,0.3611111111111111,0.2888888888888888,0.0,0.3888888888888888,0.0,0.0,0.0,0.3611111111111111,0.0,0.0,0.0,0.0,0.0,0.0,0.0,0.0,0.0,0.0,0.0,0.6608187134502923,0.0,0.6913580246913581,0.0,0.2093023255813953,0.0344827586206896
F0470,0.6296296296296297,0.9090909090909092,0.6363636363636364,0.4473684210526316,0.2993421052631578,0.2736842105263157,0.2467105263157894,0.1842105263157894,0.2960526315789473,0.2631578947368421,0.2706766917293233,0.1710526315789473,0.1118421052631578,0.0,0.0,0.2631578947368421,0.1403508771929824,0.2947368421052631,0.0,0.3157894736842105,0.0,0.2105263157894736,0.4210526315789472,0.3975069252077562,0.263157894736842,0.1637426900584795,0.0,0.2790697674418604,0.0
F0471,0.2777777777777778,0.5454545454545455,0.0909090909090909,0.5112781954887218,0.5986842105263157,0.1368421052631578,0.2960526315789473,0.1842105263157894,0.0,0.2105263157894736,0.2706766917293233,0.1710526315789473,0.2236842105263157,0.4561403508771929,0.0,0.0,0.0,0.0,0.0,0.0,0.0,0.0,0.1052631578947368,0.8393351800554016,0.131578947368421,0.0,0.0,0.0930232558139534,0.0689655172413793
F0472,0.2777777777777778,0.7272727272727272,0.2727272727272727,0.7030075187969926,0.513157894736842,0.1368421052631578,0.0986842105263157,0.1842105263157894,0.1184210526315789,0.1052631578947368,0.4060150375939849,0.3421052631578947,0.0,0.0,0.0,0.0,0.2807017543859649,0.2947368421052631,0.0,0.631578947368421,0.0,0.4210526315789472,0.4210526315789472,0.598337950138504,0.0,0.0,0.0,0.3720930232558139,0.0689655172413793
F0473,0.2407407407407407,0.3636363636363636,0.3636363636363636,0.7142857142857144,0.286764705882353,0.4588235294117647,0.2205882352941176,0.2058823529411764,0.2647058823529412,0.2352941176470588,0.0,0.0,0.0,0.0,0.0,0.0,0.0,0.0,0.0,0.0,0.0,0.0,0.9411764705882352,0.1919504643962847,0.0,0.1830065359477124,0.0,0.1395348837209302,0.0344827586206896
F0474,0.3518518518518518,0.4545454545454546,0.2727272727272727,0.5279503105590062,0.6358695652173914,0.3391304347826086,0.0,0.1521739130434782,0.1956521739130434,0.0869565217391304,0.1118012422360248,0.1413043478260869,0.0,0.1884057971014492,0.0,0.0,0.0,0.0,0.0,0.0,0.0,0.0,0.2608695652173912,0.6681922196796339,0.0,0.2705314009661835,0.0,0.4186046511627907,0.1034482758620689
F0475,0.5740740740740741,1.0,0.2727272727272727,0.5204081632653061,0.4178571428571428,0.0742857142857142,0.0535714285714285,0.0999999999999999,0.0642857142857142,0.0571428571428571,0.3673469387755101,0.1857142857142857,0.0,0.2476190476190476,0.1619047619047618,0.0,0.1523809523809523,0.1599999999999999,0.0,0.3428571428571428,0.0,0.228571428571428,0.2857142857142856,0.6075187969924811,0.0714285714285712,0.1777777777777776,0.0,0.7906976744186046,0.0689655172413793
F0476,0.5185185185185185,0.5454545454545455,0.2727272727272727,0.3794642857142857,0.35546875,0.0812499999999999,0.17578125,0.21875,0.421875,0.375,0.4821428571428571,0.40625,0.265625,0.0,0.0,0.0,0.0,0.0,0.0,0.0,0.0,0.0,0.125,0.7615131578947367,0.0,0.2916666666666667,0.1052631578947368,0.1162790697674418,0.2068965517241379
F0477,0.2592592592592592,0.3636363636363636,0.0909090909090909,0.5396825396825398,0.3611111111111111,0.4333333333333332,0.4166666666666666,0.3888888888888888,0.125,0.0,0.0,0.1805555555555555,0.0,0.2407407407407407,0.0,0.0,0.0,0.0,0.0,0.0,0.0,0.0,0.4444444444444444,0.3216374269005848,0.5555555555555556,0.0,0.0,0.4186046511627907,0.0344827586206896
F0478,0.1481481481481481,0.3636363636363636,0.0,0.4047619047619047,0.5416666666666666,0.2166666666666666,0.15625,0.2916666666666666,0.5625,0.0,0.0,0.0,0.0,0.361111111111111,0.0,0.4166666666666666,0.0,0.0,0.0,0.0,0.0,0.0,0.0,0.7456140350877194,0.2083333333333332,0.2592592592592592,0.0,0.2790697674418604,0.1034482758620689
F0479,0.3518518518518518,0.5454545454545455,0.0909090909090909,0.6335403726708075,0.4239130434782608,0.1130434782608695,0.2445652173913043,0.0,0.2934782608695652,0.0,0.2236024844720496,0.0,0.0,0.1884057971014492,0.2463768115942028,0.0,0.2318840579710144,0.0,0.0,0.0,0.0,0.0,0.1739130434782608,0.6018306636155606,0.217391304347826,0.2705314009661835,0.0,0.5348837209302325,0.1034482758620689
F0480,0.1666666666666666,0.2727272727272727,0.2727272727272727,0.3736263736263737,0.75,0.3999999999999999,0.0,0.2692307692307693,0.0,0.0,0.0,0.0,0.3269230769230769,0.3333333333333333,0.4358974358974359,0.0,0.0,0.0,0.0,0.0,0.0,0.0,0.3076923076923076,0.7651821862348178,0.0,0.0,0.0,0.3023255813953489,0.0
F0481,0.3518518518518518,0.9090909090909092,0.3636363636363636,0.422360248447205,0.5652173913043478,0.2260869565217391,0.0815217391304347,0.1521739130434782,0.0978260869565217,0.1739130434782608,0.2236024844720496,0.2826086956521739,0.1847826086956521,0.1884057971014492,0.0,0.0,0.2318840579710144,0.2434782608695652,0.0,0.5217391304347826,0.0,0.3478260869565216,0.2608695652173912,0.6681922196796339,0.0,0.1352657004830917,0.0526315789473684,0.3953488372093023,0.0
F0482,0.1851851851851851,0.3636363636363636,0.1818181818181818,0.5204081632653061,0.6964285714285714,0.3714285714285713,0.0,0.0,0.3214285714285714,0.1428571428571428,0.183673469387755,0.0,0.0,0.3095238095238095,0.0,0.0,0.0,0.0,0.0,0.0,0.0,0.0,0.2857142857142856,0.6729323308270676,0.0,0.2222222222222221,0.0,0.3023255813953489,0.1034482758620689
F0483,0.7037037037037036,0.7272727272727272,0.7272727272727273,0.2891156462585034,0.2321428571428571,0.4333333333333332,0.2678571428571428,0.3333333333333333,0.1071428571428571,0.0952380952380952,0.0,0.0773809523809523,0.1011904761904761,0.1031746031746031,0.4047619047619047,0.3571428571428571,0.0,0.0,0.0,0.0,0.0,0.1904761904761904,0.3809523809523808,0.2005012531328319,0.238095238095238,0.6666666666666665,0.0,0.7441860465116279,0.0
F0484,0.7407407407407407,0.7272727272727272,0.8181818181818182,0.3311688311688311,0.1846590909090909,0.4136363636363636,0.2556818181818182,0.3977272727272727,0.1022727272727272,0.1363636363636363,0.0,0.0738636363636363,0.096590909090909,0.0984848484848484,0.5151515151515151,0.1136363636363636,0.0,0.0,0.0,0.0,0.0,0.1818181818181816,0.4545454545454544,0.2021531100478468,0.1704545454545452,0.6363636363636364,0.0,0.7209302325581395,0.0
F0485,0.3333333333333333,0.2727272727272727,0.3636363636363636,0.551948051948052,0.3693181818181818,0.709090909090909,0.0,0.3181818181818182,0.1022727272727272,0.0,0.2337662337662337,0.2954545454545454,0.0,0.0,0.0,0.0,0.0,0.0,0.0,0.0,0.0,0.0,0.4545454545454544,0.4449760765550239,0.1136363636363635,0.2828282828282828,0.0,0.5116279069767441,0.0689655172413793
F0486,0.2962962962962963,0.2727272727272727,0.3636363636363636,0.6678571428571429,0.4875,0.7799999999999999,0.1875,0.175,0.1125,0.0,0.1285714285714285,0.0,0.0,0.0,0.0,0.0,0.0,0.0,0.0,0.0,0.0,0.0,0.5,0.4657894736842105,0.125,0.1555555555555555,0.0,0.4651162790697674,0.0344827586206896
F0487,0.4814814814814815,0.4545454545454546,0.2727272727272727,0.3238095238095238,0.1083333333333333,0.1733333333333333,0.6875,0.35,0.15,0.0,0.0857142857142857,0.1083333333333333,0.1416666666666666,0.0,0.0,0.0,0.0,0.0,0.0,0.0,0.0,0.0,0.1333333333333332,0.3385964912280701,0.6666666666666665,0.3111111111111111,1.0,0.6976744186046511,0.6551724137931035
F0488,0.4444444444444444,0.5454545454545455,0.5454545454545454,0.3469387755102041,0.2901785714285714,0.0928571428571428,0.3348214285714286,0.125,0.1607142857142857,0.2857142857142857,0.183673469387755,0.1160714285714285,0.0,0.0,0.0,0.0,0.0,1.0,0.0,0.0,0.0,0.0,0.4285714285714284,0.4548872180451128,0.0892857142857142,0.3333333333333332,0.0,0.2093023255813953,0.0
F0489,0.2037037037037037,0.2727272727272727,0.0909090909090909,0.6476190476190476,0.5416666666666666,0.3466666666666666,0.125,0.0,0.15,0.0,0.5142857142857142,0.0,0.0,0.0,0.0,0.0,0.3555555555555555,0.0,0.0,0.0,0.0,0.0,0.2666666666666666,0.6947368421052633,0.1666666666666665,0.0,0.0,0.3488372093023256,0.0344827586206896
F0490,0.2777777777777778,0.2727272727272727,0.3636363636363636,0.6390977443609023,0.3421052631578947,0.6842105263157894,0.0986842105263157,0.5526315789473684,0.1184210526315789,0.0,0.0,0.1710526315789473,0.0,0.0,0.0,0.0,0.0,0.0,0.0,0.0,0.0,0.0,0.5263157894736842,0.5180055401662049,0.0,0.1637426900584795,0.0,0.4418604651162791,0.0344827586206896
F0491,0.1111111111111111,0.2727272727272727,0.0,0.7285714285714286,0.4875,0.2599999999999999,0.0,0.35,0.225,0.0,0.2571428571428571,0.0,0.0,0.4333333333333333,0.0,0.0,0.0,0.0,0.0,0.0,0.0,0.0,0.0,0.8473684210526315,0.0,0.3111111111111111,0.0,0.2325581395348837,0.0344827586206896
F0492,0.537037037037037,0.8181818181818182,0.3636363636363636,0.367965367965368,0.3939393939393939,0.1575757575757575,0.3409090909090909,0.5303030303030303,0.2045454545454545,0.1818181818181818,0.1558441558441558,0.1969696969696969,0.1287878787878787,0.1313131313131313,0.1717171717171717,0.1515151515151515,0.0,0.0,0.0,0.0,0.0,0.2424242424242424,0.2424242424242424,0.5374800637958532,0.303030303030303,0.0942760942760942,0.0526315789473684,0.1395348837209302,0.0
F0493,0.2962962962962963,0.6363636363636364,0.0909090909090909,0.6071428571428572,0.56875,0.0,0.28125,0.175,0.225,0.4,0.2571428571428571,0.1625,0.2125,0.2166666666666666,0.0,0.25,0.0,0.0,0.0,0.0,0.0,0.4,0.0,0.7710526315789472,0.125,0.1555555555555555,0.1578947368421052,0.1627906976744186,0.0344827586206896
F0494,0.2962962962962963,0.4545454545454546,0.2727272727272727,0.4857142857142857,0.325,0.2599999999999999,0.09375,0.7000000000000001,0.225,0.0,0.1285714285714285,0.1625,0.2125,0.0,0.0,0.0,0.0,0.0,0.0,0.0,0.0,0.0,0.2,0.6947368421052633,0.0,0.3111111111111111,0.0526315789473684,0.4651162790697674,0.0
F0495,0.2962962962962963,0.3636363636363636,0.0909090909090909,0.3642857142857143,0.56875,0.2599999999999999,0.1875,0.7000000000000001,0.1125,0.0,0.1285714285714285,0.1625,0.0,0.0,0.0,0.0,0.0,0.0,0.0,0.0,0.0,0.0,0.0,0.8473684210526315,0.125,0.1555555555555555,0.0,0.4651162790697674,0.0344827586206896
F0496,0.3148148148148147,0.3636363636363636,0.1818181818181818,0.4625850340136054,0.6190476190476191,0.1238095238095237,0.3571428571428571,0.1666666666666666,0.1071428571428571,0.0,0.3673469387755101,0.0,0.0,0.0,0.2698412698412697,0.0,0.0,0.0,0.0,0.0,0.0,0.0,0.1904761904761904,0.7819548872180451,0.0,0.1481481481481481,0.0526315789473684,0.4883720930232558,0.1034482758620689
F0497,0.1851851851851851,0.3636363636363636,0.1818181818181818,0.6071428571428572,0.3482142857142857,0.3714285714285713,0.1339285714285714,0.5,0.1607142857142857,0.0,0.183673469387755,0.2321428571428571,0.0,0.0,0.0,0.0,0.0,0.0,0.0,0.0,0.0,0.0,0.1428571428571428,0.6729323308270676,0.0,0.4444444444444443,0.0,0.3255813953488372,0.0344827586206896
F0498,0.1111111111111111,0.2727272727272727,0.0,0.4857142857142857,0.8125,0.0,0.375,0.35,0.225,0.0,0.5142857142857142,0.325,0.0,0.0,0.0,0.0,0.0,0.0,0.0,0.0,0.0,0.0,0.0,0.8473684210526315,0.25,0.0,0.0,0.2325581395348837,0.0344827586206896
F0499,0.2407407407407407,0.3636363636363636,0.0,0.4285714285714286,0.286764705882353,0.0,0.1102941176470588,0.6176470588235294,0.2647058823529412,0.1176470588235294,0.3025210084033613,0.0,0.0,0.5098039215686274,0.0,0.0,0.0,0.0,0.0,0.0,0.0,0.0,0.2352941176470588,0.6408668730650153,0.1470588235294117,0.1830065359477124,0.0,0.2790697674418604,0.0689655172413793
F0500,0.4259259259259259,0.4545454545454546,0.1818181818181818,0.3597883597883598,0.6018518518518519,0.1925925925925925,0.2083333333333333,0.2592592592592592,0.1666666666666666,0.074074074074074,0.1904761904761904,0.2407407407407407,0.0,0.0,0.0,0.0,0.0,0.0,0.0,0.0,0.0,0.0,0.148148148148148,0.7173489278752436,0.0,0.345679012345679,0.0,0.3953488372093023,0.1034482758620689
F0501,0.1111111111111111,0.2727272727272727,0.0,0.7285714285714286,0.4875,0.2599999999999999,0.0,0.35,0.225,0.0,0.2571428571428571,0.0,0.0,0.4333333333333333,0.0,0.0,0.0,0.0,0.0,0.0,0.0,0.0,0.0,0.8473684210526315,0.0,0.3111111111111111,0.0,0.2325581395348837,0.0344827586206896
F0502,0.2777777777777778,0.5454545454545455,0.3636363636363636,0.7669172932330828,0.256578947368421,0.4105263157894736,0.0,0.1842105263157894,0.3552631578947368,0.2105263157894736,0.1353383458646616,0.0,0.2236842105263157,0.4561403508771929,0.0,0.0,0.0,0.0,0.0,0.0,0.0,0.4210526315789472,0.5263157894736842,0.4376731301939057,0.0,0.1637426900584795,0.0,0.3488372093023256,0.1379310344827586
F0503,0.611111111111111,0.8181818181818182,0.3636363636363636,0.3281853281853282,0.3513513513513513,0.1405405405405405,0.3547297297297297,0.472972972972973,0.2432432432432432,0.1621621621621621,0.138996138996139,0.1756756756756756,0.1148648648648648,0.1171171171171171,0.1531531531531531,0.1351351351351351,0.0,0.0,0.0,0.0,0.0,0.216216216216216,0.2162162162162162,0.4637268847795164,0.3378378378378377,0.252252252252252,0.0,0.1395348837209302,0.0344827586206896
F0504,0.3888888888888888,0.6363636363636364,0.1818181818181818,0.3400000000000001,0.39,0.2079999999999999,0.075,0.28,0.18,0.32,0.4114285714285714,0.26,0.17,0.1733333333333333,0.0,0.0,0.0,0.0,0.0,0.0,0.0,0.32,0.16,0.6947368421052633,0.0,0.2488888888888889,0.0526315789473684,0.0697674418604651,0.1379310344827586
F0505,0.1851851851851851,0.2727272727272727,0.0,0.4336734693877551,0.6964285714285714,0.0,0.2678571428571428,0.25,0.3214285714285714,0.0,0.3673469387755101,0.0,0.0,0.3095238095238095,0.0,0.0,0.0,0.0,0.0,0.0,0.0,0.0,0.0,0.8909774436090225,0.1785714285714285,0.0,0.0,0.3255813953488372,0.0689655172413793
F0506,0.4074074074074074,0.4545454545454546,0.2727272727272727,0.5137362637362638,0.5,0.4999999999999999,0.0,0.5384615384615385,0.173076923076923,0.1538461538461538,0.0989010989010989,0.0,0.0,0.1666666666666666,0.0,0.3846153846153846,0.0,0.0,0.0,0.0,0.0,0.0,0.3076923076923076,0.7064777327935223,0.096153846153846,0.0,0.0,0.3720930232558139,0.1724137931034483
F0507,0.037037037037037,0.0,0.0909090909090909,0.6071428571428572,0.0,0.8666666666666665,0.0,0.0,0.375,0.0,0.0,0.0,0.0,0.7222222222222221,0.0,0.0,0.0,0.0,0.0,0.0,0.0,0.0,0.3333333333333332,0.4912280701754385,0.4166666666666665,0.0,0.0,0.1395348837209302,0.2068965517241379
F0508,0.4074074074074074,0.5454545454545455,0.0,0.5137362637362638,0.625,0.0999999999999999,0.0721153846153846,0.4038461538461538,0.0865384615384615,0.0769230769230769,0.1978021978021978,0.0,0.1634615384615384,0.5,0.0,0.0,0.0,0.0,0.0,0.0,0.0,0.0,0.0,0.8825910931174092,0.0,0.2393162393162392,0.0,0.3953488372093023,0.0344827586206896
F0509,0.2592592592592592,0.3636363636363636,0.0909090909090909,0.5396825396825398,0.5416666666666666,0.2888888888888888,0.5208333333333334,0.1944444444444444,0.125,0.0,0.2857142857142856,0.1805555555555555,0.0,0.0,0.0,0.0,0.0,0.0,0.0,0.0,0.0,0.0,0.0,0.7456140350877194,0.4166666666666665,0.0,0.0,0.4186046511627907,0.2068965517241379
F0510,0.3333333333333333,0.5454545454545455,0.1818181818181818,0.4415584415584416,0.4431818181818181,0.1181818181818181,0.2556818181818182,0.1590909090909091,0.2045454545454545,0.0909090909090909,0.2337662337662337,0.1477272727272727,0.0,0.0,0.2575757575757575,0.0,0.0,0.0,0.0,0.0,0.0,0.0,0.4545454545454544,0.3755980861244019,0.1136363636363635,0.4242424242424241,0.0,0.3953488372093023,0.0344827586206896
F0511,0.1481481481481481,0.2727272727272727,0.0,0.4047619047619047,0.9479166666666669,0.0,0.46875,0.2916666666666666,0.1875,0.0,0.4285714285714285,0.2708333333333333,0.0,0.0,0.0,0.0,0.0,0.0,0.0,0.0,0.0,0.0,0.0,0.8728070175438596,0.2083333333333332,0.0,0.0,0.2790697674418604,0.0344827586206896
F0512,0.3148148148148147,0.4545454545454546,0.2727272727272727,0.4625850340136054,0.3095238095238095,0.2476190476190475,0.0892857142857142,0.6666666666666666,0.2142857142857142,0.0,0.1224489795918367,0.1547619047619047,0.2023809523809523,0.0,0.0,0.0,0.0,0.0,0.0,0.0,0.0,0.0,0.1904761904761904,0.7092731829573935,0.0,0.2962962962962962,0.0526315789473684,0.4883720930232558,0.0
F0513,0.2222222222222222,0.4545454545454546,0.4545454545454546,0.2276785714285714,0.3046875,0.6499999999999999,0.0,0.65625,0.140625,0.125,0.0,0.0,0.265625,0.2708333333333333,0.3541666666666666,0.0,0.0,0.0,0.0,0.0,0.0,0.0,0.375,0.4276315789473683,0.3125,0.1944444444444444,0.0526315789473684,0.1627906976744186,0.0
F0514,0.4444444444444444,0.8181818181818182,0.4545454545454546,0.3903061224489796,0.2321428571428571,0.3714285714285713,0.2008928571428571,0.5,0.1607142857142857,0.2142857142857142,0.0918367346938775,0.1160714285714285,0.0,0.0,0.2023809523809523,0.0,0.1904761904761904,0.1999999999999999,0.0,0.4285714285714285,0.0,0.2857142857142856,0.2142857142857142,0.4548872180451128,0.357142857142857,0.2222222222222221,0.0,0.1627906976744186,0.1034482758620689
F0515,0.1851851851851851,0.4545454545454546,0.1818181818181818,0.2602040816326531,0.3482142857142857,0.1857142857142856,0.2678571428571428,0.25,0.1607142857142857,0.0,0.3673469387755101,0.0,0.3035714285714285,0.0,0.0,0.3571428571428571,0.0,0.0,0.0,0.0,0.0,0.0,0.2857142857142856,0.4548872180451128,0.357142857142857,0.2222222222222221,0.0,0.3255813953488372,0.0344827586206896
F0516,0.3333333333333333,0.6363636363636364,0.2727272727272727,0.551948051948052,0.2954545454545454,0.2363636363636363,0.0852272727272727,0.6363636363636364,0.2045454545454545,0.0909090909090909,0.1168831168831168,0.1477272727272727,0.1931818181818181,0.0,0.0,0.2272727272727273,0.0,0.0,0.0,0.0,0.0,0.0,0.1818181818181818,0.7224880382775121,0.0,0.2828282828282828,0.0526315789473684,0.2790697674418604,0.0
F0517,0.5,0.4545454545454546,0.1818181818181818,0.5092165898617512,0.5241935483870968,0.3354838709677419,0.1814516129032258,0.2258064516129032,0.0,0.064516129032258,0.248847926267281,0.0,0.0,0.2795698924731182,0.0,0.0,0.1720430107526881,0.0,0.0,0.0,0.0,0.0,0.3225806451612902,0.6061120543293719,0.0806451612903225,0.200716845878136,0.0,0.3720930232558139,0.2068965517241379
F0518,0.2592592592592592,0.3636363636363636,0.1818181818181818,0.4722222222222222,0.7222222222222222,0.0,0.3125,0.1944444444444444,0.375,0.2222222222222222,0.0,0.0,0.2361111111111111,0.2407407407407407,0.0,0.0,0.0,0.0,0.0,0.0,0.0,0.0,0.5555555555555556,0.4064327485380117,0.1388888888888887,0.1728395061728393,0.0,0.2558139534883721,0.0689655172413793
F0519,0.2222222222222222,0.5454545454545455,0.1818181818181818,0.3794642857142857,0.7109375,0.1624999999999999,0.5859375,0.4375,0.140625,0.375,0.0,0.203125,0.265625,0.2708333333333333,0.0,0.0,0.0,0.0,0.0,0.0,0.0,0.5,0.0,0.5230263157894737,0.625,0.0,0.0,0.1162790697674418,0.0
F0520,0.1296296296296296,0.2727272727272727,0.0,0.4415584415584416,0.4431818181818181,0.4727272727272726,0.3409090909090909,0.9545454545454544,0.4090909090909091,0.1818181818181818,0.0,0.0,0.0,0.0,0.0,0.0,0.0,0.0,0.0,0.0,0.0,0.0,0.0,0.7224880382775121,0.4545454545454545,0.0,0.0,0.1162790697674418,0.0344827586206896
F0521,0.3333333333333333,0.6363636363636364,0.1818181818181818,0.275974025974026,0.7386363636363636,0.1181818181818181,0.5113636363636364,0.3181818181818182,0.1022727272727272,0.2727272727272727,0.0,0.0,0.1931818181818181,0.3939393939393939,0.0,0.2272727272727273,0.0,0.0,0.0,0.0,0.0,0.3636363636363632,0.0909090909090908,0.5837320574162679,0.4545454545454545,0.0,0.0,0.2093023255813953,0.0689655172413793
F0522,0.0925925925925925,0.3636363636363636,0.0909090909090909,0.0,0.1805555555555555,0.2888888888888888,0.2083333333333333,0.7777777777777777,1.0,0.4444444444444444,0.0,0.3611111111111111,0.4722222222222222,0.0,0.0,0.0,0.0,0.0,0.0,0.0,0.0,0.8888888888888888,0.0,0.830409356725146,0.0,0.0,0.4736842105263157,0.0232558139534883,0.2758620689655172
F0523,0.4814814814814815,0.7272727272727272,0.6363636363636364,0.5666666666666668,0.325,0.6066666666666666,0.0625,0.5833333333333333,0.075,0.2,0.0,0.1083333333333333,0.1416666666666666,0.1444444444444444,0.1888888888888888,0.0,0.0,0.0,0.0,0.0,0.0,0.2666666666666664,0.4666666666666666,0.5421052631578946,0.0,0.1037037037037036,0.0,0.3488372093023256,0.0344827586206896
F0524,0.1666666666666666,0.1818181818181817,0.0,0.4670329670329671,0.5,0.0,0.1442307692307692,0.5384615384615385,0.173076923076923,0.0,0.1978021978021978,0.0,0.0,0.0,0.0,0.0,0.0,0.0,0.0,0.0,0.0,0.0,0.0,0.6477732793522268,0.1923076923076922,0.4786324786324785,0.0,0.3023255813953489,0.1034482758620689
F0525,0.2407407407407407,0.3636363636363636,0.0909090909090909,0.4285714285714286,0.4779411764705882,0.3058823529411764,0.2205882352941176,0.8235294117647058,0.1323529411764706,0.0,0.1512605042016806,0.1911764705882352,0.0,0.0,0.0,0.0,0.0,0.0,0.0,0.0,0.0,0.0,0.0,0.9102167182662536,0.1470588235294117,0.0,0.0,0.3953488372093023,0.0344827586206896
F0526,0.3148148148148147,0.5454545454545455,0.0909090909090909,0.4047619047619047,0.3095238095238095,0.0,0.4464285714285714,0.1666666666666666,0.4285714285714285,0.0952380952380952,0.0,0.1547619047619047,0.2023809523809523,0.0,0.0,0.238095238095238,0.2539682539682539,0.0,0.0,0.0,0.0,0.0,0.0952380952380952,0.4912280701754385,0.476190476190476,0.2962962962962962,0.0,0.3255813953488372,0.1034482758620689
F0527,0.3333333333333333,0.4545454545454546,0.1818181818181818,0.551948051948052,0.5909090909090909,0.3545454545454545,0.0852272727272727,0.3181818181818182,0.0,0.0909090909090909,0.1168831168831168,0.0,0.0,0.1969696969696969,0.2575757575757575,0.0,0.0,0.0,0.0,0.0,0.0,0.0,0.1818181818181818,0.6531100478468899,0.1136363636363635,0.2828282828282828,0.0,0.2790697674418604,0.0344827586206896
F0528,0.3703703703703703,0.5454545454545455,0.1818181818181818,0.6071428571428572,0.6770833333333334,0.3249999999999999,0.078125,0.2916666666666666,0.0,0.0833333333333333,0.2142857142857142,0.0,0.1770833333333333,0.1805555555555555,0.236111111111111,0.0,0.0,0.0,0.0,0.0,0.0,0.0,0.1666666666666666,0.7456140350877194,0.1041666666666665,0.1296296296296294,0.0,0.3488372093023256,0.0344827586206896
F0529,0.5555555555555555,0.8181818181818182,0.7272727272727273,0.4285714285714286,0.3345588235294117,0.2294117647058823,0.0551470588235294,0.2058823529411764,0.0661764705882353,0.1764705882352941,0.3781512605042016,0.0,0.375,0.1274509803921568,0.1666666666666666,0.0,0.0,0.3294117647058823,0.0,0.0,0.0,0.0,0.588235294117647,0.326625386996904,0.0735294117647057,0.3660130718954248,0.0,0.4418604651162791,0.0344827586206896
F0530,0.3148148148148147,0.1818181818181817,0.0909090909090909,0.4625850340136054,0.6190476190476191,0.1238095238095237,0.0,0.3333333333333333,0.0,0.0,0.0,0.0,0.0,0.4126984126984126,0.0,0.0,0.0,0.0,0.0,0.0,0.0,0.0,0.1904761904761904,0.6365914786967417,0.0,0.4444444444444443,0.0,0.4883720930232558,0.0689655172413793
F0531,0.1666666666666666,0.2727272727272727,0.0909090909090909,0.5604395604395606,0.5,0.1999999999999999,0.0,0.5384615384615385,0.5192307692307693,0.1538461538461538,0.0,0.0,0.0,0.0,0.0,0.3846153846153846,0.0,0.0,0.0,0.0,0.0,0.0,0.0,1.0,0.0,0.0,0.0,0.2558139534883721,0.1034482758620689
F0532,0.2037037037037037,0.2727272727272727,0.0909090909090909,0.5666666666666668,0.5416666666666666,0.3466666666666666,0.125,0.7000000000000001,0.0,0.1333333333333333,0.1714285714285714,0.0,0.0,0.0,0.0,0.0,0.0,0.0,0.0,0.0,0.0,0.0,0.2666666666666666,0.7964912280701755,0.0,0.0,0.0,0.3023255813953489,0.0
F0533,0.4814814814814815,0.4545454545454546,0.4545454545454546,0.4047619047619047,0.4333333333333333,0.2599999999999999,0.75,0.35,0.225,0.0,0.0857142857142857,0.1083333333333333,0.0,0.0,0.0,0.1666666666666666,0.0,0.0,0.0,0.0,0.0,0.0,0.1333333333333332,0.3894736842105262,0.6666666666666665,0.2074074074074072,0.0526315789473684,0.6976744186046511,0.0
F0534,0.2777777777777778,0.4545454545454546,0.4545454545454546,0.4473684210526316,0.3421052631578947,0.4105263157894736,0.1973684210526315,0.3684210526315789,0.0,0.2105263157894736,0.1353383458646616,0.0,0.6710526315789473,0.0,0.0,0.0,0.2807017543859649,0.0,0.0,0.0,0.0,0.0,0.631578947368421,0.2770083102493074,0.131578947368421,0.327485380116959,0.0526315789473684,0.1860465116279069,0.0
F0535,0.1481481481481481,0.4545454545454546,0.2727272727272727,0.505952380952381,0.5416666666666666,0.2166666666666666,0.15625,0.2916666666666666,0.375,0.1666666666666666,0.0,0.0,0.0,0.361111111111111,0.4722222222222221,0.0,0.0,0.0,0.0,0.0,0.0,0.0,0.5,0.618421052631579,0.0,0.0,0.0526315789473684,0.1627906976744186,0.0
F0536,0.3148148148148147,0.4545454545454546,0.4545454545454546,0.5782312925170068,0.4642857142857142,0.3714285714285713,0.4464285714285714,0.3333333333333333,0.1071428571428571,0.0,0.1224489795918367,0.1547619047619047,0.0,0.0,0.0,0.238095238095238,0.0,0.0,0.0,0.0,0.0,0.0,0.1904761904761904,0.5639097744360901,0.357142857142857,0.1481481481481481,0.0526315789473684,0.4883720930232558,0.0
F0537,0.2592592592592592,0.6363636363636364,0.2727272727272727,0.4722222222222222,0.2708333333333333,0.1444444444444444,0.4166666666666666,0.5833333333333333,0.125,0.1111111111111111,0.2857142857142856,0.1805555555555555,0.0,0.0,0.3148148148148147,0.0,0.0,0.0,0.0,0.0,0.0,0.0,0.2222222222222222,0.6608187134502923,0.2777777777777778,0.0,0.1052631578947368,0.3720930232558139,0.3103448275862069
F0538,0.3518518518518518,0.5454545454545455,0.1818181818181818,0.422360248447205,0.2826086956521739,0.1130434782608695,0.0815217391304347,0.4565217391304347,0.3913043478260869,0.3478260869565217,0.5590062111801242,0.7065217391304348,0.3695652173913043,0.0,0.0,0.0,0.0,0.0,0.0,0.0,0.0,0.3478260869565216,0.0869565217391304,0.8009153318077802,0.0,0.1352657004830917,0.0526315789473684,0.1860465116279069,0.1724137931034483
F0539,0.2037037037037037,0.2727272727272727,0.0,0.5666666666666668,0.65,0.1733333333333333,0.125,0.4666666666666667,0.0,0.0,0.0,0.2166666666666666,0.0,0.2888888888888888,0.0,0.0,0.0,0.0,0.0,0.0,0.0,0.0,0.2666666666666666,0.6947368421052633,0.0,0.2074074074074072,0.0,0.3488372093023256,0.0
F0540,0.3518518518518518,0.5454545454545455,0.1818181818181818,0.422360248447205,0.2826086956521739,0.1130434782608695,0.4891304347826087,0.3043478260869565,0.3913043478260869,0.0869565217391304,0.0,0.1413043478260869,0.0,0.0,0.2463768115942028,0.4347826086956521,0.0,0.0,0.0,0.0,0.0,0.0,0.0869565217391304,0.5354691075514875,0.434782608695652,0.2705314009661835,0.0,0.1860465116279069,0.2068965517241379
F0541,0.2222222222222222,0.3636363636363636,0.0909090909090909,0.3794642857142857,0.5078125,0.1624999999999999,0.46875,0.0,0.5625,0.0,0.3214285714285714,0.203125,0.0,0.0,0.0,0.3125,0.0,0.0,0.0,0.0,0.0,0.0,0.0,0.618421052631579,0.625,0.0,0.0,0.3720930232558139,0.0689655172413793
F0542,0.2592592592592592,0.3636363636363636,0.0909090909090909,0.4722222222222222,0.4513888888888889,0.1444444444444444,0.0,0.3888888888888888,0.0,0.0,0.2857142857142856,0.1805555555555555,0.2361111111111111,0.2407407407407407,0.0,0.0,0.0,0.0,0.0,0.0,0.0,0.0,0.2222222222222222,0.5760233918128654,0.0,0.5185185185185184,0.0,0.4186046511627907,0.0
F0543,0.3888888888888888,0.6363636363636364,0.1818181818181818,0.3400000000000001,0.52,0.1039999999999999,0.075,0.28,0.09,0.16,0.2057142857142857,0.13,0.34,0.1733333333333333,0.0,0.0,0.0,0.0,0.0,0.0,0.0,0.32,0.16,0.5115789473684211,0.1,0.4977777777777779,0.0,0.3023255813953489,0.0
F0544,0.2592592592592592,0.3636363636363636,0.0909090909090909,0.4722222222222222,0.4513888888888889,0.1444444444444444,0.0,0.3888888888888888,0.0,0.0,0.2857142857142856,0.1805555555555555,0.2361111111111111,0.2407407407407407,0.0,0.0,0.0,0.0,0.0,0.0,0.0,0.0,0.2222222222222222,0.5760233918128654,0.0,0.5185185185185184,0.0,0.4186046511627907,0.0
F0545,0.4814814814814815,0.8181818181818182,0.3636363636363636,0.2833333333333334,0.2708333333333333,0.1733333333333333,0.4375,0.35,0.525,0.3333333333333333,0.3428571428571428,0.2166666666666666,0.1416666666666666,0.0,0.3777777777777777,0.3333333333333333,0.0,0.0,0.1833333333333333,0.0,0.0,0.2666666666666664,0.2666666666666666,0.3385964912280701,0.5,0.2074074074074072,0.0526315789473684,0.0697674418604651,0.1724137931034483
F0546,0.3333333333333333,0.4545454545454546,0.5454545454545454,0.4415584415584416,0.3693181818181818,0.3545454545454545,0.0852272727272727,0.3181818181818182,0.0,0.2727272727272727,0.1168831168831168,0.0,0.7727272727272727,0.0,0.0,0.0,0.0,0.2545454545454545,0.0,0.0,0.0,0.0,0.7272727272727272,0.2368421052631578,0.1136363636363635,0.2828282828282828,0.0526315789473684,0.1860465116279069,0.0
F0547,0.5,0.5454545454545455,0.1818181818181818,0.4308755760368664,0.4717741935483871,0.1677419354838709,0.2419354838709677,0.1129032258064516,0.0,0.0,0.248847926267281,0.2096774193548387,0.1370967741935483,0.2795698924731182,0.0,0.0,0.0,0.0,0.0,0.0,0.0,0.0,0.1935483870967742,0.6553480475382003,0.0806451612903225,0.3010752688172043,0.0,0.7209302325581395,0.1724137931034483
F0548,0.2777777777777778,0.3636363636363636,0.2727272727272727,0.6390977443609023,0.513157894736842,0.4105263157894736,0.4934210526315789,0.3684210526315789,0.1184210526315789,0.0,0.0,0.1710526315789473,0.2236842105263157,0.0,0.0,0.0,0.0,0.0,0.0,0.0,0.0,0.0,0.2105263157894736,0.8393351800554016,0.0,0.0,0.0,0.4418604651162791,0.0
F0549,0.3703703703703703,0.5454545454545455,0.3636363636363636,0.6577380952380952,0.40625,0.2166666666666666,0.234375,0.1458333333333333,0.09375,0.25,0.0,0.1354166666666666,0.3541666666666666,0.0,0.0,0.2083333333333333,0.0,0.0,0.0,0.0,0.0,0.0,0.5833333333333334,0.3004385964912279,0.2083333333333332,0.2592592592592592,0.0,0.3488372093023256,0.0
F0550,0.2037037037037037,0.2727272727272727,0.0909090909090909,0.3238095238095238,0.325,0.3466666666666666,0.875,0.7000000000000001,0.45,0.0,0.0,0.0,0.0,0.0,0.0,0.3333333333333333,0.0,0.0,0.0,0.0,0.0,0.0,0.2666666666666666,0.1859649122807017,1.0,0.0,0.0,0.3488372093023256,0.0689655172413793
F0551,0.0555555555555555,0.1818181818181817,0.0909090909090909,0.6938775510204082,0.4642857142857142,0.3714285714285713,0.2678571428571428,0.5,0.0,0.0,0.0,0.4642857142857142,0.0,0.0,0.0,0.0,0.0,0.0,0.0,0.0,0.0,0.0,0.0,1.0,0.0,0.0,0.0,0.1627906976744186,0.0344827586206896
F0552,0.1851851851851851,0.2727272727272727,0.0909090909090909,0.173469387755102,0.2321428571428571,0.3714285714285713,0.6696428571428572,0.5,0.1607142857142857,0.0,0.0,0.0,0.0,0.0,0.0,0.3571428571428571,0.0,0.0,0.0,0.0,0.0,0.0,0.0,0.4548872180451128,0.357142857142857,0.6666666666666665,0.0526315789473684,0.3255813953488372,0.0
F0553,0.074074074074074,0.1818181818181817,0.0,0.4553571428571429,0.40625,0.0,0.234375,0.0,0.5625,0.0,0.0,0.0,0.0,0.5416666666666666,0.0,0.0,0.0,0.0,0.0,0.0,0.0,0.0,0.25,0.4276315789473683,0.3125,0.3888888888888889,0.0,0.1860465116279069,0.1034482758620689
F0554,0.0925925925925925,0.2727272727272727,0.2727272727272727,0.5396825396825398,0.1805555555555555,0.5777777777777776,0.2083333333333333,0.3888888888888888,0.0,0.0,0.0,0.3611111111111111,0.0,0.0,0.0,0.0,0.0,0.0,0.0,0.0,0.0,0.0,0.2222222222222222,0.830409356725146,0.0,0.0,0.0,0.2093023255813953,0.1724137931034483
F0555,0.3888888888888888,0.6363636363636364,0.2727272727272727,0.3885714285714286,0.195,0.3119999999999999,0.6,0.28,0.18,0.24,0.2057142857142857,0.26,0.17,0.0,0.0,0.0,0.0,0.2239999999999999,0.0,0.0,0.0,0.0,0.24,0.3894736842105262,0.6,0.1244444444444444,0.0,0.3720930232558139,0.1034482758620689
F0556,0.2592592592592592,0.2727272727272727,0.0909090909090909,0.5396825396825398,0.3611111111111111,0.1444444444444444,0.625,0.1944444444444444,0.125,0.0,0.1428571428571428,0.0,0.0,0.0,0.0,0.0,0.0,0.0,0.0,0.0,0.0,0.0,0.4444444444444444,0.4064327485380117,0.2777777777777778,0.1728395061728393,0.0,0.4186046511627907,0.0344827586206896
F0557,0.1481481481481481,0.1818181818181817,0.0909090909090909,0.505952380952381,0.6770833333333334,0.2166666666666666,0.0,0.2916666666666666,0.0,0.0,0.2142857142857142,0.2708333333333333,0.0,0.0,0.0,0.0,0.0,0.0,0.0,0.0,0.0,0.0,0.1666666666666666,0.7456140350877194,0.0,0.2592592592592592,0.0,0.2790697674418604,0.0
F0558,0.2592592592592592,0.5454545454545455,0.1818181818181818,0.3373015873015873,0.2708333333333333,0.2888888888888888,0.4166666666666666,0.3888888888888888,0.375,0.3333333333333333,0.1428571428571428,0.1805555555555555,0.2361111111111111,0.0,0.0,0.0,0.0,0.0,0.0,0.0,0.0,0.0,0.2222222222222222,0.4064327485380117,0.2777777777777778,0.5185185185185184,0.0526315789473684,0.1860465116279069,0.0
F0559,0.1666666666666666,0.0909090909090909,0.1818181818181818,0.5604395604395606,0.25,0.6,0.0,0.5384615384615385,0.0,0.0,0.0,0.25,0.0,0.0,0.0,0.0,0.0,0.0,0.0,0.0,0.0,0.0,0.3076923076923076,0.5303643724696356,0.0,0.4786324786324785,0.0,0.3023255813953489,0.0344827586206896
F0560,0.2222222222222222,0.2727272727272727,0.0909090909090909,0.3035714285714286,0.40625,0.1624999999999999,0.5859375,0.21875,0.140625,0.0,0.0,0.0,0.0,0.0,0.0,0.625,0.0,0.0,0.0,0.0,0.0,0.0,0.125,0.3322368421052631,0.78125,0.1944444444444444,0.0,0.3720930232558139,0.1034482758620689
F0561,0.3148148148148147,0.5454545454545455,0.2727272727272727,0.4047619047619047,0.4642857142857142,0.1238095238095237,0.0,0.3333333333333333,0.1071428571428571,0.0952380952380952,0.2448979591836734,0.3095238095238095,0.0,0.0,0.2698412698412697,0.0,0.0,0.2666666666666666,0.0,0.0,0.0,0.0,0.0952380952380952,0.7092731829573935,0.238095238095238,0.1481481481481481,0.0,0.3488372093023256,0.1034482758620689
F0562,0.074074074074074,0.1818181818181817,0.0909090909090909,0.4553571428571429,0.203125,0.3249999999999999,0.234375,0.4375,0.0,0.0,0.0,0.40625,0.0,0.0,0.0,0.0,0.0,0.0,0.0,0.0,0.0,0.0,0.0,0.618421052631579,0.0,0.7777777777777779,0.0526315789473684,0.1860465116279069,0.1379310344827586
F0563,0.1666666666666666,0.3636363636363636,0.1818181818181818,0.3736263736263737,0.375,0.1999999999999999,0.4326923076923077,0.2692307692307693,0.0,0.1538461538461538,0.0,0.25,0.3269230769230769,0.0,0.0,0.0,0.0,0.0,0.0,0.0,0.0,0.0,0.1538461538461538,0.5303643724696356,0.3846153846153844,0.2393162393162392,0.0,0.1860465116279069,0.0344827586206896
F0564,0.2962962962962963,0.6363636363636364,0.3636363636363636,0.7892857142857144,0.325,0.2599999999999999,0.28125,0.0,0.1125,0.1,0.2571428571428571,0.1625,0.2125,0.0,0.2833333333333333,0.0,0.0,0.0,0.0,0.0,0.4166666666666667,0.0,0.5,0.4657894736842105,0.0,0.3111111111111111,0.0,0.3255813953488372,0.1724137931034483
F0565,0.6296296296296297,1.0,0.6363636363636364,0.3195488721804511,0.256578947368421,0.2052631578947368,0.0986842105263157,0.2763157894736842,0.1184210526315789,0.1578947368421052,0.338345864661654,0.1710526315789473,0.2236842105263157,0.0,0.1491228070175438,0.0,0.4210526315789473,0.2947368421052631,0.1447368421052631,0.3157894736842105,0.0,0.4210526315789472,0.2105263157894736,0.598337950138504,0.0657894736842105,0.2456140350877192,0.0,0.0232558139534883,0.0
F0566,0.2777777777777778,0.3636363636363636,0.2727272727272727,0.4473684210526316,0.6842105263157894,0.0,0.1973684210526315,0.0,0.0,0.2105263157894736,0.4060150375939849,0.513157894736842,0.4473684210526315,0.0,0.0,0.0,0.0,0.2947368421052631,0.0,0.0,0.0,0.4210526315789472,0.3157894736842104,0.5180055401662049,0.131578947368421,0.1637426900584795,0.0526315789473684,0.2093023255813953,0.0
F0567,0.1296296296296296,0.2727272727272727,0.0909090909090909,0.6623376623376623,0.4431818181818181,0.2363636363636363,0.1704545454545454,0.3181818181818182,0.2045454545454545,0.1818181818181818,0.0,0.0,0.0,0.0,0.0,0.0,0.0,0.0,0.0,0.0,0.0,0.0,0.1818181818181818,0.7224880382775121,0.2272727272727272,0.0,0.0,0.1860465116279069,0.0344827586206896
F0568,0.2407407407407407,0.3636363636363636,0.1818181818181818,0.5,0.4779411764705882,0.3058823529411764,0.4411764705882353,0.4117647058823529,0.1323529411764706,0.0,0.0,0.1911764705882352,0.25,0.0,0.0,0.0,0.0,0.0,0.0,0.0,0.0,0.0,0.1176470588235294,0.5510835913312695,0.588235294117647,0.0,0.0526315789473684,0.3953488372093023,0.0
F0569,0.4259259259259259,0.7272727272727272,0.4545454545454546,0.3597883597883598,0.4212962962962963,0.2888888888888888,0.625,0.2592592592592592,0.1666666666666666,0.1481481481481481,0.0952380952380952,0.0,0.0,0.0,0.2098765432098765,0.0,0.1975308641975308,0.2074074074074073,0.0,0.4444444444444444,0.0,0.296296296296296,0.2962962962962962,0.3781676413255359,0.5555555555555556,0.0,0.0,0.3720930232558139,0.0
F0570,0.2777777777777778,0.5454545454545455,0.1818181818181818,0.6390977443609023,0.1710526315789473,0.1368421052631578,0.1973684210526315,0.3684210526315789,0.0,0.1052631578947368,0.2706766917293233,0.1710526315789473,0.0,0.0,0.0,0.2631578947368421,0.0,0.2947368421052631,0.0,0.0,0.0,0.0,0.3157894736842104,0.598337950138504,0.131578947368421,0.1637426900584795,0.0526315789473684,0.3023255813953489,0.0
F0571,0.2037037037037037,0.3636363636363636,0.1818181818181818,0.4857142857142857,0.325,0.1733333333333333,0.25,0.4666666666666667,0.15,0.4,0.0,0.0,0.2833333333333333,0.0,0.0,0.0,0.0,0.0,0.0,0.0,0.0,0.0,0.4,0.4912280701754385,0.0,0.4148148148148148,0.0,0.2325581395348837,0.0344827586206896
F0572,0.1851851851851851,0.4545454545454546,0.2727272727272727,0.5204081632653061,0.2321428571428571,0.557142857142857,0.2678571428571428,0.25,0.1607142857142857,0.0,0.0,0.2321428571428571,0.0,0.0,0.4047619047619047,0.3571428571428571,0.0,0.0,0.0,0.0,0.0,0.0,0.5714285714285714,0.2368421052631578,0.357142857142857,0.2222222222222221,0.0,0.3255813953488372,0.1034482758620689
F0573,0.2592592592592592,0.5454545454545455,0.0,0.2698412698412699,0.4513888888888889,0.0,0.2083333333333333,0.3888888888888888,0.25,0.1111111111111111,0.4285714285714285,0.5416666666666666,0.0,0.2407407407407407,0.0,0.2777777777777778,0.0,0.0,0.0,0.0,0.0,0.0,0.0,0.7456140350877194,0.1388888888888887,0.345679012345679,0.0526315789473684,0.3255813953488372,0.1034482758620689
F0574,0.3703703703703703,0.7272727272727272,0.5454545454545454,0.4553571428571429,0.203125,0.5416666666666666,0.3125,0.2916666666666666,0.28125,0.25,0.1071428571428571,0.2708333333333333,0.1770833333333333,0.0,0.236111111111111,0.0,0.0,0.2333333333333333,0.0,0.0,0.0,0.0,0.5833333333333334,0.3004385964912279,0.3125,0.1296296296296294,0.0,0.3720930232558139,0.1034482758620689
F0575,0.2777777777777778,0.5454545454545455,0.3636363636363636,0.4473684210526316,0.3421052631578947,0.4105263157894736,0.0986842105263157,0.3684210526315789,0.1184210526315789,0.3157894736842105,0.0,0.1710526315789473,0.2236842105263157,0.0,0.0,0.0,0.0,0.2947368421052631,0.0,0.0,0.0,0.0,0.5263157894736842,0.4376731301939057,0.131578947368421,0.1637426900584795,0.0,0.3255813953488372,0.0689655172413793
F0576,0.1481481481481481,0.1818181818181817,0.0909090909090909,0.2023809523809523,0.2708333333333333,0.4333333333333332,0.46875,0.5833333333333333,0.1875,0.0,0.0,0.0,0.0,0.0,0.0,0.0,0.0,0.0,0.0,0.0,0.0,0.0,0.0,0.3640350877192982,0.4166666666666665,0.7777777777777779,0.0526315789473684,0.2790697674418604,0.0
F0577,0.1111111111111111,0.0909090909090909,0.0909090909090909,0.3642857142857143,0.65,0.2599999999999999,0.0,0.35,0.0,0.0,0.0,0.325,0.0,0.0,0.0,0.0,0.0,0.0,0.0,0.0,0.0,0.0,0.2,0.6947368421052633,0.0,0.3111111111111111,0.0,0.2325581395348837,0.0344827586206896
F0578,0.2222222222222222,0.3636363636363636,0.0909090909090909,0.4553571428571429,0.203125,0.1624999999999999,0.703125,0.21875,0.140625,0.125,0.0,0.203125,0.0,0.0,0.0,0.0,0.0,0.0,0.0,0.0,0.0,0.0,0.0,0.5230263157894737,0.625,0.1944444444444444,0.0,0.1860465116279069,0.0344827586206896
F0579,0.3333333333333333,0.5454545454545455,0.2727272727272727,0.4967532467532468,0.2954545454545454,0.1181818181818181,0.6818181818181819,0.1590909090909091,0.0,0.1818181818181818,0.1168831168831168,0.2954545454545454,0.1931818181818181,0.0,0.0,0.0,0.0,0.2545454545454545,0.0,0.0,0.0,0.0,0.2727272727272726,0.4449760765550239,0.4545454545454545,0.1414141414141412,0.0526315789473684,0.2558139534883721,0.0
F0580,0.074074074074074,0.1818181818181817,0.0909090909090909,0.4553571428571429,0.203125,0.3249999999999999,0.0,0.4375,0.28125,0.0,0.0,0.0,0.0,0.5416666666666666,0.0,0.0,0.0,0.0,0.0,0.0,0.0,0.0,0.0,0.8092105263157894,0.0,0.3888888888888889,0.0,0.1860465116279069,0.1034482758620689
F0581,0.1296296296296296,0.4545454545454546,0.0909090909090909,0.1103896103896104,0.2954545454545454,0.0,0.0,0.3181818181818182,0.6136363636363635,0.7272727272727273,0.4675324675324675,0.2954545454545454,0.3863636363636363,0.0,0.0,0.0,0.4848484848484848,0.0,0.0,0.0,0.0,0.0,0.1818181818181818,0.861244019138756,0.0,0.0,0.3157894736842105,0.0465116279069767,0.0344827586206896
F0582,0.2222222222222222,0.2727272727272727,0.1818181818181818,0.4553571428571429,0.5078125,0.3249999999999999,0.46875,0.21875,0.140625,0.0,0.0,0.0,0.0,0.0,0.0,0.3125,0.0,0.0,0.0,0.0,0.0,0.0,0.25,0.5230263157894737,0.3125,0.1944444444444444,0.0,0.3720930232558139,0.0344827586206896
F0583,0.2592592592592592,0.3636363636363636,0.5454545454545454,0.5396825396825398,0.1805555555555555,0.1444444444444444,0.625,0.1944444444444444,0.125,0.0,0.1428571428571428,0.0,0.0,0.0,0.0,0.0,0.0,0.0,0.0,0.0,0.0,0.0,0.8888888888888888,0.2368421052631578,0.1388888888888887,0.0,0.0,0.4186046511627907,0.0689655172413793
F0584,0.4074074074074074,0.4545454545454546,0.3636363636363636,0.5604395604395606,0.1875,0.0,0.3605769230769231,0.0,0.2596153846153846,0.1538461538461538,0.4945054945054944,0.375,0.3269230769230769,0.0,0.0,0.0,0.0,0.4307692307692308,0.0,0.0,0.0,0.3076923076923072,0.4615384615384614,0.2368421052631578,0.3846153846153844,0.2393162393162392,0.0,0.3488372093023256,0.0689655172413793
F0585,0.2222222222222222,0.3636363636363636,0.1818181818181818,0.53125,0.5078125,0.3249999999999999,0.3515625,0.4375,0.140625,0.0,0.0,0.203125,0.265625,0.0,0.0,0.0,0.0,0.0,0.0,0.0,0.0,0.0,0.125,0.618421052631579,0.46875,0.0,0.0526315789473684,0.3720930232558139,0.0
F0586,0.1851851851851851,0.1818181818181817,0.0909090909090909,0.5204081632653061,0.5803571428571429,0.1857142857142856,0.2678571428571428,0.25,0.0,0.0,0.183673469387755,0.0,0.0,0.0,0.0,0.0,0.0,0.0,0.0,0.0,0.0,0.0,0.2857142857142856,0.6729323308270676,0.0,0.2222222222222221,0.0,0.3255813953488372,0.0344827586206896
F0587,0.1481481481481481,0.1818181818181817,0.0909090909090909,0.7083333333333335,0.2708333333333333,0.2166666666666666,0.0,0.2916666666666666,0.0,0.0,0.2142857142857142,0.2708333333333333,0.0,0.0,0.0,0.0,0.0,0.0,0.0,0.0,0.0,0.0,0.3333333333333332,0.4912280701754385,0.0,0.5185185185185184,0.0,0.2790697674418604,0.0
F0588,0.3888888888888888,0.5454545454545455,0.3636363636363636,0.6314285714285716,0.455,0.2079999999999999,0.2249999999999999,0.14,0.09,0.24,0.0,0.13,0.34,0.0,0.0,0.2,0.0,0.0,0.0,0.0,0.0,0.0,0.56,0.3284210526315789,0.2,0.2488888888888889,0.0,0.2093023255813953,0.0
F0589,0.1666666666666666,0.3636363636363636,0.1818181818181818,0.3736263736263737,0.375,0.1999999999999999,0.4326923076923077,0.2692307692307693,0.3461538461538461,0.3076923076923077,0.0,0.0,0.3269230769230769,0.0,0.0,0.0,0.0,0.0,0.0,0.0,0.0,0.0,0.1538461538461538,0.5303643724696356,0.3846153846153844,0.2393162393162392,0.0,0.1627906976744186,0.0689655172413793
F0590,0.2592592592592592,0.3636363636363636,0.1818181818181818,0.4047619047619047,0.4513888888888889,0.4333333333333332,0.2083333333333333,0.1944444444444444,0.125,0.0,0.0,0.0,0.0,0.2407407407407407,0.0,0.0,0.0,0.0,0.0,0.0,0.0,0.0,0.3333333333333332,0.5760233918128654,0.1388888888888887,0.1728395061728393,0.0,0.4186046511627907,0.0689655172413793
F0591,0.4259259259259259,0.7272727272727272,0.4545454545454546,0.0449735449735449,0.3009259259259259,0.0962962962962962,0.0694444444444444,0.5185185185185185,0.3333333333333333,0.6666666666666666,0.0952380952380952,0.1203703703703703,0.3148148148148147,0.0,0.6296296296296295,0.0,0.0,0.0,0.2037037037037037,0.0,0.0,0.296296296296296,0.5925925925925926,0.2651072124756334,0.0925925925925925,0.345679012345679,0.3157894736842105,0.0232558139534883,0.1034482758620689
F0592,0.2592592592592592,0.6363636363636364,0.1818181818181818,0.5396825396825398,0.1805555555555555,0.1444444444444444,0.2083333333333333,0.3888888888888888,0.25,0.2222222222222222,0.2857142857142856,0.1805555555555555,0.2361111111111111,0.0,0.0,0.2777777777777778,0.0,0.0,0.0,0.0,0.0,0.0,0.3333333333333332,0.5760233918128654,0.2777777777777778,0.0,0.0526315789473684,0.1395348837209302,0.1034482758620689
F0593,0.1481481481481481,0.2727272727272727,0.0909090909090909,0.6071428571428572,0.5416666666666666,0.2166666666666666,0.15625,0.2916666666666666,0.1875,0.1666666666666666,0.0,0.0,0.0,0.0,0.0,0.0,0.0,0.0,0.0,0.0,0.0,0.0,0.1666666666666666,0.7456140350877194,0.2083333333333332,0.0,0.0,0.1860465116279069,0.0344827586206896
F0594,0.2962962962962963,0.2727272727272727,0.0909090909090909,0.7285714285714286,0.24375,0.1299999999999999,0.28125,0.0,0.0,0.0,0.1285714285714285,0.1625,0.0,0.0,0.0,0.25,0.0,0.0,0.0,0.0,0.0,0.0,0.3,0.5421052631578946,0.0,0.4666666666666667,0.0526315789473684,0.4651162790697674,0.0
F0595,0.0925925925925925,0.1818181818181817,0.0909090909090909,0.4047619047619047,0.1805555555555555,0.2888888888888888,0.625,0.3888888888888888,0.0,0.0,0.0,0.3611111111111111,0.0,0.0,0.0,0.0,0.0,0.0,0.0,0.0,0.0,0.0,0.0,0.6608187134502923,0.2777777777777778,0.345679012345679,0.0,0.2093023255813953,0.1034482758620689
F0596,0.3518518518518518,0.8181818181818182,0.3636363636363636,0.422360248447205,0.3532608695652174,0.4521739130434782,0.1630434782608695,0.4565217391304347,0.1956521739130434,0.1739130434782608,0.2236024844720496,0.2826086956521739,0.1847826086956521,0.1884057971014492,0.4927536231884057,0.0,0.0,0.0,0.0,0.0,0.0,0.0,0.3478260869565216,0.6681922196796339,0.108695652173913,0.0,0.0,0.3720930232558139,0.0344827586206896
F0597,0.2592592592592592,0.5454545454545455,0.3636363636363636,0.4047619047619047,0.2708333333333333,0.4333333333333332,0.1041666666666666,0.3888888888888888,0.125,0.2222222222222222,0.0,0.1805555555555555,0.2361111111111111,0.0,0.0,0.0,0.0,0.311111111111111,0.0,0.0,0.0,0.0,0.5555555555555556,0.4064327485380117,0.1388888888888887,0.1728395061728393,0.0,0.3255813953488372,0.0689655172413793
F0598,0.3888888888888888,0.9090909090909092,0.6363636363636364,0.4371428571428571,0.455,0.4159999999999999,0.3,0.14,0.09,0.08,0.1028571428571428,0.13,0.17,0.0,0.2266666666666666,0.0,0.2133333333333333,0.2239999999999999,0.0,0.48,0.0,0.32,0.48,0.3284210526315789,0.3,0.1244444444444444,0.0,0.4418604651162791,0.0
F0599,0.0925925925925925,0.1818181818181817,0.0909090909090909,0.5396825396825398,0.3611111111111111,0.2888888888888888,0.0,0.3888888888888888,0.0,0.0,0.2857142857142856,0.3611111111111111,0.0,0.0,0.0,0.0,0.0,0.0,0.0,0.0,0.0,0.0,0.4444444444444444,0.6608187134502923,0.0,0.0,0.0,0.2093023255813953,0.0344827586206896
F0600,0.2962962962962963,0.3636363636363636,0.0909090909090909,0.425,0.56875,0.2599999999999999,0.46875,0.35,0.1125,0.0,0.1285714285714285,0.0,0.0,0.2166666666666666,0.0,0.0,0.0,0.0,0.0,0.0,0.0,0.0,0.1,0.9236842105263156,0.0,0.0,0.0,0.4651162790697674,0.0689655172413793
F0601,0.1481481481481481,0.2727272727272727,0.1818181818181818,0.6071428571428572,0.5416666666666666,0.0,0.0,0.0,0.375,0.0,0.2142857142857142,0.2708333333333333,0.3541666666666666,0.0,0.0,0.0,0.0,0.4666666666666666,0.0,0.0,0.0,0.0,0.3333333333333332,0.7456140350877194,0.0,0.0,0.0,0.2790697674418604,0.1379310344827586
F0602,0.2592592592592592,0.3636363636363636,0.2727272727272727,0.3373015873015873,0.6319444444444444,0.4333333333333332,0.3125,0.3888888888888888,0.125,0.1111111111111111,0.0,0.0,0.0,0.0,0.3148148148148147,0.0,0.0,0.0,0.0,0.0,0.0,0.0,0.111111111111111,0.4064327485380117,0.6944444444444444,0.1728395061728393,0.0,0.3255813953488372,0.0
F0603,0.2407407407407407,0.5454545454545455,0.2727272727272727,0.5714285714285715,0.573529411764706,0.1529411764705882,0.4411764705882353,0.2058823529411764,0.0,0.2352941176470588,0.3025210084033613,0.3823529411764705,0.25,0.0,0.0,0.0,0.0,0.3294117647058823,0.0,0.0,0.0,0.0,0.2352941176470588,0.8204334365325077,0.0,0.0,0.0,0.3255813953488372,0.0344827586206896
F0604,0.2592592592592592,0.2727272727272727,0.0,0.5396825396825398,0.3611111111111111,0.0,0.2083333333333333,0.1944444444444444,0.0,0.1111111111111111,1.0,0.5416666666666666,0.0,0.0,0.0,0.0,0.0,0.0,0.0,0.0,0.0,0.0,0.111111111111111,0.9152046783625732,0.0,0.0,0.0,0.3023255813953489,0.0344827586206896
F0605,0.4814814814814815,1.0,0.4545454545454546,0.6071428571428572,0.2708333333333333,0.0866666666666666,0.125,0.2333333333333333,0.075,0.2,0.5142857142857142,0.4333333333333333,0.1416666666666666,0.0,0.3777777777777777,0.0,0.0,0.1866666666666666,0.1833333333333333,0.0,0.2777777777777778,0.2666666666666664,0.4666666666666666,0.5421052631578946,0.0,0.1037037037037036,0.0526315789473684,0.2558139534883721,0.1379310344827586
F0606,0.3148148148148147,0.5454545454545455,0.1818181818181818,0.4047619047619047,0.6190476190476191,0.2476190476190475,0.0892857142857142,0.3333333333333333,0.2142857142857142,0.2857142857142857,0.2448979591836734,0.3095238095238095,0.2023809523809523,0.0,0.0,0.0,0.0,0.0,0.0,0.0,0.0,0.0,0.0952380952380952,0.7819548872180451,0.0,0.2962962962962962,0.0526315789473684,0.3488372093023256,0.0
F0607,0.2777777777777778,0.4545454545454546,0.1818181818181818,0.5112781954887218,0.513157894736842,0.2736842105263157,0.4934210526315789,0.3684210526315789,0.1184210526315789,0.1052631578947368,0.0,0.1710526315789473,0.2236842105263157,0.0,0.0,0.0,0.0,0.0,0.0,0.0,0.0,0.0,0.1052631578947368,0.5180055401662049,0.6578947368421052,0.0,0.0526315789473684,0.3488372093023256,0.0
F0608,0.1666666666666666,0.0,0.0,0.7472527472527474,0.75,0.0,0.2884615384615385,0.0,0.0,0.0,0.0,0.25,0.0,0.0,0.0,0.0,0.0,0.0,0.0,0.0,0.0,0.0,0.0,1.0,0.0,0.0,0.0,0.3023255813953489,0.0689655172413793
F0609,0.2592592592592592,0.5454545454545455,0.3636363636363636,0.4722222222222222,0.2708333333333333,0.2888888888888888,0.0,0.1944444444444444,0.125,0.1111111111111111,0.1428571428571428,0.1805555555555555,0.2361111111111111,0.0,0.0,0.0,0.0,0.311111111111111,0.0,0.0,0.0,0.0,0.4444444444444444,0.4064327485380117,0.0,0.5185185185185184,0.0,0.3255813953488372,0.0344827586206896
F0610,0.6481481481481481,0.9090909090909092,0.9090909090909092,0.4981684981684982,0.2916666666666667,0.3333333333333332,0.0961538461538461,0.2692307692307693,0.0576923076923076,0.1538461538461538,0.1318681318681318,0.0833333333333333,0.3269230769230769,0.1111111111111111,0.4358974358974359,0.1282051282051282,0.0,0.0,0.0,0.0,0.2136752136752137,0.2051282051282048,0.564102564102564,0.2172739541160592,0.064102564102564,0.5584045584045585,0.0,0.1860465116279069,0.0344827586206896
F0611,0.3888888888888888,0.7272727272727272,0.3636363636363636,0.3885714285714286,0.26,0.3119999999999999,0.15,0.28,0.36,0.24,0.1028571428571428,0.13,0.17,0.0,0.0,0.2,0.0,0.2239999999999999,0.0,0.0,0.0,0.0,0.4,0.3894736842105262,0.1,0.4977777777777779,0.0,0.2093023255813953,0.0689655172413793
F0612,0.4259259259259259,0.4545454545454546,0.0909090909090909,0.4947089947089947,0.3611111111111111,0.1925925925925925,0.2777777777777778,0.1296296296296296,0.1666666666666666,0.0,0.3809523809523809,0.1203703703703703,0.0,0.3209876543209876,0.0,0.0,0.0,0.0,0.0,0.0,0.0,0.0,0.2222222222222222,0.6608187134502923,0.0925925925925925,0.2304526748971191,0.0,0.627906976744186,0.2758620689655172
F0613,0.4444444444444444,0.5454545454545455,0.1818181818181818,0.3903061224489796,0.3482142857142857,0.4642857142857142,0.1339285714285714,0.25,0.0,0.0714285714285714,0.2755102040816326,0.0,0.0,0.3095238095238095,0.0,0.1785714285714285,0.1904761904761904,0.0,0.0,0.0,0.0,0.0,0.2142857142857142,0.5639097744360901,0.1785714285714285,0.3333333333333332,0.0526315789473684,0.2790697674418604,0.0
F0614,0.3148148148148147,0.3636363636363636,0.0,0.4047619047619047,0.6190476190476191,0.2476190476190475,0.0892857142857142,0.3333333333333333,0.2142857142857142,0.0,0.1224489795918367,0.1547619047619047,0.0,0.0,0.0,0.0,0.0,0.0,0.0,0.0,0.0,0.0,0.0952380952380952,0.6365914786967417,0.119047619047619,0.4444444444444443,0.0,0.4883720930232558,0.0344827586206896
F0615,0.2222222222222222,0.0909090909090909,0.0909090909090909,0.4553571428571429,0.5078125,0.3249999999999999,0.1171875,0.4375,0.0,0.0,0.0,0.0,0.0,0.0,0.0,0.0,0.0,0.0,0.0,0.0,0.0,0.0,0.25,0.618421052631579,0.15625,0.1944444444444444,0.0,0.3720930232558139,0.0
F0616,0.4444444444444444,0.8181818181818182,0.4545454545454546,0.4336734693877551,0.3482142857142857,0.1857142857142856,0.1339285714285714,0.25,0.1607142857142857,0.2857142857142857,0.2755102040816326,0.1160714285714285,0.1517857142857142,0.0,0.0,0.0,0.1904761904761904,0.3999999999999999,0.0,0.4285714285714285,0.0,0.2857142857142856,0.1428571428571428,0.6729323308270676,0.0,0.3333333333333332,0.0,0.3023255813953489,0.0
F0617,0.3888888888888888,0.7272727272727272,0.3636363636363636,0.3885714285714286,0.26,0.2079999999999999,0.3,0.28,0.36,0.24,0.1028571428571428,0.13,0.17,0.0,0.0,0.2,0.0,0.2239999999999999,0.0,0.0,0.0,0.0,0.4,0.3894736842105262,0.3,0.2488888888888889,0.0,0.3488372093023256,0.0689655172413793
F0618,0.5,0.5454545454545455,0.0909090909090909,0.4308755760368664,0.3669354838709677,0.1677419354838709,0.4838709677419355,0.2258064516129032,0.3629032258064516,0.0,0.3317972350230414,0.1048387096774193,0.0,0.2795698924731182,0.0,0.1612903225806451,0.0,0.0,0.0,0.0,0.0,0.0,0.1935483870967742,0.5076400679117146,0.4032258064516127,0.200716845878136,0.0,0.7209302325581395,0.2758620689655172
F0619,0.2592592592592592,0.5454545454545455,0.1818181818181818,0.4047619047619047,0.3611111111111111,0.1444444444444444,0.4166666666666666,0.1944444444444444,0.5,0.3333333333333333,0.5714285714285713,0.3611111111111111,0.2361111111111111,0.0,0.0,0.0,0.0,0.0,0.0,0.0,0.0,0.0,0.2222222222222222,0.7456140350877194,0.1388888888888887,0.0,0.0,0.1627906976744186,0.0344827586206896
F0620,0.3888888888888888,0.1818181818181817,0.6363636363636364,0.4857142857142857,0.195,0.6239999999999999,0.15,0.42,0.0,0.0,0.0,0.0,0.0,0.0,0.6799999999999999,0.0,0.0,0.0,0.0,0.0,0.0,0.0,0.56,0.3284210526315789,0.2,0.2488888888888889,0.0526315789473684,0.5813953488372092,0.0
F0621,0.3888888888888888,0.3636363636363636,0.3636363636363636,0.6800000000000002,0.195,0.4159999999999999,0.2249999999999999,0.56,0.09,0.08,0.0,0.0,0.17,0.0,0.0,0.0,0.0,0.0,0.0,0.0,0.0,0.0,0.72,0.3894736842105262,0.0,0.1244444444444444,0.0,0.5581395348837209,0.0344827586206896
F0622,0.3333333333333333,0.1818181818181817,0.3636363636363636,0.6071428571428572,0.221590909090909,0.5909090909090908,0.0852272727272727,0.4772727272727272,0.0,0.0,0.1168831168831168,0.0,0.0,0.0,0.0,0.0,0.0,0.0,0.0,0.0,0.0,0.0,0.4545454545454544,0.5143540669856459,0.0,0.2828282828282828,0.0526315789473684,0.5116279069767441,0.0
F0623,0.7222222222222222,0.5454545454545455,0.6363636363636364,0.6777408637873755,0.2645348837209302,0.3023255813953488,0.1744186046511628,0.3255813953488372,0.0,0.0,0.0598006644518272,0.0755813953488372,0.1976744186046511,0.0,0.1317829457364341,0.0,0.0,0.1302325581395348,0.0,0.0,0.0,0.0,0.5581395348837208,0.5030599755201959,0.0,0.1447028423772608,0.0,1.0,0.1379310344827586
F0624,0.1851851851851851,0.1818181818181817,0.0909090909090909,0.2602040816326531,0.6964285714285714,0.3714285714285713,0.0,0.75,0.3214285714285714,0.0,0.0,0.0,0.0,0.3095238095238095,0.0,0.0,0.0,0.0,0.0,0.0,0.0,0.0,0.0,1.0,0.0,0.0,0.0,0.3255813953488372,0.0344827586206896
F0625,0.0555555555555555,0.0909090909090909,0.0,0.6938775510204082,0.4642857142857142,0.0,0.5357142857142857,1.0,0.0,0.0,0.3673469387755101,0.0,0.0,0.0,0.0,0.0,0.0,0.0,0.0,0.0,0.0,0.0,0.2857142857142856,0.7819548872180451,0.0,0.0,0.0,0.1627906976744186,0.0
F0626,0.4444444444444444,0.6363636363636364,0.2727272727272727,0.2602040816326531,0.2901785714285714,0.3714285714285713,0.5357142857142857,0.375,0.3214285714285714,0.0714285714285714,0.0918367346938775,0.1160714285714285,0.0,0.0,0.2023809523809523,0.1785714285714285,0.0,0.0,0.0,0.0,0.0,0.0,0.357142857142857,0.4003759398496239,0.2678571428571427,0.3333333333333332,0.0526315789473684,0.4418604651162791,0.0
F0627,0.1851851851851851,0.3636363636363636,0.0909090909090909,0.173469387755102,0.1160714285714285,0.0,0.1339285714285714,0.75,0.4821428571428571,0.4285714285714285,0.0,0.2321428571428571,0.3035714285714285,0.0,0.0,0.0,0.0,0.0,0.0,0.0,0.0,0.5714285714285712,0.0,0.5639097744360901,0.0,0.6666666666666665,0.4210526315789473,0.0232558139534883,0.4137931034482758
F0628,0.5925925925925926,0.6363636363636364,0.5454545454545454,0.5396825396825398,0.4965277777777778,0.3611111111111111,0.1041666666666666,0.1944444444444444,0.1875,0.2222222222222222,0.1428571428571428,0.1805555555555555,0.1180555555555555,0.0,0.1574074074074073,0.0,0.0,0.0,0.0,0.0,0.0,0.0,0.4444444444444444,0.618421052631579,0.0,0.0864197530864195,0.0,0.3023255813953489,0.0689655172413793
F0629,0.2962962962962963,0.4545454545454546,0.1818181818181818,0.425,0.325,0.3899999999999999,0.09375,0.7000000000000001,0.0,0.1,0.1285714285714285,0.1625,0.0,0.0,0.0,0.0,0.0,0.2799999999999999,0.0,0.0,0.0,0.0,0.4,0.618421052631579,0.125,0.0,0.0526315789473684,0.4186046511627907,0.0
F0630,0.4814814814814815,0.2727272727272727,0.2727272727272727,0.6476190476190476,0.4333333333333333,0.1733333333333333,0.125,0.2333333333333333,0.0,0.0,0.0,0.0,0.1416666666666666,0.0,0.0,0.1666666666666666,0.0,0.0,0.0,0.0,0.0,0.0,0.5333333333333332,0.4403508771929824,0.0,0.3111111111111111,0.0,0.6976744186046511,0.1034482758620689
F0631,0.3888888888888888,0.5454545454545455,0.3636363636363636,0.4371428571428571,0.26,0.3119999999999999,0.2249999999999999,0.42,0.09,0.08,0.2057142857142857,0.26,0.0,0.0,0.4533333333333333,0.0,0.0,0.0,0.0,0.0,0.0,0.0,0.32,0.5115789473684211,0.2,0.2488888888888889,0.0526315789473684,0.3488372093023256,0.0
F0632,0.2592592592592592,0.0909090909090909,0.0909090909090909,0.3373015873015873,0.6319444444444444,0.2888888888888888,0.0,0.5833333333333333,0.25,0.0,0.0,0.0,0.0,0.0,0.0,0.0,0.0,0.0,0.0,0.0,0.0,0.0,0.2222222222222222,0.7456140350877194,0.0,0.1728395061728393,0.0,0.4186046511627907,0.0689655172413793
F0633,0.1666666666666666,0.1818181818181817,0.0,0.3736263736263737,0.625,0.1999999999999999,0.1442307692307692,0.2692307692307693,0.0,0.0,0.5934065934065934,0.0,0.0,0.0,0.0,0.0,0.0,0.0,0.0,0.0,0.0,0.0,0.0,1.0,0.0,0.0,0.0,0.3023255813953489,0.0689655172413793
F0634,0.2037037037037037,0.5454545454545455,0.0,0.4047619047619047,0.4333333333333333,0.1733333333333333,0.375,0.7000000000000001,0.3,0.1333333333333333,0.1714285714285714,0.2166666666666666,0.0,0.0,0.0,0.3333333333333333,0.0,0.0,0.0,0.0,0.0,0.0,0.0,0.7964912280701755,0.1666666666666665,0.2074074074074072,0.0,0.2093023255813953,0.0344827586206896
F0635,0.7037037037037036,0.5454545454545455,0.4545454545454546,0.6360544217687076,0.2708333333333333,0.2476190476190475,0.1339285714285714,0.4166666666666666,0.0535714285714285,0.0476190476190476,0.0,0.0,0.2023809523809523,0.1031746031746031,0.0,0.0,0.0,0.0,0.0,0.0,0.0,0.0,0.5714285714285714,0.4548872180451128,0.0,0.2222222222222221,0.0,0.9069767441860463,0.0689655172413793
F0636,0.2777777777777778,0.4545454545454546,0.3636363636363636,0.5112781954887218,0.4276315789473684,0.5473684210526315,0.0,0.5526315789473684,0.0,0.1052631578947368,0.1353383458646616,0.1710526315789473,0.2236842105263157,0.0,0.2982456140350876,0.0,0.0,0.0,0.0,0.0,0.0,0.0,0.4210526315789472,0.598337950138504,0.0,0.1637426900584795,0.0526315789473684,0.4186046511627907,0.0
F0637,0.2407407407407407,0.3636363636363636,0.3636363636363636,0.5,0.286764705882353,0.4588235294117647,0.0,0.2058823529411764,0.1323529411764706,0.2352941176470588,0.1512605042016806,0.0,0.0,0.0,1.0,0.0,0.0,0.0,0.0,0.0,0.0,0.0,0.4705882352941176,0.6408668730650153,0.0,0.0,0.0526315789473684,0.1627906976744186,0.1034482758620689
F0638,0.2037037037037037,0.1818181818181817,0.1818181818181818,0.3238095238095238,0.5416666666666666,0.5199999999999999,0.125,0.7000000000000001,0.15,0.0,0.0,0.0,0.0,0.0,0.0,0.0,0.0,0.0,0.0,0.0,0.0,0.0,0.2666666666666666,0.7964912280701755,0.0,0.0,0.0,0.3488372093023256,0.0344827586206896
F0639,0.4814814814814815,0.5454545454545455,0.5454545454545454,0.4047619047619047,0.4875,0.2599999999999999,0.0,0.2333333333333333,0.075,0.0666666666666666,0.0857142857142857,0.1083333333333333,0.2833333333333333,0.0,0.1888888888888888,0.0,0.0,0.0,0.0,0.0,0.0,0.0,0.3333333333333332,0.643859649122807,0.0,0.2074074074074072,0.0526315789473684,0.6744186046511628,0.0
F0640,0.3333333333333333,0.4545454545454546,0.4545454545454546,0.551948051948052,0.2954545454545454,0.5909090909090908,0.0852272727272727,0.4772727272727272,0.1022727272727272,0.0909090909090909,0.1168831168831168,0.0,0.1931818181818181,0.0,0.0,0.0,0.0,0.0,0.0,0.0,0.0,0.3636363636363632,0.5454545454545454,0.3755980861244019,0.0,0.2828282828282828,0.0,0.3255813953488372,0.0689655172413793
F0641,0.3703703703703703,0.6363636363636364,0.3636363636363636,0.7083333333333335,0.4739583333333333,0.2166666666666666,0.3125,0.2916666666666666,0.09375,0.0833333333333333,0.1071428571428571,0.1354166666666666,0.1770833333333333,0.0,0.236111111111111,0.0,0.0,0.0,0.0,0.0,0.0,0.0,0.4166666666666666,0.618421052631579,0.1041666666666665,0.0,0.0,0.5116279069767441,0.1034482758620689
F0642,0.4814814814814815,1.0,0.3636363636363636,0.2023809523809523,0.1625,0.0866666666666666,0.25,0.5833333333333333,0.525,0.4,0.3428571428571428,0.325,0.1416666666666666,0.0,0.3777777777777777,0.1666666666666666,0.1777777777777777,0.0,0.1833333333333333,0.0,0.2777777777777778,0.2666666666666664,0.3333333333333332,0.4912280701754385,0.1666666666666665,0.2074074074074072,0.1578947368421052,0.0232558139534883,0.0689655172413793
F0643,0.2407407407407407,0.4545454545454546,0.1818181818181818,0.4285714285714286,0.4779411764705882,0.4588235294117647,0.1102941176470588,0.6176470588235294,0.3970588235294118,0.1176470588235294,0.1512605042016806,0.1911764705882352,0.0,0.0,0.0,0.0,0.0,0.0,0.0,0.0,0.0,0.0,0.1176470588235294,0.9102167182662536,0.0,0.0,0.0,0.2325581395348837,0.1034482758620689
F0644,0.2407407407407407,0.4545454545454546,0.1818181818181818,0.5714285714285715,0.4779411764705882,0.3058823529411764,0.1102941176470588,0.6176470588235294,0.1323529411764706,0.0,0.1512605042016806,0.1911764705882352,0.0,0.0,0.3333333333333333,0.0,0.0,0.0,0.0,0.0,0.0,0.0,0.1176470588235294,0.7306501547987616,0.1470588235294117,0.1830065359477124,0.0,0.3953488372093023,0.0344827586206896
F0645,0.4444444444444444,0.1818181818181817,0.2727272727272727,0.7372448979591837,0.40625,0.3714285714285713,0.2008928571428571,0.375,0.1607142857142857,0.0,0.0,0.0,0.0,0.0,0.0,0.0,0.0,0.0,0.0,0.0,0.0,0.0,0.6428571428571428,0.4548872180451128,0.0,0.111111111111111,0.0526315789473684,0.6511627906976744,0.0
